applicant_id,age,job_tenure,income,requested_amount,dti,revolving_util,delinquency_2y,bureau_inquiries,default
PROP-000001,41,6.3,2682.03,5373.54,13.1,69.3,1,2,0
PROP-000002,25,1.0,6448.43,10640.57,29.3,56.4,1,1,0
PROP-000003,47,2.5,16863.23,24867.42,6.5,49.8,0,4,0
PROP-000004,49,4.3,9028.4,4838.75,6.4,9.6,0,0,0
PROP-000005,18,0.1,6928.99,16773.56,31.8,9.0,0,1,0
PROP-000006,22,2.8,1462.67,2138.55,26.3,46.9,1,2,0
PROP-000007,39,13.3,7422.78,22881.89,49.2,33.0,0,5,0
PROP-000008,34,1.2,5858.31,10728.25,20.2,26.9,0,0,0
PROP-000009,37,7.1,2727.27,5792.6,16.4,9.4,0,1,0
PROP-000010,27,0.1,3661.64,12802.45,29.9,34.5,0,2,0
PROP-000011,48,3.0,4217.83,11754.71,51.0,12.2,2,1,0
PROP-000012,47,3.0,6133.79,21002.5,57.5,48.7,0,5,0
PROP-000013,38,3.2,1871.03,5665.41,43.5,21.6,0,0,0
PROP-000014,51,5.1,4589.12,2514.17,40.2,33.5,0,2,0
PROP-000015,43,2.3,11264.8,18662.28,25.6,38.9,0,2,0
PROP-000016,27,3.1,6125.4,9237.98,33.1,27.3,0,2,0
PROP-000017,42,2.0,2332.07,7386.79,46.6,34.1,0,1,0
PROP-000018,26,3.6,5230.86,8020.41,43.3,22.3,0,2,1
PROP-000019,48,4.9,5942.24,17678.03,19.0,38.0,0,2,0
PROP-000020,37,6.0,1412.0,3467.88,10.5,34.8,0,3,0
PROP-000021,35,2.2,5341.44,6437.03,8.0,37.6,0,0,0
PROP-000022,29,4.0,4488.13,9288.05,25.4,77.1,2,5,0
PROP-000023,52,5.4,1734.36,3401.87,12.9,76.7,0,4,0
PROP-000024,36,12.6,14016.17,10006.49,17.9,34.7,0,2,0
PROP-000025,32,5.8,5357.43,11605.34,29.6,24.2,0,2,0
PROP-000026,33,5.5,3929.65,8028.67,52.5,28.8,0,4,0
PROP-000027,44,5.0,2653.45,8869.53,19.4,12.5,0,2,1
PROP-000028,42,5.7,4752.95,4229.75,8.9,80.7,1,1,0
PROP-000029,42,3.1,5716.8,10875.61,41.5,69.1,2,2,1
PROP-000030,43,12.5,9869.5,6141.96,11.6,54.5,0,3,0
PROP-000031,63,7.1,4147.55,12513.32,8.3,31.9,0,2,0
PROP-000032,33,2.7,1977.86,2777.16,33.7,22.4,0,3,0
PROP-000033,31,5.5,4240.68,12489.94,46.4,82.6,3,3,1
PROP-000034,28,7.0,4219.46,3632.08,16.6,75.2,2,5,0
PROP-000035,45,1.3,11901.63,19929.38,41.4,48.1,1,1,0
PROP-000036,51,2.1,5291.22,10426.75,43.8,62.7,2,2,0
PROP-000037,36,0.1,5594.98,17525.24,29.2,15.7,0,1,1
PROP-000038,27,3.0,3198.38,10416.82,59.8,65.3,2,6,1
PROP-000039,28,2.2,5495.63,16015.92,66.6,30.2,1,4,1
PROP-000040,45,1.7,2686.08,1829.94,36.6,37.7,1,2,0
PROP-000041,46,8.9,4906.2,16386.28,4.4,25.0,0,3,0
PROP-000042,44,3.7,7157.54,21656.97,36.4,42.0,0,2,1
PROP-000043,30,5.1,4411.31,13632.97,68.0,21.1,2,2,0
PROP-000044,40,0.1,8619.59,23857.75,53.2,45.5,1,1,1
PROP-000045,39,2.5,10247.22,14907.21,46.1,44.9,1,0,0
PROP-000046,40,2.1,8793.11,30625.27,19.7,55.3,2,3,1
PROP-000047,48,3.6,4614.09,14475.85,50.9,54.6,2,1,0
PROP-000048,40,7.3,2540.95,7529.43,17.4,35.5,0,2,0
PROP-000049,46,0.3,2447.05,3118.5,20.2,6.8,0,2,0
PROP-000050,38,1.9,6161.78,21017.93,31.4,40.6,0,2,0
PROP-000051,41,2.9,5223.07,15367.77,29.7,41.9,0,3,0
PROP-000052,45,0.7,4294.33,9065.19,33.3,56.4,1,2,1
PROP-000053,20,0.5,3234.51,7830.33,41.1,33.2,0,3,1
PROP-000054,34,0.1,4481.4,14374.85,7.4,34.0,0,4,0
PROP-000055,32,1.6,1944.91,4607.35,38.7,72.8,1,0,1
PROP-000056,30,1.6,3022.06,5378.99,46.1,1.8,2,2,1
PROP-000057,34,6.0,3938.04,3297.47,25.1,11.4,1,1,0
PROP-000058,55,0.8,6772.1,16787.35,22.4,35.2,0,2,0
PROP-000059,27,4.4,7978.32,14621.82,7.8,26.3,0,2,1
PROP-000060,49,5.9,1412.0,1718.7,30.2,17.8,0,2,0
PROP-000061,18,0.1,1713.89,3378.81,10.2,20.8,0,2,1
PROP-000062,33,1.7,6830.72,21751.93,12.3,31.9,0,2,0
PROP-000063,39,3.4,4730.33,5199.9,33.3,11.7,0,3,0
PROP-000064,45,1.5,6483.06,20653.14,11.2,7.4,0,0,1
PROP-000065,46,2.8,3061.53,8902.07,12.4,38.0,2,1,0
PROP-000066,47,2.0,3165.51,5913.28,30.3,15.8,0,1,0
PROP-000067,33,0.1,2857.81,4547.01,46.7,28.5,0,2,0
PROP-000068,32,0.9,1412.0,1592.85,59.1,10.6,1,1,0
PROP-000069,48,3.0,2271.12,2963.86,39.4,35.1,1,0,0
PROP-000070,35,3.9,2343.99,3181.08,38.7,17.9,1,3,0
PROP-000071,22,2.8,2550.19,5056.88,14.7,35.5,0,2,0
PROP-000072,24,3.0,2480.54,6594.32,11.7,47.9,0,2,0
PROP-000073,26,5.4,2562.2,7482.83,15.1,15.8,4,1,0
PROP-000074,43,4.2,3859.02,6852.61,7.2,20.5,2,0,0
PROP-000075,39,2.9,6187.19,14118.38,24.5,18.3,3,0,0
PROP-000076,46,1.9,1412.0,1531.31,14.2,31.8,1,1,0
PROP-000077,32,5.9,2529.51,4590.75,65.7,28.3,2,4,1
PROP-000078,39,0.6,2586.2,7459.27,35.2,70.9,1,2,1
PROP-000079,45,5.9,1772.6,4626.28,13.4,69.7,2,2,0
PROP-000080,34,0.1,8641.37,12585.85,42.1,31.5,0,0,0
PROP-000081,43,9.6,2283.03,4311.55,29.3,29.9,0,2,0
PROP-000082,30,8.4,5695.77,7049.44,31.8,43.4,0,1,0
PROP-000083,33,0.1,2764.36,7323.01,25.4,12.1,0,0,0
PROP-000084,33,5.9,9500.23,12000.69,51.2,36.5,2,2,1
PROP-000085,23,1.8,2670.79,2553.39,41.1,43.3,0,1,1
PROP-000086,43,10.1,2558.74,1882.64,42.8,75.5,3,1,1
PROP-000087,32,4.5,3977.3,7896.64,49.7,46.6,2,4,1
PROP-000088,38,3.0,10915.01,21680.9,25.7,20.0,0,2,0
PROP-000089,43,8.2,5960.97,4732.19,11.2,52.1,1,1,0
PROP-000090,43,9.4,2978.21,4861.74,48.6,37.2,1,5,0
PROP-000091,45,0.5,4933.7,12122.2,19.2,13.4,2,1,1
PROP-000092,36,10.0,3141.07,9225.42,31.9,61.8,3,2,1
PROP-000093,32,1.3,10803.11,10981.36,5.6,20.2,1,1,0
PROP-000094,37,8.4,7076.95,8613.61,51.0,58.0,1,1,0
PROP-000095,18,0.1,4338.19,10932.71,24.3,41.1,3,2,0
PROP-000096,20,1.4,4972.71,10574.36,30.9,62.9,0,4,0
PROP-000097,22,1.8,3029.67,4681.23,29.4,75.2,2,5,0
PROP-000098,26,1.6,4442.34,5493.33,46.3,40.0,3,1,0
PROP-000099,42,2.4,6276.58,19011.93,16.7,39.7,0,1,0
PROP-000100,27,1.1,7560.8,13236.19,8.3,20.5,0,3,0
PROP-000101,33,10.5,3434.07,9537.1,19.3,44.0,0,4,0
PROP-000102,53,0.5,1412.0,2174.74,24.9,67.5,3,3,0
PROP-000103,33,3.6,6738.22,15938.48,17.9,60.5,0,4,0
PROP-000104,46,1.2,3047.26,6934.71,48.1,25.8,1,1,0
PROP-000105,26,4.4,7360.15,8480.85,12.9,31.4,0,3,0
PROP-000106,35,11.9,1779.94,5462.37,11.2,20.5,0,3,0
PROP-000107,26,5.6,5394.51,11711.83,14.1,34.3,2,1,0
PROP-000108,33,0.6,3926.67,12793.69,20.7,31.8,2,1,0
PROP-000109,48,10.6,3396.33,10067.68,12.1,24.0,2,2,0
PROP-000110,18,0.1,10621.95,12233.72,25.7,51.3,2,3,1
PROP-000111,43,17.5,2869.37,2594.52,20.9,58.2,0,1,0
PROP-000112,40,10.8,10046.84,30855.47,31.4,24.0,0,0,0
PROP-000113,30,6.0,16369.28,47557.02,28.2,75.2,0,1,0
PROP-000114,20,1.4,2085.29,3710.03,31.1,26.5,1,2,1
PROP-000115,38,5.1,2572.5,4870.23,24.3,71.8,0,0,0
PROP-000116,31,1.0,4033.36,5084.36,28.1,37.6,0,4,0
PROP-000117,40,6.7,3881.74,10280.9,46.5,67.2,1,1,0
PROP-000118,38,0.8,8627.09,16567.02,26.8,72.3,2,2,1
PROP-000119,57,3.1,8614.61,19926.15,39.0,8.7,0,5,1
PROP-000120,35,1.0,3311.68,4493.42,27.6,52.0,0,3,1
PROP-000121,25,4.9,2776.48,8282.35,8.8,34.2,1,1,0
PROP-000122,40,2.9,3645.4,3531.15,22.6,50.1,2,2,0
PROP-000123,40,8.4,5066.64,12781.76,30.7,77.7,1,5,1
PROP-000124,54,2.4,2233.45,1926.54,34.4,63.3,2,4,1
PROP-000125,48,0.3,2089.02,6559.94,15.6,42.1,0,1,0
PROP-000126,42,0.5,2830.06,8174.47,62.9,13.5,0,1,0
PROP-000127,55,9.1,3380.43,4317.3,11.1,19.6,5,4,0
PROP-000128,23,1.3,3553.54,4478.33,14.9,41.6,3,3,1
PROP-000129,30,1.4,1412.0,3165.7,16.3,68.2,1,1,1
PROP-000130,26,5.6,3439.15,3991.64,12.4,37.4,0,2,0
PROP-000131,33,3.1,2029.52,5950.69,59.0,28.2,2,3,0
PROP-000132,21,2.1,4628.02,12599.28,55.6,55.1,0,4,0
PROP-000133,45,2.0,2082.32,2318.44,9.2,20.0,2,3,0
PROP-000134,35,6.8,5400.12,15369.46,50.0,33.5,0,0,0
PROP-000135,20,1.4,4004.91,8153.85,32.0,25.0,1,2,1
PROP-000136,25,4.9,10427.84,18519.62,12.9,66.8,0,1,0
PROP-000137,41,0.8,5272.14,3446.31,17.9,79.1,1,2,1
PROP-000138,48,3.9,3950.49,4494.32,21.0,48.9,0,3,0
PROP-000139,61,8.5,4298.99,4066.73,29.9,58.4,0,2,0
PROP-000140,72,7.7,4581.97,10251.22,21.7,66.8,3,4,0
PROP-000141,42,0.1,3108.13,6693.03,27.4,58.2,0,2,0
PROP-000142,26,1.3,3810.34,9347.51,12.8,48.3,0,3,0
PROP-000143,18,0.1,3271.78,2375.21,71.0,30.6,2,3,0
PROP-000144,41,5.8,3580.49,4246.51,28.5,86.2,0,3,0
PROP-000145,28,3.4,3371.79,5773.0,21.8,34.1,1,2,0
PROP-000146,33,0.2,3553.1,11618.72,47.8,43.0,2,3,1
PROP-000147,30,3.2,4318.2,4849.91,63.9,56.5,3,2,1
PROP-000148,36,1.0,6187.64,9413.82,27.3,35.9,0,3,0
PROP-000149,50,1.2,7691.76,17850.96,38.4,27.3,3,4,1
PROP-000150,39,2.6,3043.33,2720.04,38.4,41.3,0,0,0
PROP-000151,36,4.0,1898.81,5773.06,41.0,36.4,2,4,1
PROP-000152,25,4.9,7088.7,19423.15,9.0,26.9,0,0,0
PROP-000153,18,0.1,16192.02,16196.63,33.9,88.5,2,3,1
PROP-000154,32,0.7,6081.73,18032.36,29.7,74.0,0,2,1
PROP-000155,37,0.6,3625.17,5199.68,45.2,40.5,3,2,0
PROP-000156,59,0.7,5063.99,5927.72,58.0,1.1,1,2,0
PROP-000157,39,2.4,4862.31,2500.55,27.9,25.3,0,1,0
PROP-000158,49,0.2,4330.22,3649.47,30.9,17.8,0,1,0
PROP-000159,32,9.8,2584.08,2007.37,49.9,34.3,0,3,0
PROP-000160,23,0.9,8014.95,4076.49,17.1,27.8,0,2,0
PROP-000161,26,3.1,2753.1,3763.16,15.3,25.9,2,4,0
PROP-000162,29,5.0,7887.98,12138.13,26.4,11.3,0,3,0
PROP-000163,63,14.4,6126.57,16268.25,47.5,21.3,1,4,0
PROP-000164,28,0.3,10368.69,31960.37,65.6,47.6,2,4,0
PROP-000165,48,2.2,6824.26,5117.64,25.8,31.6,0,4,0
PROP-000166,27,1.9,1412.0,2897.73,17.0,11.9,0,0,0
PROP-000167,49,7.1,1903.08,3881.97,20.1,42.1,0,2,0
PROP-000168,42,1.4,4606.08,2509.19,35.0,24.3,0,0,0
PROP-000169,36,2.0,12113.78,34700.36,17.7,72.7,2,1,0
PROP-000170,37,0.7,3492.02,5144.55,57.5,45.5,2,7,1
PROP-000171,30,0.7,1941.19,2195.11,23.3,29.7,1,1,0
PROP-000172,43,0.2,7138.67,23040.21,28.0,47.7,0,1,0
PROP-000173,32,6.0,11807.8,38853.11,29.8,41.1,1,4,0
PROP-000174,23,3.5,2749.14,6880.53,55.1,34.9,2,1,0
PROP-000175,22,0.8,3221.7,10084.46,16.8,44.4,0,3,0
PROP-000176,40,5.3,11818.81,29866.48,56.7,66.1,0,2,0
PROP-000177,56,2.6,2059.03,4585.26,22.8,24.7,0,2,0
PROP-000178,39,2.7,2335.42,7672.21,33.7,41.0,0,1,0
PROP-000179,36,5.9,2314.8,3575.67,54.9,38.3,0,1,0
PROP-000180,41,2.1,4901.64,6651.68,32.7,25.3,0,2,0
PROP-000181,53,3.6,3736.82,2514.45,42.0,46.6,7,0,1
PROP-000182,40,5.8,3087.52,10187.71,17.6,28.9,1,1,0
PROP-000183,33,1.4,7496.0,7500.55,7.9,43.5,1,0,0
PROP-000184,51,8.6,7253.94,7072.4,7.7,67.2,0,0,0
PROP-000185,43,10.2,10561.1,6514.79,4.1,65.7,0,1,0
PROP-000186,56,8.7,4590.71,9927.15,23.8,76.3,0,5,0
PROP-000187,40,0.1,7048.87,7652.73,10.4,45.6,1,2,0
PROP-000188,23,1.7,2231.67,3353.58,26.5,49.5,3,1,0
PROP-000189,21,2.1,6832.08,15912.63,42.7,43.2,0,2,1
PROP-000190,57,2.3,7035.2,12270.43,10.8,10.9,0,0,0
PROP-000191,58,0.3,2758.69,4434.93,46.6,15.4,0,3,0
PROP-000192,35,4.7,6371.13,3790.67,21.9,52.3,1,2,1
PROP-000193,33,3.1,5133.24,15583.08,17.4,25.3,0,0,0
PROP-000194,55,1.2,5851.59,17441.79,11.8,41.1,2,1,0
PROP-000195,24,0.5,7836.94,26080.91,17.9,35.3,3,2,0
PROP-000196,27,1.9,4930.76,7312.09,6.0,32.9,0,0,0
PROP-000197,45,4.7,8899.06,12050.55,38.7,44.9,0,3,0
PROP-000198,33,3.0,2274.38,6802.27,22.3,80.3,1,2,0
PROP-000199,37,0.6,2644.57,2605.27,18.1,13.5,0,1,0
PROP-000200,36,0.6,4030.54,4925.54,22.0,22.4,0,3,0
PROP-000201,42,6.0,2796.36,6132.78,47.9,16.1,0,3,0
PROP-000202,54,0.5,5187.45,12448.93,37.5,28.9,0,3,0
PROP-000203,39,3.6,3627.8,7779.72,17.2,47.7,0,1,0
PROP-000204,45,0.6,3713.33,9725.86,31.4,33.7,0,4,0
PROP-000205,18,0.1,3649.29,8066.2,50.0,41.1,1,2,1
PROP-000206,37,2.9,5126.23,9441.06,9.1,46.7,0,1,0
PROP-000207,27,0.5,4426.93,3044.77,43.3,29.6,1,2,0
PROP-000208,23,3.5,5537.4,17670.7,22.1,62.2,1,2,0
PROP-000209,27,6.3,3517.37,5087.86,55.1,26.0,2,4,1
PROP-000210,33,1.3,1467.73,3246.55,23.3,25.4,3,1,0
PROP-000211,48,2.7,6925.55,20657.36,5.9,31.4,0,1,0
PROP-000212,22,2.8,2781.74,6027.12,46.7,22.9,1,1,1
PROP-000213,38,1.6,5257.66,2634.92,30.6,29.7,0,3,1
PROP-000214,32,1.8,4437.38,7198.29,23.8,40.2,3,2,0
PROP-000215,34,0.9,16750.98,18145.06,53.9,11.7,0,3,1
PROP-000216,50,5.1,1412.0,3579.0,21.8,61.4,0,1,0
PROP-000217,44,2.9,2993.99,8928.36,15.3,23.0,0,0,0
PROP-000218,54,0.6,5563.29,15305.44,8.4,28.1,1,3,0
PROP-000219,36,3.6,1696.82,2520.93,31.9,17.3,0,3,0
PROP-000220,29,1.3,4325.54,15104.31,21.7,31.4,0,1,1
PROP-000221,35,0.8,1623.78,4046.61,34.1,26.3,2,4,1
PROP-000222,40,5.3,4414.64,14688.76,16.6,26.1,0,2,0
PROP-000223,40,5.4,4539.81,8985.01,30.4,25.2,0,2,0
PROP-000224,24,1.1,6798.29,20828.38,17.4,56.3,0,3,0
PROP-000225,39,1.8,5224.94,7376.42,18.8,21.4,0,3,0
PROP-000226,40,8.7,2481.49,2167.28,57.1,12.1,2,5,1
PROP-000227,68,3.9,4590.99,6360.92,33.2,26.3,2,3,0
PROP-000228,60,2.5,5368.28,14410.82,30.7,59.4,1,1,0
PROP-000229,27,2.4,2569.83,6464.21,16.3,6.3,0,0,0
PROP-000230,34,11.2,7951.1,5062.85,36.4,20.0,0,2,0
PROP-000231,20,1.4,6214.23,12206.99,25.7,96.3,0,4,0
PROP-000232,30,7.7,1668.87,2358.07,20.6,22.9,0,2,0
PROP-000233,41,4.1,4489.05,7174.16,5.9,22.7,2,5,0
PROP-000234,52,10.7,2386.81,8047.36,18.7,37.6,3,2,0
PROP-000235,29,2.4,1412.0,4184.12,18.7,47.9,1,1,0
PROP-000236,30,6.3,3140.79,8791.56,26.1,59.9,2,2,0
PROP-000237,18,0.1,3532.46,2784.48,20.4,40.9,0,3,0
PROP-000238,36,7.7,15862.92,30051.51,23.1,48.1,2,1,1
PROP-000239,25,3.3,3192.36,7978.2,27.2,91.2,2,5,1
PROP-000240,31,8.0,4530.49,2509.04,35.0,4.3,2,2,0
PROP-000241,27,6.3,5308.78,12233.27,39.6,21.9,0,3,0
PROP-000242,36,4.1,3551.33,11683.14,13.7,56.9,0,2,0
PROP-000243,18,0.1,5198.49,2745.93,49.1,60.2,0,3,0
PROP-000244,20,0.5,2871.13,1482.14,11.2,6.3,1,1,0
PROP-000245,63,0.8,2279.2,4902.11,18.5,27.3,4,1,0
PROP-000246,22,1.2,3102.55,5284.23,16.2,57.7,1,2,0
PROP-000247,24,2.0,2040.61,3475.58,40.6,33.2,0,1,0
PROP-000248,60,3.9,6300.64,7520.5,38.1,29.6,4,2,1
PROP-000249,72,0.9,4199.27,7457.85,12.7,18.6,0,3,0
PROP-000250,23,0.1,3260.51,9931.48,22.0,27.5,0,1,0
PROP-000251,33,8.3,6193.24,3403.15,16.3,29.3,0,2,0
PROP-000252,42,0.2,3052.51,2342.53,16.9,34.7,0,0,0
PROP-000253,58,9.4,1412.0,1000.0,12.2,71.5,0,2,0
PROP-000254,26,1.0,3158.56,8555.73,54.2,12.8,1,3,0
PROP-000255,35,4.6,6867.07,3435.18,47.1,48.7,3,5,1
PROP-000256,47,1.9,7939.64,20670.77,54.0,41.7,3,1,1
PROP-000257,43,10.8,2083.5,2364.14,27.0,11.1,0,2,0
PROP-000258,33,6.7,3053.88,8659.75,22.3,42.1,1,1,0
PROP-000259,36,3.9,6729.14,17109.24,38.4,40.8,0,1,0
PROP-000260,21,0.1,1775.62,4476.1,9.8,16.2,0,0,0
PROP-000261,35,3.2,3605.09,7721.26,58.2,24.5,0,3,0
PROP-000262,34,2.1,5233.13,18236.1,40.4,31.0,1,5,0
PROP-000263,40,4.3,10059.91,10444.7,58.9,23.7,0,2,0
PROP-000264,31,1.8,3287.91,9501.96,15.4,59.4,2,1,1
PROP-000265,43,6.4,1863.24,3961.14,35.8,39.9,0,1,0
PROP-000266,50,1.5,2708.96,7237.56,47.2,32.7,1,0,0
PROP-000267,39,1.1,18210.91,17028.98,22.9,72.4,0,2,0
PROP-000268,42,2.3,5225.53,6847.81,9.5,57.9,0,0,1
PROP-000269,38,0.9,9005.7,23443.77,25.2,19.4,0,4,1
PROP-000270,38,1.3,4301.71,9948.42,27.1,76.5,2,2,0
PROP-000271,29,3.8,2688.29,7034.44,25.2,20.4,2,5,0
PROP-000272,41,0.8,2280.72,6985.19,24.5,19.3,2,0,0
PROP-000273,36,5.1,3278.24,9485.62,29.5,21.6,3,3,0
PROP-000274,63,0.9,6677.92,6247.45,22.9,42.0,0,3,0
PROP-000275,56,8.1,1975.03,1291.53,40.6,5.6,0,1,0
PROP-000276,42,7.2,6683.86,21942.96,48.5,62.9,1,5,0
PROP-000277,28,0.6,2160.92,7281.36,27.0,4.9,1,1,0
PROP-000278,24,0.8,3609.37,7547.97,24.2,22.2,0,2,0
PROP-000279,52,6.7,4177.68,5925.0,22.4,18.5,0,2,0
PROP-000280,41,8.6,6221.14,3127.37,10.7,4.6,3,2,0
PROP-000281,43,3.9,3628.34,8195.53,22.0,57.3,0,3,0
PROP-000282,18,0.1,5926.87,19519.72,56.7,9.0,4,0,1
PROP-000283,49,3.7,3581.05,8446.21,28.5,77.3,0,1,0
PROP-000284,43,4.0,5455.43,11427.59,39.9,19.5,2,2,0
PROP-000285,24,3.2,4263.01,14492.08,21.6,73.0,0,1,0
PROP-000286,32,3.5,4859.37,7604.5,23.9,52.1,2,2,0
PROP-000287,41,5.2,4818.23,7986.56,27.2,20.8,0,2,0
PROP-000288,38,0.9,4066.68,12603.96,26.7,27.4,0,0,0
PROP-000289,34,5.6,8692.55,11280.44,35.0,77.1,0,0,0
PROP-000290,36,1.0,6168.18,3865.74,58.0,16.7,1,4,0
PROP-000291,34,2.3,4790.38,5412.31,35.0,52.9,2,0,0
PROP-000292,39,5.8,3118.73,10658.22,21.1,54.1,1,1,0
PROP-000293,55,1.7,18445.34,33874.34,7.2,50.9,0,3,0
PROP-000294,18,0.1,10887.44,13560.85,37.3,25.2,0,4,0
PROP-000295,35,3.6,2377.94,3712.67,15.1,47.3,0,0,0
PROP-000296,40,9.7,6222.93,7257.81,27.9,15.9,0,1,0
PROP-000297,41,5.3,9155.13,28353.86,3.0,13.1,0,0,0
PROP-000298,33,2.2,5836.44,7274.07,32.9,21.8,0,2,0
PROP-000299,18,0.1,4320.5,9142.89,8.3,24.2,3,0,0
PROP-000300,41,1.9,3002.64,7783.06,29.8,41.4,3,1,1
PROP-000301,58,2.1,5766.03,6947.07,21.7,34.3,3,2,0
PROP-000302,19,0.7,2521.86,8123.15,19.7,73.4,2,3,0
PROP-000303,48,5.8,3460.49,3525.87,47.1,13.2,0,0,0
PROP-000304,34,1.3,3175.47,2613.82,12.6,20.3,0,0,0
PROP-000305,37,1.8,5909.28,8506.85,32.7,56.8,0,4,0
PROP-000306,25,1.7,9842.6,8328.46,20.5,41.8,1,0,0
PROP-000307,33,7.0,3256.29,10030.93,63.6,21.2,0,1,1
PROP-000308,53,3.1,3452.0,9957.36,41.1,68.8,2,3,0
PROP-000309,44,11.2,9437.73,23094.25,24.9,62.0,0,3,0
PROP-000310,58,6.8,3153.63,7494.52,25.3,26.1,0,3,0
PROP-000311,52,4.3,1412.0,4618.73,11.6,61.3,3,1,0
PROP-000312,43,2.6,13228.43,14642.34,34.5,53.0,3,2,1
PROP-000313,58,5.6,7950.36,23744.58,27.6,41.5,0,3,0
PROP-000314,43,1.7,7042.93,17969.49,48.3,39.0,1,3,0
PROP-000315,47,1.2,5441.73,8131.74,10.5,65.4,0,3,0
PROP-000316,34,2.4,4143.6,11389.89,47.6,34.9,2,2,0
PROP-000317,38,6.5,1417.42,1283.16,62.2,17.1,0,1,0
PROP-000318,29,4.1,3815.43,7587.9,13.5,8.6,0,0,0
PROP-000319,49,2.0,3762.98,11194.89,46.7,74.8,3,0,0
PROP-000320,23,3.5,4012.95,5094.14,50.9,44.4,0,4,0
PROP-000321,47,1.1,6135.05,15144.15,27.7,39.5,2,2,0
PROP-000322,35,0.1,10731.04,5495.85,32.1,46.3,0,0,0
PROP-000323,52,2.7,4146.56,4755.64,42.5,58.0,3,3,1
PROP-000324,47,2.4,3835.0,2024.31,28.9,2.8,1,1,0
PROP-000325,59,3.5,10702.6,25792.18,13.1,37.2,0,5,0
PROP-000326,46,5.1,2694.67,8975.67,48.6,52.7,2,2,1
PROP-000327,19,0.7,4257.5,4130.16,19.5,56.6,2,0,0
PROP-000328,37,9.9,4413.03,8787.73,25.4,25.1,0,0,0
PROP-000329,23,1.4,2695.88,8993.39,34.4,80.6,1,2,0
PROP-000330,31,9.1,3536.44,6579.16,10.8,56.5,0,2,0
PROP-000331,56,1.1,3563.07,10091.35,34.2,64.6,2,3,0
PROP-000332,45,4.5,6910.21,9057.4,31.5,62.5,0,2,1
PROP-000333,29,0.1,3645.96,6372.38,5.6,81.2,0,2,0
PROP-000334,25,0.1,3707.26,11925.26,22.8,12.8,0,0,0
PROP-000335,38,1.7,5764.14,3181.42,39.4,67.2,0,1,0
PROP-000336,23,0.6,3240.49,9185.43,3.0,81.8,2,2,0
PROP-000337,29,4.4,2515.99,8714.56,6.4,49.6,0,1,0
PROP-000338,41,4.1,21326.81,50000.0,33.6,70.4,0,2,0
PROP-000339,51,2.2,4203.8,3365.44,31.8,61.0,0,1,0
PROP-000340,45,1.7,4974.95,16012.47,16.9,4.5,0,1,0
PROP-000341,18,0.1,3697.64,5740.37,30.4,44.0,2,0,1
PROP-000342,41,0.9,1762.47,1070.02,23.8,32.8,2,2,0
PROP-000343,38,4.2,3185.61,2003.89,21.0,20.6,3,2,1
PROP-000344,42,11.1,2224.95,4950.44,10.0,95.5,3,1,1
PROP-000345,57,1.4,6023.82,11505.91,37.5,31.0,1,2,0
PROP-000346,18,0.1,5577.47,7470.99,43.9,34.1,2,4,1
PROP-000347,30,8.4,6154.33,16801.41,51.7,75.8,2,3,1
PROP-000348,45,4.2,2407.44,1849.53,14.0,52.4,0,0,0
PROP-000349,19,0.7,1412.0,4335.88,25.0,12.2,5,1,0
PROP-000350,55,4.5,1412.0,3883.23,23.1,59.9,5,3,1
PROP-000351,42,2.4,5521.11,6350.38,17.5,59.2,2,3,0
PROP-000352,48,1.3,3424.78,4498.08,17.9,50.9,0,1,1
PROP-000353,31,9.1,2017.03,2440.9,16.2,45.4,0,1,0
PROP-000354,47,2.9,6037.39,4877.31,25.4,30.1,0,6,0
PROP-000355,50,0.7,7315.7,19201.83,31.8,61.5,0,1,0
PROP-000356,40,2.4,4188.28,9495.31,24.5,66.0,0,0,0
PROP-000357,40,1.1,3058.87,10022.46,45.2,48.7,2,1,1
PROP-000358,41,10.4,3794.59,11401.08,44.4,63.1,2,1,0
PROP-000359,27,5.7,8756.98,25710.65,21.7,49.5,0,4,0
PROP-000360,36,0.3,8180.98,17694.97,30.5,59.4,0,1,0
PROP-000361,36,2.3,3785.69,4658.6,37.2,78.2,0,2,0
PROP-000362,42,3.6,4707.11,11100.24,33.3,37.5,2,0,0
PROP-000363,49,2.2,65000.0,50000.0,20.1,42.5,0,0,0
PROP-000364,25,1.2,15426.77,24529.97,42.7,64.3,2,1,1
PROP-000365,36,10.5,4460.95,6497.32,17.1,68.7,1,1,0
PROP-000366,55,0.1,10240.62,19984.07,38.8,31.6,1,4,1
PROP-000367,29,2.4,5468.47,12240.49,3.0,69.8,1,2,0
PROP-000368,28,2.8,10572.72,5330.08,44.6,12.8,0,4,0
PROP-000369,40,0.6,2830.88,4120.86,25.0,64.0,0,5,1
PROP-000370,48,4.5,6778.59,9777.01,54.7,17.2,0,2,0
PROP-000371,38,1.8,8031.96,5845.16,52.5,66.7,2,2,1
PROP-000372,53,1.2,4299.46,5593.64,21.9,32.0,0,0,0
PROP-000373,48,3.7,3373.08,2355.24,36.6,28.0,2,1,0
PROP-000374,48,1.0,4991.96,16114.47,30.0,29.4,0,2,0
PROP-000375,44,1.4,1932.76,2145.11,53.0,60.9,3,4,1
PROP-000376,65,4.5,3442.9,11340.96,34.4,17.9,1,3,0
PROP-000377,35,0.9,3134.27,6781.75,30.8,69.0,2,2,0
PROP-000378,18,0.1,7282.44,14670.75,33.8,14.8,2,7,0
PROP-000379,57,1.1,5940.61,6716.27,46.5,53.3,3,1,0
PROP-000380,32,2.6,6425.52,18961.03,50.1,38.6,0,5,0
PROP-000381,39,4.4,8841.64,28383.12,27.9,62.6,0,0,0
PROP-000382,53,5.8,2231.73,4153.78,25.2,67.2,0,0,1
PROP-000383,18,0.1,11517.18,37881.74,41.9,35.2,0,2,1
PROP-000384,22,2.7,7556.62,4442.79,11.9,49.7,0,2,0
PROP-000385,18,0.1,1913.83,2331.6,11.7,17.6,2,1,0
PROP-000386,28,1.7,6961.03,3891.95,27.9,2.7,0,1,0
PROP-000387,43,7.3,6137.42,20149.96,39.5,40.9,0,2,0
PROP-000388,44,3.3,5589.07,17884.79,19.3,30.2,1,2,0
PROP-000389,41,0.8,2499.62,7561.61,19.7,10.2,3,2,1
PROP-000390,21,1.8,4338.45,6501.13,25.6,76.4,2,2,0
PROP-000391,18,0.1,6510.76,12213.67,47.1,26.4,1,0,0
PROP-000392,38,8.4,4482.96,10956.91,7.7,29.3,1,1,0
PROP-000393,32,4.0,1982.85,5732.1,72.2,12.8,2,3,0
PROP-000394,43,2.1,3529.26,8127.05,11.9,53.4,2,2,0
PROP-000395,46,1.0,5425.23,9307.28,18.9,26.4,0,1,0
PROP-000396,39,2.7,3930.31,5321.32,12.9,39.1,0,0,1
PROP-000397,47,16.8,13562.78,14639.47,65.5,27.8,0,2,0
PROP-000398,40,5.2,6892.59,9162.18,22.8,40.7,0,1,0
PROP-000399,44,4.0,6733.63,4490.1,56.6,52.5,3,4,0
PROP-000400,29,4.4,4898.5,8638.18,26.3,54.4,4,1,0
PROP-000401,35,3.0,3381.62,4790.79,27.9,8.9,0,0,0
PROP-000402,40,3.4,12192.39,10799.5,22.6,35.8,0,2,0
PROP-000403,47,5.9,3530.91,9661.25,38.9,58.9,2,3,1
PROP-000404,33,3.7,4609.6,13137.93,20.3,37.4,0,1,0
PROP-000405,44,5.8,4201.85,12379.05,7.2,75.3,0,4,0
PROP-000406,34,3.2,1928.85,5216.48,21.1,9.3,0,1,0
PROP-000407,36,3.3,5769.91,18116.72,17.4,44.5,0,0,1
PROP-000408,47,2.3,7942.65,9400.15,49.7,5.3,0,1,0
PROP-000409,18,0.1,3138.05,4489.98,25.9,24.8,2,0,0
PROP-000410,22,0.7,3707.39,8754.37,32.2,53.9,2,2,0
PROP-000411,20,1.4,2705.67,7476.14,39.7,69.0,0,3,0
PROP-000412,18,0.1,12997.25,33177.73,18.3,46.6,1,0,0
PROP-000413,29,1.6,5741.84,15609.67,33.6,52.5,0,3,0
PROP-000414,46,0.5,9761.49,20095.69,26.4,16.6,0,1,0
PROP-000415,34,4.2,3459.37,10212.58,16.8,25.4,0,3,0
PROP-000416,40,4.4,6189.03,16787.78,19.6,24.5,3,1,1
PROP-000417,51,1.5,1734.26,2602.42,15.3,34.1,3,1,0
PROP-000418,53,2.4,3094.22,6439.32,13.1,65.1,0,1,0
PROP-000419,37,0.5,15015.22,20703.46,50.1,26.3,0,2,0
PROP-000420,54,3.5,5673.81,2840.35,34.8,78.8,4,1,1
PROP-000421,39,2.0,3646.71,8290.92,58.3,28.8,0,2,1
PROP-000422,27,3.0,1472.82,4327.42,18.6,39.6,2,1,0
PROP-000423,30,1.0,4955.97,10717.47,43.3,36.6,0,2,0
PROP-000424,20,1.4,3453.53,3086.08,37.8,37.1,0,1,0
PROP-000425,27,4.7,7393.8,15431.5,18.8,63.3,0,1,0
PROP-000426,33,6.9,1859.15,2541.28,32.9,51.5,0,0,0
PROP-000427,47,0.7,7584.21,15492.5,31.7,54.5,2,5,0
PROP-000428,58,3.9,3387.28,5717.11,8.3,33.2,1,5,0
PROP-000429,21,2.1,2387.03,3630.8,20.3,58.9,1,1,0
PROP-000430,42,3.5,4967.73,10532.87,30.5,33.0,0,3,0
PROP-000431,25,0.4,13230.18,38650.36,17.1,40.4,2,0,0
PROP-000432,43,5.4,6859.03,9708.82,18.8,16.1,0,1,0
PROP-000433,36,9.8,5353.94,18619.9,37.9,44.0,3,4,0
PROP-000434,18,0.1,3220.7,9703.46,34.4,70.0,1,3,1
PROP-000435,49,1.0,10406.96,11709.11,48.1,64.8,0,0,0
PROP-000436,30,0.2,5478.26,3921.47,24.0,23.2,1,6,0
PROP-000437,31,0.2,1412.0,2371.27,20.9,6.1,0,2,0
PROP-000438,25,4.9,7021.88,24062.84,46.3,3.9,0,2,0
PROP-000439,30,2.3,5133.52,4635.95,52.0,61.6,2,2,1
PROP-000440,43,5.5,4130.64,2098.44,29.2,40.2,0,2,0
PROP-000441,35,7.1,9353.78,27538.22,48.1,40.8,2,0,0
PROP-000442,41,10.2,2850.26,5229.76,20.0,56.4,0,1,0
PROP-000443,42,10.3,3233.29,5765.68,37.5,10.6,1,4,0
PROP-000444,53,2.7,3986.18,7454.06,34.3,67.7,1,2,0
PROP-000445,33,8.3,5676.69,9051.0,21.9,49.5,1,3,0
PROP-000446,20,1.4,3072.72,7050.87,54.2,52.1,1,1,1
PROP-000447,50,6.5,2437.6,4554.29,26.2,37.5,0,2,0
PROP-000448,34,1.9,3918.97,10688.12,30.7,24.7,0,1,0
PROP-000449,51,1.8,3270.44,4848.62,28.8,28.4,2,3,0
PROP-000450,42,5.2,11893.91,36763.87,31.8,3.0,0,1,0
PROP-000451,36,1.5,1412.0,2408.95,56.5,27.2,1,5,1
PROP-000452,42,6.0,7495.17,17843.44,14.0,36.6,1,0,0
PROP-000453,61,2.6,1412.0,1949.22,64.1,64.3,2,4,1
PROP-000454,62,3.3,4196.21,5487.27,58.3,19.3,1,3,0
PROP-000455,38,3.2,2297.34,1385.49,56.2,60.2,0,5,0
PROP-000456,39,2.5,1732.86,1000.0,24.4,57.2,0,1,0
PROP-000457,50,16.2,9711.84,12902.37,40.5,24.4,2,1,0
PROP-000458,27,4.7,6798.27,13488.22,12.7,52.9,0,2,0
PROP-000459,41,2.5,4556.6,10132.81,3.0,44.6,0,1,0
PROP-000460,37,2.4,4747.11,3053.25,5.4,29.3,2,0,0
PROP-000461,41,0.3,2774.75,8025.39,52.0,16.6,0,2,0
PROP-000462,27,0.9,3328.92,5788.4,3.4,41.8,0,1,0
PROP-000463,18,0.1,2901.96,3469.55,35.3,35.7,0,2,0
PROP-000464,18,0.1,3202.37,8503.55,19.9,34.7,1,0,0
PROP-000465,24,1.4,3864.45,8477.25,11.9,36.2,0,3,0
PROP-000466,32,5.1,9752.52,25794.14,15.2,13.2,2,3,0
PROP-000467,34,6.5,6265.24,3266.26,51.2,80.6,1,4,0
PROP-000468,61,2.3,5289.11,15799.61,35.2,50.5,0,2,0
PROP-000469,51,0.1,2419.39,2508.2,48.7,57.1,0,0,0
PROP-000470,26,1.5,5739.77,19570.58,29.8,20.1,2,3,0
PROP-000471,42,2.9,1412.0,4665.42,36.4,8.1,0,3,0
PROP-000472,33,6.4,2895.97,9888.95,39.8,19.1,2,1,1
PROP-000473,34,5.4,2093.33,1228.92,42.5,48.4,0,1,0
PROP-000474,40,0.2,3510.32,2366.5,25.8,20.9,0,1,0
PROP-000475,45,7.8,3692.98,7548.3,20.6,59.2,0,1,0
PROP-000476,33,2.8,3381.28,3470.66,3.0,27.3,0,1,0
PROP-000477,50,5.6,4338.79,2416.21,31.2,10.3,0,0,0
PROP-000478,24,0.1,4799.18,10556.26,48.3,42.3,1,2,1
PROP-000479,38,4.3,9796.14,28807.39,21.7,12.0,0,1,0
PROP-000480,69,7.2,2697.93,7830.43,49.0,19.5,0,2,0
PROP-000481,40,6.1,2659.95,7794.19,33.9,52.6,0,0,0
PROP-000482,55,2.2,4110.18,14345.87,25.1,35.1,1,3,0
PROP-000483,39,2.8,5261.1,9111.78,21.0,11.4,0,1,0
PROP-000484,44,2.5,4486.09,6628.19,17.3,15.0,0,3,0
PROP-000485,37,1.8,13121.77,32346.18,14.4,79.3,2,1,0
PROP-000486,35,3.5,7288.46,12304.5,26.5,9.9,2,0,0
PROP-000487,28,0.2,9997.35,33563.45,16.4,22.9,2,2,0
PROP-000488,43,0.5,5752.16,8564.77,17.6,8.9,1,0,0
PROP-000489,27,0.5,4611.32,10403.59,7.1,25.8,0,0,0
PROP-000490,45,2.0,1412.0,1000.0,9.0,54.3,0,1,0
PROP-000491,51,0.4,4507.78,8323.55,24.2,58.9,2,0,0
PROP-000492,42,11.8,3595.08,6258.85,6.5,6.1,0,2,0
PROP-000493,34,1.9,3651.94,10899.74,7.8,40.6,0,0,0
PROP-000494,43,0.9,7897.81,12213.91,23.4,39.2,1,2,0
PROP-000495,34,1.3,1967.05,6610.35,29.8,21.0,0,0,0
PROP-000496,49,3.4,8371.36,27147.57,16.8,48.9,2,3,1
PROP-000497,18,0.1,6355.46,12234.31,30.5,45.0,0,2,0
PROP-000498,33,1.6,4968.94,7693.82,11.8,20.6,0,2,0
PROP-000499,18,0.1,7071.11,16957.49,38.2,12.3,0,4,0
PROP-000500,20,1.4,1476.87,2220.41,18.8,30.9,3,2,0
PROP-000501,54,2.1,5437.21,9626.51,56.1,70.3,0,2,0
PROP-000502,48,0.4,1770.99,3941.86,33.4,40.1,2,5,0
PROP-000503,29,5.9,5333.57,14917.58,34.3,22.4,1,1,0
PROP-000504,19,0.7,2093.43,2183.39,29.2,48.0,0,3,0
PROP-000505,18,0.1,2663.83,9014.48,38.7,36.1,2,3,0
PROP-000506,31,0.4,3270.63,7098.57,31.6,14.9,1,2,1
PROP-000507,67,3.9,3619.16,4532.92,33.3,59.8,0,4,0
PROP-000508,43,7.4,4806.67,8691.98,69.8,61.1,0,1,1
PROP-000509,31,6.6,6552.07,12142.22,15.2,25.4,2,0,0
PROP-000510,43,3.3,18076.87,50000.0,26.6,14.2,0,1,0
PROP-000511,19,0.7,2849.4,8053.81,38.3,49.5,3,5,1
PROP-000512,34,2.7,4610.47,12801.7,23.1,78.8,0,2,0
PROP-000513,39,1.2,4044.0,4887.7,20.7,43.7,0,2,0
PROP-000514,36,6.3,2248.95,2622.33,51.3,31.9,1,0,0
PROP-000515,47,10.1,1412.0,1000.0,37.2,27.6,1,2,0
PROP-000516,42,4.8,2401.63,6713.31,28.2,28.5,0,2,0
PROP-000517,46,5.7,3037.46,5528.36,37.7,81.5,0,2,1
PROP-000518,29,4.0,3377.94,6845.36,48.3,47.4,2,6,1
PROP-000519,48,0.8,1800.53,1000.0,8.8,15.5,0,2,0
PROP-000520,57,10.6,3537.4,7791.96,18.0,34.5,3,0,0
PROP-000521,26,0.4,3816.27,11900.51,35.5,16.4,0,0,0
PROP-000522,27,4.2,2471.21,3265.13,32.5,22.0,0,1,0
PROP-000523,54,11.6,6676.82,21849.75,11.3,36.6,0,5,0
PROP-000524,35,2.0,1520.51,3085.1,20.8,25.2,0,1,0
PROP-000525,54,4.8,5015.3,5899.2,33.5,52.9,0,2,0
PROP-000526,32,0.8,3699.54,9165.87,27.2,29.7,0,1,1
PROP-000527,55,3.3,4470.15,9663.55,33.6,52.8,0,1,0
PROP-000528,39,5.7,5448.89,8892.49,3.4,18.4,0,1,0
PROP-000529,41,4.8,5065.17,14572.3,3.0,80.4,0,2,0
PROP-000530,56,3.0,1412.0,3191.62,33.5,43.2,1,2,0
PROP-000531,33,1.6,3642.97,11151.9,65.0,50.3,0,2,0
PROP-000532,26,0.4,5620.12,3083.61,43.6,83.5,0,3,0
PROP-000533,32,4.6,5734.69,3524.43,15.1,33.5,3,1,0
PROP-000534,43,3.2,2632.77,5932.29,15.7,37.7,2,1,0
PROP-000535,19,0.1,2220.55,1971.96,34.9,36.2,0,1,0
PROP-000536,45,2.1,5984.33,7151.75,47.2,26.7,0,6,0
PROP-000537,31,0.1,5697.62,13061.61,10.3,31.4,0,3,0
PROP-000538,51,1.9,2224.1,3798.44,55.9,31.1,2,2,0
PROP-000539,18,0.1,1965.3,6594.51,12.1,43.9,0,3,0
PROP-000540,28,3.3,3322.17,7797.44,5.7,43.3,2,2,0
PROP-000541,18,0.1,2637.5,9200.52,57.4,18.6,0,3,0
PROP-000542,28,3.9,4526.13,10587.72,44.7,21.7,0,2,0
PROP-000543,40,15.4,9407.0,7187.83,9.8,62.4,1,3,0
PROP-000544,35,2.0,1975.42,1460.4,49.8,44.0,3,2,1
PROP-000545,34,4.2,3834.95,8770.38,53.3,69.8,0,2,1
PROP-000546,36,6.1,2613.08,6636.16,16.6,4.9,0,0,0
PROP-000547,40,6.0,6523.02,3779.76,45.8,59.2,0,1,1
PROP-000548,25,2.5,6781.17,4524.2,45.1,69.8,3,8,1
PROP-000549,46,0.7,2402.01,5566.86,20.7,20.8,3,1,0
PROP-000550,45,4.2,7968.7,12394.97,14.4,23.8,0,1,0
PROP-000551,42,16.3,6795.1,10896.57,13.3,36.0,0,1,0
PROP-000552,44,0.8,3725.15,11494.13,37.2,52.4,2,4,0
PROP-000553,41,1.2,6438.37,3568.13,40.0,15.9,3,5,1
PROP-000554,62,5.0,1811.33,1465.88,12.1,44.7,1,1,1
PROP-000555,36,0.1,12912.67,17597.61,60.7,31.8,0,4,1
PROP-000556,34,3.1,4249.45,9505.25,25.6,29.7,0,2,0
PROP-000557,28,0.1,8744.85,29467.0,17.8,55.0,0,0,0
PROP-000558,25,1.2,2867.05,1480.43,27.1,37.6,0,2,0
PROP-000559,23,1.7,1588.86,4122.58,37.6,14.2,0,1,0
PROP-000560,27,1.8,5435.74,9892.6,3.0,50.7,2,1,0
PROP-000561,37,5.0,2630.51,7858.05,17.7,45.0,1,3,0
PROP-000562,42,0.1,2807.3,8044.2,9.5,42.2,0,1,0
PROP-000563,38,3.6,4734.83,12214.8,22.9,8.2,0,1,0
PROP-000564,28,0.2,6768.23,20857.66,10.4,62.3,1,1,0
PROP-000565,48,11.7,5079.33,10843.16,33.6,59.6,2,2,0
PROP-000566,46,2.8,7725.48,6829.38,45.6,42.0,1,4,0
PROP-000567,36,0.8,3632.65,4028.4,14.6,29.7,2,2,0
PROP-000568,30,5.8,9273.09,20458.82,53.8,44.4,0,3,1
PROP-000569,44,0.5,6715.31,10145.55,3.2,24.4,2,0,0
PROP-000570,40,0.2,2135.72,4145.67,39.5,42.9,3,1,1
PROP-000571,20,1.4,6000.25,5945.81,37.7,40.0,1,2,0
PROP-000572,37,5.0,4161.28,7656.21,11.5,41.8,2,0,0
PROP-000573,41,1.8,2537.8,7456.5,9.0,61.8,2,3,0
PROP-000574,27,6.3,5774.5,11123.47,4.6,63.8,0,2,0
PROP-000575,40,0.1,5271.14,10308.25,50.1,11.7,3,1,0
PROP-000576,20,1.4,6093.39,10484.3,35.5,55.9,1,3,0
PROP-000577,54,7.4,2111.31,6111.81,22.7,57.7,0,3,0
PROP-000578,52,2.6,1412.0,1691.91,27.5,34.6,0,3,0
PROP-000579,34,4.0,3317.42,7271.74,20.6,84.1,3,1,1
PROP-000580,42,6.6,3445.8,1957.75,39.2,18.2,1,2,0
PROP-000581,18,0.1,5419.47,4824.08,38.5,29.1,0,0,0
PROP-000582,24,4.2,1412.0,1039.02,26.9,8.3,0,2,0
PROP-000583,34,11.2,5951.01,8892.55,19.8,77.3,0,0,0
PROP-000584,25,4.9,6652.96,13533.03,14.1,6.8,0,1,0
PROP-000585,46,0.9,6912.71,11648.71,18.7,9.4,0,3,0
PROP-000586,61,3.4,6732.64,9621.3,58.1,67.9,0,1,0
PROP-000587,23,3.5,2111.52,1768.65,38.3,70.4,0,2,1
PROP-000588,27,1.8,2412.49,8354.39,13.8,80.1,2,1,0
PROP-000589,40,3.6,3612.94,10164.37,64.2,48.3,4,3,1
PROP-000590,57,1.0,3716.38,7766.42,8.3,31.4,0,4,0
PROP-000591,23,3.5,2309.4,7359.37,17.3,49.9,0,0,0
PROP-000592,40,3.1,4539.43,13143.97,6.9,65.4,0,0,0
PROP-000593,59,2.1,5401.96,18435.94,55.7,42.4,3,1,0
PROP-000594,18,0.1,5036.73,14068.05,40.2,24.8,1,0,1
PROP-000595,22,2.8,4500.14,11538.95,8.0,31.8,0,2,0
PROP-000596,32,1.0,5243.53,12376.89,10.0,48.1,2,2,0
PROP-000597,31,9.1,3579.74,10138.11,23.9,29.6,0,1,0
PROP-000598,47,1.6,5740.45,13380.14,40.1,10.6,3,0,0
PROP-000599,40,2.3,5343.46,6092.65,38.7,67.5,3,2,1
PROP-000600,18,0.1,2610.98,3108.18,25.6,1.7,1,1,0
PROP-000601,44,7.3,12676.33,12576.82,48.0,50.4,0,2,0
PROP-000602,31,3.6,10478.84,18986.41,21.7,43.9,0,1,0
PROP-000603,53,2.9,6381.91,12169.94,14.4,26.5,2,3,0
PROP-000604,30,8.4,8333.0,11103.1,40.9,17.4,0,0,0
PROP-000605,30,3.5,5093.53,11436.27,13.5,17.0,0,1,0
PROP-000606,44,3.4,3442.55,4283.42,22.5,35.8,1,1,0
PROP-000607,47,2.6,8321.94,13259.14,11.5,64.6,0,2,0
PROP-000608,43,0.1,5056.75,12520.9,18.2,9.6,2,0,0
PROP-000609,18,0.1,6545.54,17253.84,11.1,61.7,0,0,0
PROP-000610,44,4.2,10786.54,23785.26,9.2,48.1,0,1,0
PROP-000611,25,3.6,1692.88,2081.4,21.5,51.0,0,3,0
PROP-000612,40,1.8,5659.93,4435.29,9.6,54.0,0,1,0
PROP-000613,20,0.7,2503.43,7072.9,12.8,44.7,0,4,0
PROP-000614,43,0.1,3896.54,7176.86,64.9,24.5,1,2,0
PROP-000615,28,4.9,2716.8,1585.1,30.4,16.6,1,0,0
PROP-000616,22,2.2,8688.42,14153.4,7.9,44.5,2,2,0
PROP-000617,46,2.3,5714.2,6554.11,13.5,82.1,2,3,0
PROP-000618,40,11.6,4476.88,13991.89,15.8,72.5,0,1,0
PROP-000619,30,1.5,1705.76,3266.73,55.4,16.8,0,1,1
PROP-000620,55,2.2,3138.09,2895.22,25.8,45.4,0,2,0
PROP-000621,32,2.9,3251.53,3685.33,77.0,60.4,1,4,1
PROP-000622,38,0.1,5184.62,11792.49,14.1,24.1,1,2,1
PROP-000623,41,1.0,3336.93,9384.05,51.3,17.7,0,4,0
PROP-000624,30,4.1,3565.98,11558.62,28.4,50.3,2,2,0
PROP-000625,43,17.5,1412.0,3131.33,56.9,51.4,0,4,0
PROP-000626,31,0.3,7533.72,7423.06,10.8,65.5,0,2,0
PROP-000627,33,10.5,2122.03,2074.99,49.6,35.6,4,2,0
PROP-000628,54,7.0,2836.66,6527.57,80.0,56.0,5,2,1
PROP-000629,25,4.9,5894.99,9292.79,50.4,9.3,0,2,0
PROP-000630,18,0.1,7276.23,17227.11,22.6,78.4,0,2,1
PROP-000631,57,10.7,4346.33,9076.1,31.4,39.1,0,1,0
PROP-000632,68,2.2,5352.47,8379.85,53.2,86.1,2,2,1
PROP-000633,33,0.1,7618.71,9562.88,29.2,7.5,2,0,0
PROP-000634,18,0.1,1412.0,1254.28,16.4,42.1,0,1,0
PROP-000635,34,4.3,7284.16,3827.03,43.3,66.6,1,2,0
PROP-000636,34,0.1,1412.0,2934.02,17.4,41.6,2,2,0
PROP-000637,35,1.0,3536.63,7274.24,61.8,52.9,2,3,1
PROP-000638,24,4.2,5513.05,6471.0,18.7,29.2,0,4,0
PROP-000639,44,9.9,2390.0,5389.67,35.8,27.6,0,2,0
PROP-000640,44,7.2,3799.31,4440.53,13.9,61.4,2,4,0
PROP-000641,20,1.4,1412.0,2164.46,32.0,62.3,1,3,0
PROP-000642,46,2.2,1960.1,2219.03,48.3,4.9,1,2,0
PROP-000643,62,7.0,2638.24,4435.6,6.5,48.2,2,1,0
PROP-000644,40,3.4,2354.24,4685.29,32.0,68.4,2,9,1
PROP-000645,33,2.4,3894.05,5301.58,41.6,51.3,0,1,0
PROP-000646,36,5.5,11977.57,23932.21,18.8,62.5,0,4,0
PROP-000647,45,5.6,7108.7,6724.66,26.8,30.6,0,3,0
PROP-000648,18,0.1,7277.3,17996.36,63.2,25.2,3,2,1
PROP-000649,39,2.1,5620.17,7068.74,38.9,53.1,0,3,0
PROP-000650,33,0.7,1812.78,1958.25,39.8,56.3,2,2,0
PROP-000651,60,3.4,8686.75,15159.27,32.0,40.7,0,1,0
PROP-000652,35,4.0,5349.7,14276.28,22.9,60.5,3,1,1
PROP-000653,58,0.7,5839.07,14969.38,12.4,20.4,0,0,0
PROP-000654,24,1.3,6930.26,5948.62,30.2,45.8,0,2,1
PROP-000655,45,1.8,5795.37,6781.43,27.6,21.5,3,1,0
PROP-000656,41,0.3,5322.49,11088.36,32.1,25.2,3,1,0
PROP-000657,27,2.2,2613.31,2788.58,32.7,75.5,2,6,0
PROP-000658,40,3.9,2312.14,7400.56,9.4,20.7,1,1,0
PROP-000659,52,4.9,2322.41,5739.06,13.9,13.2,0,2,0
PROP-000660,34,11.2,1412.0,4128.04,43.9,41.7,0,6,0
PROP-000661,18,0.1,3146.47,8517.44,42.9,53.9,1,1,0
PROP-000662,37,13.3,5906.3,5169.86,56.3,4.5,0,3,0
PROP-000663,27,5.5,8369.87,14191.98,36.5,56.7,1,6,0
PROP-000664,33,1.7,2761.2,3885.05,20.0,23.0,0,1,0
PROP-000665,37,2.6,4015.22,4477.8,18.0,13.0,0,2,0
PROP-000666,18,0.1,3150.77,7507.28,33.7,23.7,0,2,0
PROP-000667,18,0.1,4896.08,8964.33,47.5,44.8,0,1,0
PROP-000668,43,13.9,1882.88,3357.97,23.4,39.7,0,0,0
PROP-000669,31,0.8,3116.5,4311.58,30.8,28.9,4,3,1
PROP-000670,18,0.1,2649.41,1668.71,21.3,55.7,0,2,0
PROP-000671,47,2.9,6278.99,7041.0,41.8,6.3,3,1,0
PROP-000672,41,1.3,1539.34,2668.51,13.8,15.9,0,2,0
PROP-000673,29,7.7,5373.52,17565.35,19.3,24.4,0,2,1
PROP-000674,22,0.5,7481.65,14109.19,34.0,59.4,0,3,0
PROP-000675,48,0.1,1801.33,5414.5,12.3,12.7,0,1,0
PROP-000676,42,1.7,2952.51,1804.37,10.1,42.0,0,0,0
PROP-000677,66,16.4,2596.15,7636.87,9.2,38.6,0,3,0
PROP-000678,43,1.6,11345.99,11249.2,32.2,35.4,4,2,1
PROP-000679,42,0.5,9923.66,12798.88,53.9,74.3,5,2,1
PROP-000680,35,1.2,7648.34,16948.01,32.1,56.7,0,1,0
PROP-000681,47,6.9,5631.31,11137.62,26.4,10.3,2,2,0
PROP-000682,45,2.0,7510.98,14500.77,23.3,51.0,0,3,0
PROP-000683,53,0.5,6322.69,11303.52,38.2,20.7,0,3,0
PROP-000684,31,0.5,11556.87,39342.14,16.2,2.4,0,0,0
PROP-000685,32,2.0,4559.55,14710.91,32.3,75.3,2,2,1
PROP-000686,32,5.0,1412.0,4784.32,39.2,51.4,0,3,0
PROP-000687,47,2.6,3308.25,2000.24,18.3,40.5,0,0,0
PROP-000688,55,5.0,6167.45,17642.81,48.6,14.2,3,0,0
PROP-000689,32,5.9,3657.07,3446.26,12.9,40.0,1,5,0
PROP-000690,32,5.6,9085.21,24986.54,31.6,41.5,0,2,0
PROP-000691,41,1.0,2691.93,4117.19,29.0,58.1,1,5,1
PROP-000692,35,2.5,7632.8,24984.72,15.1,50.5,1,1,0
PROP-000693,49,1.1,1847.94,6206.71,9.1,66.1,3,2,0
PROP-000694,18,0.1,5439.43,16306.06,16.5,23.9,1,0,0
PROP-000695,28,3.8,2735.12,4220.53,16.0,38.5,0,0,0
PROP-000696,28,0.5,1993.58,6503.4,18.3,16.0,1,1,0
PROP-000697,18,0.1,4294.59,2173.59,24.2,28.5,0,3,0
PROP-000698,26,1.5,2144.8,3121.8,10.3,47.5,4,1,1
PROP-000699,27,5.2,7060.88,4126.07,22.7,17.5,0,1,0
PROP-000700,35,7.9,3582.26,10897.83,11.0,48.3,0,0,0
PROP-000701,51,0.2,4703.28,16003.04,17.9,22.8,0,3,0
PROP-000702,35,0.1,4305.21,8696.48,15.7,40.4,1,0,0
PROP-000703,25,4.9,6237.55,19719.7,34.5,41.0,0,3,0
PROP-000704,37,13.3,2930.4,4067.97,11.2,67.8,0,3,0
PROP-000705,50,0.6,8707.02,12374.74,7.2,57.3,1,1,0
PROP-000706,26,5.6,15161.72,14416.3,8.3,54.1,0,1,0
PROP-000707,27,3.2,2287.75,3158.71,12.2,23.9,0,2,0
PROP-000708,44,0.1,11573.7,9375.79,22.6,32.9,0,2,0
PROP-000709,35,4.7,3194.76,9264.27,35.9,58.8,2,1,0
PROP-000710,45,8.5,3284.36,3154.89,54.8,43.7,0,1,0
PROP-000711,37,10.1,7389.69,9338.52,14.2,54.6,0,2,0
PROP-000712,46,0.2,2290.44,4221.0,29.5,42.7,1,2,0
PROP-000713,25,1.7,6370.94,8483.89,28.3,35.3,1,1,0
PROP-000714,37,2.9,6189.26,14815.63,66.3,43.8,1,3,1
PROP-000715,35,1.5,4257.96,4952.12,25.9,2.2,0,0,1
PROP-000716,23,2.2,4160.39,6562.79,29.4,59.7,0,1,0
PROP-000717,19,0.7,3224.51,8811.36,3.9,32.5,0,2,0
PROP-000718,46,0.3,6863.0,12886.14,8.8,43.4,1,0,0
PROP-000719,33,0.2,3523.13,9981.74,21.8,21.6,0,3,0
PROP-000720,25,0.7,8669.73,26769.86,44.7,32.1,2,4,1
PROP-000721,36,0.2,8836.0,12537.34,15.4,10.8,0,1,0
PROP-000722,51,0.8,1857.25,1743.47,25.3,48.3,0,1,0
PROP-000723,18,0.1,2010.77,1337.6,31.1,34.4,2,2,1
PROP-000724,20,0.8,3977.26,6856.28,11.5,11.7,0,3,0
PROP-000725,26,0.2,2529.04,1537.59,25.1,41.6,4,2,0
PROP-000726,55,1.9,2941.14,4849.64,46.6,73.2,0,4,1
PROP-000727,41,0.6,2723.78,3025.52,15.9,37.3,2,0,0
PROP-000728,47,1.3,14127.38,7417.05,10.2,26.7,3,2,0
PROP-000729,24,3.8,8839.92,6413.89,14.9,21.1,0,2,0
PROP-000730,24,4.2,2682.59,3489.71,30.1,31.2,0,2,0
PROP-000731,43,1.0,1412.0,1000.0,20.7,48.1,0,3,0
PROP-000732,38,7.2,3158.3,9730.8,16.4,64.3,5,1,0
PROP-000733,44,4.1,2060.29,5756.37,16.5,33.2,1,1,0
PROP-000734,35,6.4,6802.62,17359.46,17.6,31.8,0,1,0
PROP-000735,41,6.1,4608.28,8170.88,34.9,60.3,2,1,0
PROP-000736,39,4.6,3146.99,10259.99,26.6,57.5,1,2,0
PROP-000737,47,13.3,4224.09,6844.25,16.8,29.7,0,3,0
PROP-000738,47,2.9,2223.84,1874.47,47.9,60.5,4,5,0
PROP-000739,18,0.1,3864.46,12686.86,12.5,34.0,0,1,0
PROP-000740,18,0.1,11834.74,31000.98,32.6,70.6,1,2,0
PROP-000741,50,7.0,2944.5,3075.55,33.4,58.4,1,1,0
PROP-000742,52,2.4,4718.88,12879.47,33.6,41.0,3,3,1
PROP-000743,25,3.0,2778.36,6635.23,42.9,24.5,0,1,0
PROP-000744,18,0.1,2751.27,6437.33,37.8,53.7,2,1,1
PROP-000745,39,11.7,7309.86,23007.18,34.7,50.0,0,0,0
PROP-000746,49,3.5,2114.31,2973.38,14.2,41.9,0,0,0
PROP-000747,59,3.4,3983.4,2134.31,49.8,51.4,1,1,1
PROP-000748,44,0.7,2624.32,2064.25,32.0,30.7,3,1,1
PROP-000749,33,0.9,10137.58,35332.57,30.2,61.6,1,2,0
PROP-000750,27,0.4,2934.08,8556.46,26.8,24.9,0,3,0
PROP-000751,38,4.3,2073.39,5186.36,39.3,78.7,0,3,1
PROP-000752,34,8.3,4035.13,13201.57,23.4,50.9,1,1,0
PROP-000753,25,4.4,4043.96,7895.75,23.0,55.9,0,0,0
PROP-000754,62,1.2,8575.76,17474.78,20.0,55.9,1,1,0
PROP-000755,59,2.9,3199.48,6334.45,19.9,22.7,1,3,0
PROP-000756,51,0.7,5729.56,16812.79,27.3,65.2,1,2,0
PROP-000757,26,1.9,2438.14,7142.77,15.2,14.4,0,1,0
PROP-000758,48,3.2,8533.11,29515.81,46.5,26.5,4,4,1
PROP-000759,45,4.4,7548.99,4577.83,30.8,11.8,1,0,0
PROP-000760,43,4.0,6201.14,20153.08,28.4,15.2,0,6,0
PROP-000761,52,6.4,7331.28,5089.55,58.2,62.3,0,4,0
PROP-000762,45,3.3,5191.4,13616.35,14.9,47.5,0,1,0
PROP-000763,46,17.6,4761.52,2608.33,66.4,43.9,3,3,0
PROP-000764,45,6.0,2231.87,2730.94,20.4,23.4,0,5,0
PROP-000765,42,5.0,2971.49,8487.02,27.1,88.0,1,1,0
PROP-000766,18,0.1,7375.76,10067.09,17.1,28.0,1,0,0
PROP-000767,39,11.9,7210.49,22630.41,27.7,28.4,2,1,0
PROP-000768,31,2.6,7576.46,7993.35,61.3,53.6,0,3,1
PROP-000769,22,0.5,3434.87,7160.34,31.7,10.4,1,2,0
PROP-000770,58,3.3,12166.89,15076.23,39.1,51.6,0,2,1
PROP-000771,58,12.4,4012.06,13733.59,41.6,37.7,0,8,0
PROP-000772,54,12.0,5856.75,17300.88,16.4,18.2,2,0,0
PROP-000773,41,5.7,23538.33,29743.48,37.8,49.0,0,2,0
PROP-000774,54,2.3,3267.36,4945.97,18.2,45.4,1,1,0
PROP-000775,38,4.8,6844.21,22362.84,23.5,36.3,0,1,0
PROP-000776,40,1.0,1794.94,3227.16,3.6,48.9,0,2,0
PROP-000777,24,2.5,3560.15,8571.82,36.2,19.6,1,2,0
PROP-000778,42,4.5,6355.7,5925.9,25.1,40.4,2,2,0
PROP-000779,38,6.2,3068.45,9013.31,37.5,19.4,0,3,0
PROP-000780,22,2.8,4550.66,4709.56,63.9,22.9,5,4,1
PROP-000781,37,2.7,5093.55,13432.34,15.1,42.0,0,2,0
PROP-000782,37,0.3,4896.71,15724.2,33.3,23.7,0,3,0
PROP-000783,59,3.4,1412.0,3137.47,25.2,26.3,2,1,0
PROP-000784,48,0.2,17077.06,28062.13,16.3,27.3,0,3,0
PROP-000785,38,0.1,2286.29,2976.59,28.9,12.0,2,1,0
PROP-000786,40,1.5,2743.73,1408.13,24.1,42.8,0,3,0
PROP-000787,38,1.6,1679.1,4659.07,21.4,35.7,1,3,0
PROP-000788,35,11.9,2398.33,8037.7,10.5,48.0,0,5,0
PROP-000789,25,4.9,4261.5,10945.13,45.4,31.1,2,4,1
PROP-000790,36,2.3,8025.66,5694.39,53.1,28.5,1,4,0
PROP-000791,29,7.2,3021.44,4237.09,38.9,66.4,0,2,0
PROP-000792,22,1.5,4722.89,3403.53,39.8,43.3,1,6,1
PROP-000793,44,1.8,5274.71,11809.29,42.1,27.6,0,2,1
PROP-000794,42,1.2,2209.89,3653.44,9.4,58.9,0,2,0
PROP-000795,18,0.1,1422.9,1073.63,27.0,66.0,1,7,1
PROP-000796,36,4.0,2431.93,2861.52,15.4,39.9,0,1,0
PROP-000797,49,0.7,9622.06,33558.97,70.6,68.3,2,4,1
PROP-000798,50,0.6,2663.88,2327.51,8.6,39.8,1,1,0
PROP-000799,50,4.6,2766.1,5429.06,17.6,19.2,0,1,0
PROP-000800,38,0.3,5261.38,10991.85,12.4,44.9,1,4,1
PROP-000801,27,6.3,6261.93,21899.67,63.9,47.2,0,2,0
PROP-000802,24,4.2,2147.62,3028.11,28.2,32.0,2,0,0
PROP-000803,42,12.9,6631.91,21261.08,37.1,51.4,2,3,0
PROP-000804,42,1.7,5714.18,8013.5,46.2,2.8,0,2,0
PROP-000805,53,3.2,3004.19,9179.77,19.6,19.2,0,1,0
PROP-000806,51,0.3,1412.0,3474.82,23.0,30.5,4,1,0
PROP-000807,36,2.0,6837.98,16276.7,27.3,48.8,2,0,0
PROP-000808,23,1.9,5233.19,11895.82,17.9,67.1,0,1,0
PROP-000809,34,3.6,4725.77,9704.72,22.8,15.4,0,2,0
PROP-000810,40,10.5,1841.93,2591.3,45.9,29.2,2,5,0
PROP-000811,35,0.9,16520.84,21636.48,25.4,4.2,0,6,0
PROP-000812,31,0.4,2300.87,4052.86,22.5,58.8,0,0,0
PROP-000813,41,0.4,3039.99,3128.42,13.1,39.5,0,1,0
PROP-000814,31,4.5,7570.14,19838.53,29.1,15.0,2,2,0
PROP-000815,30,8.4,4479.05,5906.68,8.0,32.0,0,2,0
PROP-000816,41,7.5,4762.79,9706.01,18.0,49.1,0,3,0
PROP-000817,33,3.5,2058.6,1406.68,10.3,27.4,0,3,0
PROP-000818,40,0.6,1966.05,5733.45,20.8,8.6,0,4,0
PROP-000819,41,0.5,5349.49,14509.43,15.6,29.3,0,4,1
PROP-000820,24,4.2,3329.49,2668.7,40.7,12.9,4,2,1
PROP-000821,32,0.8,13327.84,23008.42,18.4,31.7,3,1,0
PROP-000822,55,0.5,2112.79,3768.46,37.9,28.4,0,2,0
PROP-000823,24,1.4,3357.08,8843.59,47.3,27.3,2,2,1
PROP-000824,18,0.1,4805.11,16173.5,17.6,8.0,0,1,0
PROP-000825,18,0.1,3286.94,5687.89,23.8,33.6,0,2,1
PROP-000826,38,3.9,2668.44,2545.88,18.2,13.2,0,0,0
PROP-000827,38,9.0,4499.17,10420.57,25.0,13.6,0,3,0
PROP-000828,36,4.9,14503.37,48522.95,12.2,12.8,0,1,0
PROP-000829,52,1.2,2922.66,3414.22,72.3,68.0,3,3,1
PROP-000830,18,0.1,1636.3,1000.0,39.4,33.3,0,4,1
PROP-000831,42,1.8,6012.19,12828.97,24.8,24.5,2,0,0
PROP-000832,56,6.2,3474.61,5399.15,21.1,61.3,0,1,0
PROP-000833,24,4.2,2331.57,3619.62,49.8,78.2,3,1,1
PROP-000834,33,3.1,6288.34,19831.41,74.3,56.7,1,1,0
PROP-000835,28,7.0,5751.8,12985.09,45.2,83.8,0,1,0
PROP-000836,27,0.1,2880.39,4960.5,49.2,43.0,0,1,0
PROP-000837,34,0.4,1598.52,3915.28,3.0,32.6,1,1,0
PROP-000838,55,4.4,7541.26,18750.74,19.9,4.5,2,3,0
PROP-000839,60,0.1,2885.23,7206.68,48.5,10.4,2,4,0
PROP-000840,33,1.8,5100.72,17246.56,12.5,11.6,0,4,0
PROP-000841,60,0.3,4019.35,9237.71,25.8,20.3,1,2,0
PROP-000842,38,9.6,5910.16,8072.64,24.2,21.5,0,0,0
PROP-000843,59,26.9,5027.29,17000.7,24.3,66.3,0,1,0
PROP-000844,36,3.3,9614.63,27194.93,25.6,37.4,3,2,1
PROP-000845,39,1.1,6502.62,22115.06,39.2,1.0,0,3,0
PROP-000846,42,1.0,1412.0,3634.41,20.0,75.0,0,1,0
PROP-000847,75,0.5,3547.11,4573.39,22.8,81.2,1,1,0
PROP-000848,48,1.3,4794.59,4023.58,62.8,40.0,0,0,0
PROP-000849,29,2.3,3460.95,11262.22,25.0,16.4,0,1,0
PROP-000850,49,0.8,8978.18,7912.43,47.9,33.5,0,4,0
PROP-000851,33,0.3,5813.13,14552.16,21.7,79.0,3,2,0
PROP-000852,32,9.8,1414.95,1544.54,14.6,37.2,0,0,0
PROP-000853,48,8.0,3547.65,11743.87,11.5,87.0,0,2,0
PROP-000854,38,6.3,4495.99,3091.37,36.4,30.1,0,2,0
PROP-000855,41,2.9,2744.92,3217.8,41.6,24.0,0,0,0
PROP-000856,38,2.8,6671.13,5577.85,40.8,42.1,0,2,1
PROP-000857,42,1.9,6185.52,17819.73,26.0,6.6,0,3,0
PROP-000858,43,2.1,5596.85,8702.72,43.7,40.8,3,2,0
PROP-000859,18,0.1,6876.43,15088.27,17.2,37.9,0,3,0
PROP-000860,45,1.8,9909.78,12756.08,30.0,48.0,3,2,0
PROP-000861,26,5.4,7297.76,25015.5,10.2,16.8,0,0,0
PROP-000862,20,1.4,7208.33,20416.66,15.8,36.8,0,3,0
PROP-000863,37,13.3,4396.09,6968.04,31.8,25.9,1,7,0
PROP-000864,39,1.3,3139.34,9384.72,42.5,11.3,1,0,0
PROP-000865,29,0.6,15174.07,13343.28,21.1,93.0,1,2,1
PROP-000866,47,3.0,5700.6,16117.07,29.7,25.9,0,4,0
PROP-000867,21,2.1,2492.74,3614.75,32.2,42.6,0,2,0
PROP-000868,33,3.3,4244.13,11564.02,40.2,71.2,0,2,0
PROP-000869,30,4.8,3605.74,3465.28,29.2,70.4,1,4,1
PROP-000870,37,3.6,7306.83,6654.9,5.4,55.7,2,3,1
PROP-000871,41,1.8,3685.1,8505.11,24.5,13.2,0,1,0
PROP-000872,25,2.9,1764.05,4556.98,21.2,87.5,0,3,0
PROP-000873,46,1.4,6318.22,8582.32,17.9,18.2,0,1,0
PROP-000874,38,11.2,3228.36,4669.95,16.6,42.7,1,0,1
PROP-000875,18,0.1,1412.0,1644.09,70.3,18.4,0,2,0
PROP-000876,18,0.1,7659.77,17996.96,19.3,16.5,0,3,0
PROP-000877,37,4.3,2023.59,6048.64,49.1,42.7,1,5,0
PROP-000878,35,5.4,2456.77,6191.57,46.7,64.0,3,2,1
PROP-000879,36,3.6,4666.35,15116.24,34.9,56.0,0,4,0
PROP-000880,37,2.1,4837.53,5133.59,48.4,67.7,3,5,1
PROP-000881,40,1.8,3210.87,4984.31,27.1,22.6,0,2,0
PROP-000882,49,4.3,5536.32,14503.14,57.4,73.2,1,6,1
PROP-000883,24,1.9,7352.54,13850.9,24.9,38.7,3,0,1
PROP-000884,23,2.1,2559.8,6586.81,29.5,14.2,0,0,0
PROP-000885,24,3.6,4644.35,4369.16,16.7,26.9,0,3,0
PROP-000886,41,0.8,4808.85,6505.66,19.2,53.2,0,0,0
PROP-000887,52,1.9,9115.59,15325.32,45.5,65.3,1,2,0
PROP-000888,32,2.3,5046.82,11007.79,46.8,10.6,0,3,0
PROP-000889,18,0.1,1469.43,3621.19,38.6,64.4,2,6,1
PROP-000890,18,0.1,17728.83,50000.0,54.1,48.8,5,2,1
PROP-000891,28,2.7,4736.96,5539.81,14.8,21.1,0,3,0
PROP-000892,31,0.4,5161.41,15435.35,12.9,42.8,0,1,0
PROP-000893,33,3.3,4150.7,10813.2,18.7,16.8,0,3,0
PROP-000894,38,0.8,5210.8,2813.08,38.6,30.3,0,3,0
PROP-000895,34,6.6,5709.46,9882.74,32.8,24.2,0,0,0
PROP-000896,50,1.5,7029.12,23519.01,43.6,18.1,2,3,0
PROP-000897,29,0.1,4028.42,9573.15,13.7,47.0,0,1,0
PROP-000898,27,0.5,1412.0,1000.0,4.1,22.7,0,0,0
PROP-000899,43,3.2,3392.33,4498.04,17.1,82.3,2,4,0
PROP-000900,19,0.7,3880.36,2709.25,17.5,40.7,0,3,0
PROP-000901,42,2.2,2919.81,7105.8,27.9,18.6,0,1,0
PROP-000902,39,1.3,2297.66,6874.85,67.1,43.2,2,2,1
PROP-000903,36,0.1,3303.58,3646.58,24.8,3.2,0,3,0
PROP-000904,57,0.1,7361.16,12670.11,15.7,53.6,0,3,0
PROP-000905,30,2.2,5318.63,8032.23,29.3,46.3,1,0,0
PROP-000906,62,2.0,1954.27,3348.51,41.3,36.2,2,1,0
PROP-000907,35,2.0,1537.41,1190.89,15.7,12.4,0,1,0
PROP-000908,22,0.5,1525.1,3562.77,5.4,21.1,0,0,0
PROP-000909,38,1.6,5088.37,15266.19,39.8,8.0,0,2,0
PROP-000910,25,4.9,1777.85,1000.0,62.7,36.7,2,1,0
PROP-000911,28,7.0,4167.28,11692.48,18.6,7.1,1,2,0
PROP-000912,42,3.5,6488.09,11066.02,15.9,39.0,0,0,0
PROP-000913,44,2.0,5560.78,16248.71,57.4,41.9,1,7,1
PROP-000914,30,2.9,3559.89,2404.13,49.4,29.3,0,1,0
PROP-000915,49,0.3,11136.04,32581.84,18.5,27.8,0,2,0
PROP-000916,51,0.2,3034.51,10044.34,25.5,66.2,0,2,0
PROP-000917,55,5.0,4742.53,15529.49,39.8,13.8,1,1,0
PROP-000918,44,2.2,3473.91,3156.96,9.7,64.5,0,1,0
PROP-000919,54,6.0,3883.68,11601.91,14.0,44.4,0,0,0
PROP-000920,18,0.1,7156.01,19156.89,17.1,60.9,2,3,0
PROP-000921,34,8.8,6444.4,17285.22,52.2,56.1,1,4,0
PROP-000922,27,0.8,1470.71,4389.89,13.1,51.4,0,3,0
PROP-000923,39,9.3,2357.71,5133.0,35.5,51.4,2,2,0
PROP-000924,31,0.7,7177.52,12071.6,21.3,16.6,0,2,0
PROP-000925,36,4.9,1991.1,4350.96,7.0,69.3,1,2,0
PROP-000926,60,8.4,2375.36,1811.16,64.7,24.4,0,1,0
PROP-000927,35,2.2,5369.33,16936.29,47.8,54.6,2,2,0
PROP-000928,42,1.4,7824.15,24271.33,28.6,42.7,1,1,0
PROP-000929,35,1.9,7256.04,10000.53,55.7,23.0,3,1,1
PROP-000930,38,1.7,1660.77,3937.94,39.7,66.8,1,0,0
PROP-000931,38,8.5,3709.1,9538.4,37.5,85.3,2,5,1
PROP-000932,43,0.3,3474.73,10555.18,30.8,87.0,0,4,0
PROP-000933,51,9.9,3044.68,6745.53,32.7,37.1,0,1,0
PROP-000934,57,2.2,1696.72,5077.05,36.4,51.5,0,1,0
PROP-000935,41,3.0,9918.09,5484.12,37.1,19.0,2,3,1
PROP-000936,45,1.6,4076.21,3146.57,74.7,74.4,3,2,1
PROP-000937,24,4.2,2430.01,3504.23,36.8,27.6,0,1,0
PROP-000938,36,0.1,5414.08,10656.41,6.2,23.6,1,1,0
PROP-000939,49,1.2,3942.63,6227.13,38.7,24.4,0,1,1
PROP-000940,48,3.3,7220.02,24851.02,38.5,39.2,2,2,1
PROP-000941,40,0.9,3250.84,7519.79,18.4,57.6,1,3,0
PROP-000942,48,2.3,3362.84,10589.69,43.9,56.7,1,3,0
PROP-000943,43,0.6,4438.5,7106.33,26.9,49.7,0,2,0
PROP-000944,52,4.0,6612.0,17451.84,19.1,28.0,0,4,0
PROP-000945,41,0.9,2430.1,3737.72,11.5,34.8,0,1,0
PROP-000946,33,4.1,1890.27,3621.42,37.2,19.8,3,3,1
PROP-000947,42,1.7,5951.69,9057.75,19.6,17.8,0,1,0
PROP-000948,18,0.1,5189.57,12330.28,46.7,32.3,0,1,1
PROP-000949,42,2.2,4521.45,5575.13,39.3,65.5,4,3,1
PROP-000950,18,0.1,4610.59,13770.16,27.3,33.4,0,1,0
PROP-000951,18,0.1,4468.71,11451.51,44.4,68.8,0,4,1
PROP-000952,43,2.3,9863.46,31326.16,18.0,79.9,1,4,0
PROP-000953,43,17.5,4977.46,12548.06,10.7,68.0,0,3,0
PROP-000954,24,3.5,3906.69,11768.46,50.2,80.4,1,1,0
PROP-000955,29,1.3,2357.8,4504.92,35.8,19.7,0,0,0
PROP-000956,54,4.9,3487.95,7674.13,12.1,57.5,3,2,0
PROP-000957,32,2.4,6129.77,4731.51,37.6,43.5,0,3,0
PROP-000958,64,2.7,6857.55,13877.61,57.8,66.3,0,4,0
PROP-000959,37,1.1,1827.88,6207.51,19.3,13.7,0,0,0
PROP-000960,42,3.1,7481.85,26072.39,13.3,59.9,0,0,0
PROP-000961,57,4.9,4088.63,14150.1,65.7,41.3,0,2,1
PROP-000962,39,0.6,18038.28,37629.41,6.7,58.0,1,1,0
PROP-000963,25,1.2,9123.28,10972.17,49.9,4.2,0,1,0
PROP-000964,36,5.7,3933.92,12576.14,8.1,48.3,0,1,0
PROP-000965,37,6.6,2175.49,6110.78,32.4,25.9,0,3,0
PROP-000966,21,0.5,2358.33,7587.31,48.5,60.2,0,2,1
PROP-000967,34,11.2,3173.04,6136.9,29.8,53.9,2,1,0
PROP-000968,29,1.0,12833.83,33744.77,38.7,21.5,4,3,0
PROP-000969,49,2.3,3623.73,5793.61,70.7,21.2,2,3,1
PROP-000970,38,0.6,4963.54,7359.85,15.3,28.1,2,1,0
PROP-000971,34,1.1,3995.95,2031.77,44.7,36.9,1,2,1
PROP-000972,36,3.5,3869.9,5811.09,58.3,76.7,0,1,1
PROP-000973,40,1.6,3383.81,5471.92,24.6,40.7,0,1,0
PROP-000974,45,2.1,10454.59,32945.38,40.2,41.8,0,1,0
PROP-000975,26,5.6,7302.92,18507.12,3.4,48.5,1,1,0
PROP-000976,25,4.9,1846.15,4537.85,28.0,18.3,3,1,0
PROP-000977,51,0.5,1611.05,2039.28,20.1,54.6,2,2,0
PROP-000978,33,2.2,7080.11,13317.17,20.0,11.9,0,3,0
PROP-000979,20,0.5,8302.25,27625.71,12.0,24.5,1,2,0
PROP-000980,43,0.3,2499.41,3771.5,44.3,34.6,0,4,0
PROP-000981,43,1.0,3362.45,4081.45,28.5,42.8,1,5,0
PROP-000982,19,0.7,8428.98,15085.31,29.3,27.2,0,3,0
PROP-000983,40,1.2,6395.46,7630.8,8.7,19.5,2,1,0
PROP-000984,46,1.8,4371.43,12464.77,36.4,24.7,0,3,0
PROP-000985,42,1.3,6156.29,16634.24,28.0,62.8,0,0,0
PROP-000986,45,0.5,3766.64,11770.23,31.5,33.3,0,0,0
PROP-000987,21,1.7,3432.93,3391.13,14.8,36.3,0,1,0
PROP-000988,41,2.7,8306.84,17362.68,34.5,73.9,1,2,0
PROP-000989,34,0.3,2942.6,4089.32,41.2,65.2,2,5,0
PROP-000990,32,0.5,3309.25,11119.0,29.2,28.3,0,4,1
PROP-000991,48,1.9,12150.02,25045.54,42.5,13.4,2,1,0
PROP-000992,55,3.5,2619.65,7145.06,52.2,46.7,0,2,0
PROP-000993,59,2.0,11922.72,39352.46,65.0,65.3,1,5,1
PROP-000994,53,0.6,4879.56,3131.77,42.9,86.3,1,0,0
PROP-000995,36,4.5,4402.11,11448.65,40.1,10.3,1,1,0
PROP-000996,42,6.2,6001.06,12109.16,24.4,62.0,2,4,0
PROP-000997,47,4.2,7261.02,17344.51,35.7,40.2,1,1,0
PROP-000998,39,5.0,9944.16,33118.25,3.8,96.9,4,2,1
PROP-000999,39,0.8,3836.69,7806.85,20.1,29.0,0,0,0
PROP-001000,47,0.4,5733.92,8429.95,8.4,48.8,2,1,0
PROP-001001,37,1.4,3357.63,2524.69,26.5,25.1,0,3,0
PROP-001002,29,1.2,3161.23,4372.5,48.3,74.6,1,4,1
PROP-001003,33,1.4,4721.13,4607.94,36.9,52.8,0,2,0
PROP-001004,45,2.4,6822.87,13483.03,55.0,89.0,2,1,1
PROP-001005,38,0.3,2524.68,6411.54,22.9,28.4,0,1,0
PROP-001006,42,0.1,1682.88,3600.61,8.8,57.7,0,1,0
PROP-001007,46,5.8,2376.08,2818.42,23.7,62.7,0,5,0
PROP-001008,33,4.6,3290.01,4781.42,36.3,60.1,3,2,0
PROP-001009,47,2.3,9491.83,22980.24,18.3,46.1,0,1,0
PROP-001010,42,6.7,2644.82,5671.37,13.1,71.8,3,3,0
PROP-001011,23,3.1,5908.31,11145.91,61.7,8.7,0,0,0
PROP-001012,55,0.5,8661.36,24454.21,49.7,32.9,0,2,0
PROP-001013,31,1.0,2762.49,8919.61,45.1,17.2,1,2,0
PROP-001014,18,0.1,9917.46,27453.67,36.9,7.7,0,2,0
PROP-001015,25,3.3,6197.57,7048.81,11.5,41.7,0,2,0
PROP-001016,25,4.9,2452.98,4466.1,28.4,32.6,2,3,0
PROP-001017,38,0.9,3462.14,10073.2,52.4,34.0,0,4,0
PROP-001018,34,1.6,2725.26,8380.1,29.9,69.4,1,2,0
PROP-001019,33,0.1,3753.46,5561.62,53.5,15.0,6,3,1
PROP-001020,45,0.6,5559.24,16118.22,22.0,6.6,0,3,0
PROP-001021,42,0.8,2961.12,7339.7,4.5,32.2,0,0,0
PROP-001022,41,3.1,5461.31,2999.03,37.1,45.7,2,3,0
PROP-001023,42,0.1,4867.49,11296.34,46.8,65.3,2,4,0
PROP-001024,45,6.5,2313.25,2872.82,22.9,26.6,2,0,0
PROP-001025,18,0.1,5476.83,15481.51,9.9,13.3,2,0,0
PROP-001026,33,2.8,8342.52,23795.97,27.7,25.4,1,3,0
PROP-001027,18,0.1,3793.17,2506.5,55.1,68.8,0,3,1
PROP-001028,38,0.4,6811.06,23526.31,37.1,51.2,4,3,1
PROP-001029,37,1.9,2370.32,3783.82,30.9,52.3,2,1,1
PROP-001030,50,3.7,11036.04,8646.83,20.0,28.7,0,3,0
PROP-001031,52,1.1,6304.5,13356.25,7.7,31.8,0,1,0
PROP-001032,40,1.6,6690.77,6174.66,16.7,26.3,3,1,0
PROP-001033,31,4.9,2949.25,2754.47,30.4,22.3,0,0,0
PROP-001034,43,3.9,6701.6,18804.71,39.6,34.0,2,3,0
PROP-001035,31,0.1,5623.76,13891.87,47.1,18.1,1,2,0
PROP-001036,37,2.0,6852.68,5724.99,22.7,36.4,0,1,0
PROP-001037,49,5.3,9579.17,18403.75,21.0,23.7,1,2,0
PROP-001038,31,0.1,3278.9,4003.08,5.9,48.8,0,0,0
PROP-001039,47,13.2,9577.84,25890.99,4.3,19.7,0,1,0
PROP-001040,46,0.2,6944.29,7111.65,48.3,30.2,2,1,0
PROP-001041,26,2.1,2176.01,4578.7,46.5,43.4,0,2,0
PROP-001042,49,5.3,11865.3,14745.38,27.5,10.4,0,1,0
PROP-001043,46,2.5,3212.05,9454.32,20.4,25.7,0,3,0
PROP-001044,39,5.9,4995.8,6917.41,27.6,49.1,0,1,0
PROP-001045,28,0.1,5127.29,9972.86,22.4,3.1,2,0,0
PROP-001046,27,1.7,2495.21,4375.22,30.6,13.6,0,1,0
PROP-001047,31,0.9,7448.04,24238.61,12.1,40.2,0,1,0
PROP-001048,44,0.8,3408.64,4615.74,24.4,63.2,0,2,0
PROP-001049,26,1.9,2063.39,1997.41,15.3,25.7,3,0,0
PROP-001050,43,2.4,2712.59,1973.82,30.1,8.6,0,1,0
PROP-001051,23,0.4,1494.33,4559.94,31.2,24.8,1,0,0
PROP-001052,35,4.4,1993.53,3261.5,12.8,3.8,0,0,0
PROP-001053,39,1.6,8034.34,26895.92,36.7,8.8,0,2,0
PROP-001054,67,1.5,1769.59,1721.98,37.5,58.3,2,3,0
PROP-001055,21,2.1,5451.49,3298.75,60.4,44.0,0,4,0
PROP-001056,55,8.3,3127.95,1828.42,26.3,62.9,2,1,0
PROP-001057,39,4.0,8485.41,16925.02,20.4,48.9,0,3,0
PROP-001058,42,0.4,4381.35,10206.46,40.0,31.6,0,4,1
PROP-001059,39,0.8,2154.22,1491.26,18.7,12.1,0,1,0
PROP-001060,43,0.1,6301.28,19718.37,9.9,66.5,2,2,0
PROP-001061,36,2.1,3525.5,10106.1,21.1,36.7,0,0,0
PROP-001062,55,2.9,6629.72,14133.52,14.1,5.1,3,2,0
PROP-001063,32,1.7,5388.18,11603.3,25.5,67.1,2,0,1
PROP-001064,51,1.9,2353.09,7747.97,50.5,61.0,1,0,0
PROP-001065,30,0.9,4101.43,5154.14,17.5,62.1,2,2,1
PROP-001066,37,1.3,3147.71,10277.08,65.5,28.5,2,1,0
PROP-001067,25,4.9,3795.62,4342.37,47.8,55.8,0,1,0
PROP-001068,43,4.6,4079.62,11887.92,7.2,80.6,2,6,1
PROP-001069,55,5.0,1703.03,4186.47,41.1,59.2,0,4,0
PROP-001070,37,2.4,5298.89,8613.13,31.1,28.8,0,4,0
PROP-001071,35,11.9,3632.6,4998.79,10.4,73.9,0,2,0
PROP-001072,24,4.2,2059.8,3470.06,12.0,53.3,0,1,0
PROP-001073,35,2.9,2204.12,1246.63,31.0,6.4,0,2,0
PROP-001074,18,0.1,1560.85,2917.85,30.3,72.1,1,2,0
PROP-001075,27,2.0,14265.12,26994.36,37.1,27.8,0,1,0
PROP-001076,40,9.2,4339.38,7450.86,25.4,38.5,2,0,1
PROP-001077,53,5.8,5529.57,18779.29,37.3,54.7,1,1,0
PROP-001078,71,2.9,10498.64,34955.94,18.3,34.0,0,4,0
PROP-001079,30,0.7,22778.48,50000.0,31.0,27.7,0,4,0
PROP-001080,55,0.9,2890.02,6894.69,18.0,10.4,0,0,0
PROP-001081,40,3.9,3236.68,8442.37,9.6,12.8,0,0,0
PROP-001082,36,4.8,2419.73,6431.46,74.2,42.1,0,4,0
PROP-001083,43,5.0,4041.69,12612.1,26.5,57.2,0,1,0
PROP-001084,38,5.3,1495.8,1598.54,39.7,51.0,3,2,1
PROP-001085,39,6.0,9701.61,13535.7,34.9,63.5,0,3,0
PROP-001086,33,5.4,5979.0,7978.88,50.7,8.6,0,3,0
PROP-001087,21,0.5,3912.2,3014.73,22.8,82.2,0,1,0
PROP-001088,19,0.7,1843.03,2699.28,42.1,36.2,3,0,1
PROP-001089,45,2.2,10507.6,16134.28,26.6,31.1,0,3,0
PROP-001090,34,4.6,3400.23,4674.33,6.0,34.3,0,0,0
PROP-001091,30,8.4,12568.65,29435.91,11.9,62.6,2,0,0
PROP-001092,38,4.7,3704.31,4230.16,11.6,30.0,1,2,0
PROP-001093,47,7.6,4637.17,13255.79,7.8,75.0,1,1,0
PROP-001094,40,0.5,2098.32,2242.55,13.1,54.7,0,1,0
PROP-001095,30,3.1,9158.65,8166.79,48.7,17.1,0,1,0
PROP-001096,52,4.7,1626.78,2502.22,13.8,61.1,3,4,0
PROP-001097,56,0.1,7075.24,7179.81,10.3,53.8,0,4,0
PROP-001098,43,2.2,10168.06,32751.65,31.3,61.7,0,2,0
PROP-001099,49,3.0,1637.11,3431.02,39.9,73.3,2,1,0
PROP-001100,52,0.2,7769.61,21222.68,37.1,36.3,3,2,1
PROP-001101,51,6.6,10538.26,23629.13,7.9,74.5,2,2,0
PROP-001102,45,3.2,5761.8,13978.78,50.5,12.9,1,1,0
PROP-001103,45,1.3,6325.28,12509.83,36.1,34.4,1,3,0
PROP-001104,44,1.4,5598.58,4309.65,33.9,33.7,3,3,0
PROP-001105,24,3.0,4629.58,11361.6,14.9,40.1,1,1,0
PROP-001106,46,9.2,2404.73,3670.16,24.3,2.6,0,0,0
PROP-001107,21,2.1,4304.25,9447.82,3.5,25.9,2,3,0
PROP-001108,28,1.7,3707.76,5106.08,35.6,46.2,0,1,0
PROP-001109,53,2.8,13720.26,26596.4,16.3,6.9,3,0,0
PROP-001110,48,0.6,4271.92,4513.41,21.0,31.6,0,3,0
PROP-001111,55,4.8,4363.3,2407.75,27.7,53.1,0,2,0
PROP-001112,34,0.2,4981.27,9309.41,18.8,20.1,0,1,0
PROP-001113,24,1.7,5829.26,17549.08,16.7,4.5,0,2,0
PROP-001114,35,6.0,2793.59,2223.98,8.7,35.8,0,1,0
PROP-001115,39,2.7,7868.32,23353.65,16.1,57.1,0,7,0
PROP-001116,38,2.1,4237.14,6404.73,4.8,48.4,0,1,0
PROP-001117,51,5.3,6910.2,8114.02,32.9,40.5,4,2,0
PROP-001118,33,10.1,2587.55,6684.81,34.9,35.5,1,4,0
PROP-001119,42,0.2,4098.52,3924.6,20.9,26.4,0,3,0
PROP-001120,26,3.5,10853.54,6640.29,67.2,48.9,1,6,1
PROP-001121,43,1.9,14678.73,48516.62,12.8,19.7,0,2,0
PROP-001122,38,6.6,6649.15,12570.74,44.0,46.0,1,4,0
PROP-001123,29,1.3,2274.28,3072.58,36.5,15.2,0,0,0
PROP-001124,35,10.6,1473.65,3182.6,29.9,78.2,0,1,0
PROP-001125,35,5.0,6646.74,18672.83,10.4,29.1,3,2,0
PROP-001126,34,9.8,14611.41,34325.82,10.4,22.0,0,2,0
PROP-001127,59,1.0,3527.11,11538.01,28.2,20.8,2,1,0
PROP-001128,36,0.6,3973.58,7900.32,31.6,20.3,2,1,0
PROP-001129,35,1.2,5253.49,4940.13,13.7,68.0,0,0,1
PROP-001130,18,0.1,20157.87,27878.46,37.6,63.5,0,3,0
PROP-001131,27,4.7,4993.5,15606.13,26.3,29.3,1,4,0
PROP-001132,34,2.8,5045.27,4950.62,24.7,92.9,0,6,1
PROP-001133,29,4.5,3564.54,5544.2,32.9,32.4,3,1,0
PROP-001134,54,11.0,4761.61,11163.18,25.5,46.2,0,2,0
PROP-001135,36,0.5,8806.67,27097.87,36.9,18.6,0,2,0
PROP-001136,53,6.1,3031.62,9191.24,23.2,14.7,2,0,0
PROP-001137,38,1.1,7935.75,18437.2,22.4,48.6,2,3,0
PROP-001138,38,2.3,8144.49,12364.87,45.8,72.4,1,3,1
PROP-001139,36,0.9,2780.4,9003.52,51.2,30.0,0,1,0
PROP-001140,38,0.9,7220.06,13216.92,35.7,44.8,2,1,0
PROP-001141,58,5.5,15359.88,37285.1,35.0,54.8,0,0,0
PROP-001142,18,0.1,2149.76,3812.48,5.0,55.8,0,2,0
PROP-001143,18,0.1,4091.86,13132.11,6.3,41.3,0,0,0
PROP-001144,31,0.9,5219.69,10992.19,20.4,24.1,2,3,0
PROP-001145,38,2.2,5638.87,13082.81,68.0,39.3,1,8,1
PROP-001146,46,2.0,2528.38,3586.76,21.1,49.5,0,1,0
PROP-001147,43,0.8,2108.12,6070.0,15.8,24.2,1,1,0
PROP-001148,33,5.2,2868.35,9950.1,30.4,18.1,0,2,0
PROP-001149,50,0.5,4741.62,5972.4,43.8,40.6,0,3,0
PROP-001150,50,5.1,3370.3,9062.09,36.6,72.4,2,2,1
PROP-001151,40,10.2,7524.05,13373.92,39.4,13.6,0,2,0
PROP-001152,49,2.8,9222.74,25765.1,19.0,24.6,0,4,0
PROP-001153,41,0.8,2665.49,8417.4,20.7,40.0,0,0,0
PROP-001154,31,0.1,5450.08,17821.68,3.0,36.9,1,1,0
PROP-001155,46,3.3,4737.15,16434.89,28.5,10.9,1,1,0
PROP-001156,39,0.4,20545.95,15725.4,7.2,67.2,0,6,0
PROP-001157,38,3.1,3461.9,7668.43,30.7,15.2,0,0,0
PROP-001158,55,0.7,5708.59,7220.56,49.6,35.3,1,6,1
PROP-001159,18,0.1,14774.44,39610.4,28.2,42.6,0,1,0
PROP-001160,20,1.3,1412.0,2242.96,20.0,11.0,1,1,0
PROP-001161,23,3.0,10832.06,8129.75,19.6,55.6,0,1,0
PROP-001162,33,0.9,3082.4,6323.93,56.1,20.5,2,0,1
PROP-001163,34,4.6,1866.7,4328.73,21.3,32.8,1,3,0
PROP-001164,19,0.1,5388.41,8861.87,16.2,19.6,1,1,0
PROP-001165,26,3.6,5043.43,12983.96,5.9,61.6,4,3,1
PROP-001166,27,4.8,6470.33,5446.37,19.6,19.0,1,0,0
PROP-001167,67,11.4,7021.31,21420.51,17.7,31.7,0,1,0
PROP-001168,59,1.3,4192.29,4593.13,9.0,21.1,2,1,0
PROP-001169,33,2.9,12835.09,28447.32,23.2,60.5,1,5,1
PROP-001170,33,0.2,10315.66,15067.7,50.0,64.3,1,2,1
PROP-001171,24,0.8,5863.15,20445.98,12.1,34.9,0,2,0
PROP-001172,18,0.1,5548.87,17138.84,21.9,49.7,0,8,1
PROP-001173,36,0.3,9110.3,7065.78,16.4,47.0,0,1,0
PROP-001174,26,5.6,4599.32,9535.65,18.4,57.5,2,2,0
PROP-001175,36,0.9,2143.95,6238.46,33.7,85.9,1,0,1
PROP-001176,18,0.1,4208.54,2166.59,20.1,42.0,1,1,0
PROP-001177,28,2.8,3661.88,12796.76,12.7,21.9,0,1,0
PROP-001178,39,3.9,4875.31,9058.09,20.3,58.2,0,0,0
PROP-001179,42,0.1,2208.08,3416.18,54.1,24.9,0,1,0
PROP-001180,43,1.4,2389.01,7566.11,47.7,4.6,1,0,0
PROP-001181,22,1.9,8961.55,8165.12,34.2,39.5,1,4,0
PROP-001182,48,0.2,4699.9,8696.81,46.7,44.9,0,1,0
PROP-001183,28,4.8,3799.85,4128.31,21.1,80.2,2,0,0
PROP-001184,45,2.8,3483.78,4909.95,12.8,54.9,1,2,0
PROP-001185,37,7.2,4107.08,13260.88,29.2,56.8,0,2,0
PROP-001186,21,0.3,4993.37,4519.29,50.2,57.8,0,4,1
PROP-001187,34,1.7,1673.56,2446.17,26.9,45.8,0,3,0
PROP-001188,42,4.7,3554.53,11438.78,30.0,59.9,3,3,1
PROP-001189,45,5.7,5087.43,3466.54,40.4,9.5,0,4,0
PROP-001190,36,3.8,4135.94,10567.56,14.0,20.7,0,1,0
PROP-001191,56,6.9,1589.34,1000.0,31.1,40.5,0,1,0
PROP-001192,50,1.6,4588.46,13873.92,32.2,21.9,0,0,0
PROP-001193,34,1.0,4425.93,11483.9,39.2,43.5,2,3,0
PROP-001194,47,1.8,2982.63,4404.45,51.7,21.9,0,3,0
PROP-001195,61,10.1,2597.14,4194.32,48.2,42.5,0,3,0
PROP-001196,61,3.5,5100.96,9220.63,19.5,23.3,0,1,0
PROP-001197,23,3.5,4833.18,7730.15,19.0,13.1,0,0,0
PROP-001198,26,2.9,5981.74,20801.33,20.7,36.3,0,2,0
PROP-001199,55,1.1,15784.72,42521.55,37.9,79.1,0,2,0
PROP-001200,25,3.1,6395.82,8810.34,30.5,8.9,3,0,1
PROP-001201,22,2.1,2932.39,7160.21,19.0,5.1,0,3,0
PROP-001202,32,4.9,9632.96,14178.2,53.3,20.9,0,6,1
PROP-001203,43,0.1,3894.56,5208.87,25.7,63.7,1,4,0
PROP-001204,36,0.8,3903.46,11762.53,38.1,83.6,0,4,1
PROP-001205,30,6.7,2637.24,8560.19,41.7,42.0,0,4,0
PROP-001206,29,2.3,6394.14,10341.58,36.2,70.4,1,1,0
PROP-001207,29,0.5,3787.61,7918.62,34.1,17.4,0,1,0
PROP-001208,27,6.3,7713.31,11354.74,17.3,79.7,0,4,0
PROP-001209,65,0.9,6477.83,3345.56,12.9,27.7,2,0,0
PROP-001210,41,10.8,2749.57,4383.06,13.4,32.8,0,2,0
PROP-001211,48,1.0,2576.08,5102.9,43.1,44.2,0,1,0
PROP-001212,32,4.1,5290.58,5641.45,10.0,56.9,4,2,0
PROP-001213,35,0.5,9626.49,11557.0,12.9,37.6,0,1,0
PROP-001214,29,3.7,8626.33,17977.4,26.1,63.0,0,0,0
PROP-001215,18,0.1,11395.36,17258.05,58.3,21.3,3,3,1
PROP-001216,21,2.1,5054.35,16440.15,40.9,37.4,0,0,0
PROP-001217,18,0.1,7905.58,20195.22,31.5,17.4,1,3,1
PROP-001218,18,0.1,9084.86,16902.87,14.0,17.2,3,1,0
PROP-001219,23,2.4,15349.25,28336.25,46.3,56.1,1,3,1
PROP-001220,53,2.7,5892.88,5609.79,32.6,16.8,0,1,0
PROP-001221,37,1.4,3679.08,12798.44,24.0,39.6,2,2,1
PROP-001222,53,7.1,9273.47,13163.25,21.0,39.7,3,1,1
PROP-001223,42,0.2,2097.26,1572.6,34.1,18.1,0,2,0
PROP-001224,47,3.2,8889.8,22031.42,38.9,29.5,0,2,0
PROP-001225,27,2.2,10404.44,11580.94,19.1,43.5,0,1,0
PROP-001226,44,4.9,8564.46,13427.51,15.4,59.8,0,2,0
PROP-001227,46,4.3,2650.08,4723.22,17.1,50.2,2,0,1
PROP-001228,31,0.6,5326.97,14088.45,6.2,40.9,0,2,0
PROP-001229,44,1.4,8965.72,8725.41,79.8,59.3,2,3,0
PROP-001230,44,7.2,6397.9,16513.51,17.9,52.2,0,1,0
PROP-001231,31,0.6,4772.29,4688.66,25.3,60.6,0,2,0
PROP-001232,24,4.2,5308.8,10241.63,14.6,10.2,0,2,0
PROP-001233,23,0.7,29633.64,50000.0,15.0,39.7,1,0,0
PROP-001234,39,0.1,2574.2,3522.83,15.4,65.2,0,0,0
PROP-001235,41,2.8,2178.58,3424.88,30.1,37.4,0,1,1
PROP-001236,28,6.4,2649.23,8106.23,33.6,21.2,0,0,0
PROP-001237,38,12.1,16736.0,48152.46,32.0,21.3,0,5,0
PROP-001238,44,2.5,7188.3,22676.61,34.8,78.6,1,0,0
PROP-001239,45,6.8,3336.26,2077.33,6.6,40.2,0,2,0
PROP-001240,56,1.5,17765.01,11512.34,36.5,41.4,4,3,0
PROP-001241,53,1.2,2355.94,2533.8,27.7,21.6,2,0,0
PROP-001242,25,4.9,3265.91,3140.14,42.0,31.0,2,2,1
PROP-001243,58,6.4,2294.75,1538.8,21.5,20.3,0,1,0
PROP-001244,31,0.6,4859.81,6279.18,19.3,27.7,0,1,0
PROP-001245,50,13.5,6166.89,9174.25,48.3,28.8,0,4,0
PROP-001246,38,2.2,5079.65,9365.54,39.3,61.3,4,1,1
PROP-001247,33,6.4,9532.39,9047.96,10.4,9.5,0,0,0
PROP-001248,18,0.1,3656.81,5992.07,37.8,32.9,0,3,0
PROP-001249,35,1.0,3914.62,7705.44,14.3,37.5,1,0,0
PROP-001250,19,0.7,5570.15,15609.14,24.9,58.2,2,5,0
PROP-001251,49,12.4,13984.41,28579.67,33.7,60.9,0,0,0
PROP-001252,56,2.6,6130.38,10776.83,33.7,25.2,2,3,1
PROP-001253,28,1.1,3905.03,2169.79,36.8,34.2,2,2,0
PROP-001254,41,7.9,7510.86,18866.54,24.3,17.4,0,1,0
PROP-001255,29,5.5,4082.41,3383.51,27.9,51.2,0,2,0
PROP-001256,30,0.1,5409.32,8683.36,11.1,48.2,0,1,1
PROP-001257,47,0.1,4170.73,4210.43,27.8,49.4,3,3,1
PROP-001258,37,3.3,2224.52,7584.94,9.2,32.8,2,2,0
PROP-001259,58,2.6,3136.54,1784.87,28.6,28.7,0,2,0
PROP-001260,32,4.8,11592.7,11327.2,30.0,69.9,1,1,0
PROP-001261,49,1.5,5546.11,10879.43,34.7,25.5,2,4,1
PROP-001262,39,0.4,5063.0,5906.26,43.8,47.1,2,0,0
PROP-001263,47,8.0,4714.31,8855.53,27.3,57.4,0,3,0
PROP-001264,32,1.9,3880.33,8137.46,14.6,18.3,0,4,0
PROP-001265,37,2.8,4741.97,15008.62,66.7,30.3,2,3,1
PROP-001266,36,4.0,3682.47,5090.89,18.3,74.2,2,1,0
PROP-001267,27,2.7,5370.58,18275.03,40.7,41.7,0,1,0
PROP-001268,45,4.5,2448.57,3474.94,43.6,49.7,2,2,0
PROP-001269,45,9.1,6973.99,3796.31,28.3,60.0,0,3,0
PROP-001270,45,1.3,4401.29,7076.27,44.0,12.0,0,2,0
PROP-001271,56,5.5,2131.55,3635.16,21.9,58.6,2,1,0
PROP-001272,55,10.5,3860.11,8003.99,43.0,15.8,0,3,0
PROP-001273,33,1.6,3630.14,4042.37,13.3,29.8,2,1,0
PROP-001274,42,12.0,8388.21,12079.79,18.8,27.9,0,2,0
PROP-001275,30,2.0,4145.66,6435.04,3.0,20.5,0,0,0
PROP-001276,38,5.7,2857.42,3011.17,19.4,21.3,0,4,1
PROP-001277,30,2.2,1412.0,1336.68,28.4,27.0,3,3,1
PROP-001278,57,1.7,3227.93,5268.93,38.0,66.1,3,3,0
PROP-001279,42,4.3,9279.19,15154.94,25.1,11.0,2,0,0
PROP-001280,35,0.3,6041.84,15976.24,14.5,46.5,0,2,0
PROP-001281,52,0.8,2718.24,5229.27,46.1,35.9,0,0,0
PROP-001282,18,0.1,4117.51,2516.68,42.5,58.8,0,5,0
PROP-001283,18,0.1,4805.62,12950.59,55.8,76.6,3,3,1
PROP-001284,47,1.0,11743.76,21037.52,32.0,44.7,2,5,0
PROP-001285,38,10.1,4596.35,2680.77,57.2,7.0,1,2,0
PROP-001286,41,2.5,3331.38,11624.88,20.5,22.3,0,2,0
PROP-001287,22,2.8,5644.01,17877.03,32.0,32.7,0,1,0
PROP-001288,37,2.5,6695.32,18599.34,11.9,21.8,0,2,0
PROP-001289,62,2.5,7224.73,24369.96,28.5,76.1,0,3,0
PROP-001290,47,3.3,7141.48,12995.75,63.6,80.2,2,5,1
PROP-001291,40,0.8,16516.03,9267.38,37.6,51.2,1,2,0
PROP-001292,32,4.6,2212.44,2999.18,58.7,68.3,1,3,1
PROP-001293,33,2.6,4223.52,4429.1,5.5,13.0,0,2,0
PROP-001294,18,0.1,4533.05,13725.36,45.0,46.5,0,2,0
PROP-001295,41,0.3,2112.66,4143.74,14.8,69.9,1,0,0
PROP-001296,48,5.3,2337.36,6959.87,28.9,57.9,0,3,0
PROP-001297,19,0.7,3910.06,10136.84,22.2,80.3,1,1,1
PROP-001298,30,5.5,3666.82,3870.29,62.6,84.7,0,3,1
PROP-001299,24,2.7,3350.53,8675.59,17.1,43.6,0,2,0
PROP-001300,26,1.4,1554.71,1161.61,25.0,46.8,0,0,0
PROP-001301,38,2.3,2328.46,3503.21,26.7,63.7,0,0,0
PROP-001302,18,0.1,3236.99,9334.02,18.9,64.4,0,2,0
PROP-001303,45,1.2,3927.37,11288.35,35.6,12.0,0,4,0
PROP-001304,47,4.5,5403.79,16054.62,29.5,22.8,0,2,0
PROP-001305,34,10.9,3873.73,7761.92,29.6,39.7,0,1,0
PROP-001306,18,0.1,3033.47,3853.94,23.0,20.1,0,1,1
PROP-001307,26,0.2,5605.02,3576.03,30.1,67.4,0,3,0
PROP-001308,52,13.2,5278.75,13208.66,73.5,29.9,1,3,0
PROP-001309,18,0.1,2590.9,4815.75,35.8,65.5,2,3,1
PROP-001310,33,9.7,14681.47,31691.35,63.3,14.0,0,4,0
PROP-001311,23,3.5,1412.0,4887.63,32.7,44.6,0,2,0
PROP-001312,47,2.1,6732.38,7059.39,13.2,78.9,3,2,1
PROP-001313,29,7.7,7798.2,22240.41,7.9,28.2,0,2,0
PROP-001314,42,0.7,8428.64,11320.59,10.5,30.3,0,3,0
PROP-001315,44,0.8,5498.78,17654.5,74.9,56.9,2,3,1
PROP-001316,60,0.6,1988.83,3517.91,38.8,21.6,0,4,0
PROP-001317,35,5.7,14596.46,37929.95,26.5,48.3,4,4,1
PROP-001318,42,1.5,1996.18,3713.86,24.5,60.6,0,2,0
PROP-001319,20,1.4,2373.92,7228.45,33.4,27.9,2,1,0
PROP-001320,52,8.2,3267.5,3030.91,5.7,77.1,0,2,0
PROP-001321,28,5.0,2110.62,4736.3,48.0,72.5,0,2,0
PROP-001322,31,2.5,2121.09,7052.4,45.5,25.6,1,3,0
PROP-001323,37,2.8,2646.5,8380.71,25.7,60.0,1,2,0
PROP-001324,19,0.7,1412.0,2811.21,11.1,4.7,1,1,0
PROP-001325,40,0.2,4814.38,12268.89,28.2,57.6,0,1,0
PROP-001326,49,1.5,3449.05,11310.76,10.8,35.5,0,1,0
PROP-001327,41,9.7,3865.94,8978.61,27.1,10.0,4,2,0
PROP-001328,18,0.1,5312.98,12669.56,39.7,27.6,0,3,0
PROP-001329,36,3.9,4154.16,8645.12,44.2,36.7,0,2,0
PROP-001330,46,0.7,3031.29,1584.6,31.2,3.9,0,3,0
PROP-001331,18,0.1,5890.67,12590.03,12.7,31.2,0,1,0
PROP-001332,25,4.9,3801.33,4268.32,54.6,36.7,0,4,0
PROP-001333,48,1.3,2753.65,1943.33,25.6,43.6,0,3,0
PROP-001334,41,6.4,4103.05,10658.77,17.9,22.7,3,2,0
PROP-001335,42,11.4,9584.56,27078.56,29.3,38.1,0,4,0
PROP-001336,60,1.4,3175.92,3735.75,47.1,33.8,0,2,0
PROP-001337,43,1.8,6615.01,18798.28,28.2,59.5,0,1,0
PROP-001338,45,4.4,2471.54,5826.02,26.7,4.2,0,6,0
PROP-001339,70,2.7,4533.24,6323.29,15.5,80.2,0,3,0
PROP-001340,35,4.9,5267.63,16200.59,9.8,40.0,0,3,0
PROP-001341,28,3.2,2654.22,6595.83,16.7,46.0,2,5,1
PROP-001342,43,2.7,3613.68,2133.58,11.3,23.3,0,1,0
PROP-001343,43,2.5,2532.23,5576.75,7.1,86.9,0,1,0
PROP-001344,31,1.2,2676.16,4197.05,6.9,26.3,0,1,0
PROP-001345,25,1.4,4422.61,14196.89,44.1,50.3,2,2,1
PROP-001346,65,0.5,11700.93,6964.58,43.5,48.1,2,3,1
PROP-001347,41,1.9,5726.29,17857.46,46.7,70.9,0,1,1
PROP-001348,29,6.3,4550.85,4576.85,45.3,52.9,1,2,0
PROP-001349,48,0.7,10461.7,17059.82,29.0,31.8,3,5,1
PROP-001350,36,7.1,2037.47,3552.94,46.1,49.0,2,2,0
PROP-001351,34,0.6,10039.88,33651.07,17.8,23.7,2,0,0
PROP-001352,44,4.5,3584.98,3920.69,14.1,60.6,0,0,0
PROP-001353,22,0.2,5316.04,5878.46,42.7,29.4,1,0,0
PROP-001354,42,3.4,6752.77,12008.2,11.5,52.7,0,0,0
PROP-001355,60,6.0,6012.64,17530.09,18.5,6.3,0,2,0
PROP-001356,43,6.1,3627.07,2795.95,8.7,13.9,2,0,0
PROP-001357,33,1.3,7425.56,19340.45,33.6,72.8,2,3,0
PROP-001358,31,4.4,3532.35,4073.53,16.9,44.7,0,3,0
PROP-001359,33,8.5,3521.55,4053.0,15.3,30.7,2,1,0
PROP-001360,34,2.2,4380.77,11077.24,14.3,5.3,0,2,0
PROP-001361,33,3.3,6109.12,12300.44,40.6,62.2,0,4,0
PROP-001362,48,7.4,2483.23,2843.45,40.0,9.1,2,2,0
PROP-001363,18,0.1,2655.52,2134.92,40.4,11.1,0,2,0
PROP-001364,48,5.7,1601.97,1882.15,47.5,50.5,0,5,0
PROP-001365,33,6.2,3819.06,3471.07,43.7,39.2,1,0,1
PROP-001366,42,0.1,8514.86,21198.57,13.5,44.2,0,0,0
PROP-001367,24,3.5,31115.4,28888.19,22.1,54.8,3,2,0
PROP-001368,53,0.4,5239.66,13332.16,40.5,44.9,0,2,1
PROP-001369,52,3.7,12129.53,14292.83,57.0,14.4,1,2,0
PROP-001370,49,1.1,4619.85,7592.81,7.8,44.8,0,2,0
PROP-001371,19,0.7,4826.13,6488.65,15.8,21.7,0,2,0
PROP-001372,47,8.4,4200.4,14600.28,3.0,65.6,0,3,0
PROP-001373,42,1.0,4409.54,6970.96,17.7,43.2,0,2,0
PROP-001374,18,0.1,4424.32,11790.05,23.7,44.2,2,0,0
PROP-001375,37,0.6,3722.73,3752.19,31.7,35.4,0,2,0
PROP-001376,42,0.1,13114.98,26084.04,67.8,46.6,0,0,1
PROP-001377,44,0.8,6303.54,4469.14,44.0,18.2,0,4,0
PROP-001378,40,0.5,2953.71,2611.09,6.1,19.1,1,2,1
PROP-001379,41,3.1,6649.25,17825.77,23.0,25.4,0,2,0
PROP-001380,55,0.9,8242.68,18014.39,28.6,50.5,2,1,0
PROP-001381,52,4.0,2162.86,3716.1,33.9,61.5,1,2,0
PROP-001382,18,0.1,8441.98,19898.23,15.8,43.1,0,1,0
PROP-001383,34,6.4,7788.9,12892.36,22.4,28.5,0,2,0
PROP-001384,36,8.5,5674.17,12151.9,28.4,12.2,0,2,0
PROP-001385,18,0.1,11718.94,10352.58,10.3,51.6,0,1,0
PROP-001386,39,13.7,8296.05,5143.75,28.1,59.2,0,3,0
PROP-001387,52,3.2,3555.53,5660.04,4.4,49.9,1,1,0
PROP-001388,24,4.1,4952.23,8450.52,67.4,14.6,0,5,0
PROP-001389,42,0.4,10648.97,9359.08,29.7,64.9,0,0,1
PROP-001390,27,6.3,3450.81,9009.55,21.0,36.1,2,1,0
PROP-001391,29,4.2,3613.65,10146.02,17.9,7.7,0,0,0
PROP-001392,55,2.0,5444.51,18682.82,26.2,42.1,0,1,0
PROP-001393,31,5.6,4025.6,3459.01,44.8,11.6,0,1,0
PROP-001394,43,0.1,20305.73,29095.44,13.7,62.6,2,0,0
PROP-001395,18,0.1,10438.27,17928.72,49.8,62.2,0,5,1
PROP-001396,60,1.0,17117.9,23396.41,21.3,47.2,2,2,0
PROP-001397,45,2.5,9609.56,25679.57,23.2,2.4,0,1,0
PROP-001398,35,4.0,5231.94,4317.33,22.8,66.5,0,0,0
PROP-001399,44,3.9,1412.0,1531.78,12.8,39.7,2,1,0
PROP-001400,21,0.1,5677.69,10872.23,51.3,45.8,2,3,0
PROP-001401,52,0.2,2340.76,8184.41,33.9,42.2,2,3,0
PROP-001402,34,7.7,1790.31,5867.57,29.6,52.1,1,3,0
PROP-001403,35,0.8,9277.44,12109.23,34.6,43.6,0,1,0
PROP-001404,32,8.4,2357.05,1378.35,22.2,60.0,1,2,0
PROP-001405,31,9.1,2966.12,2088.68,40.1,30.0,1,3,1
PROP-001406,46,2.3,3416.29,9030.83,28.2,13.1,0,2,0
PROP-001407,41,1.8,4960.31,5957.28,19.9,58.7,0,1,0
PROP-001408,45,3.2,4379.37,2235.98,33.9,67.6,3,6,1
PROP-001409,37,0.9,7118.87,17695.54,27.9,53.7,1,3,0
PROP-001410,44,1.7,6427.55,18129.04,47.4,39.4,0,0,0
PROP-001411,32,2.8,1767.99,2946.82,41.9,17.1,1,1,0
PROP-001412,64,1.3,11404.24,20918.75,28.6,10.1,1,2,0
PROP-001413,19,0.7,2280.79,4050.42,31.9,53.7,2,4,1
PROP-001414,53,3.3,2469.63,6218.91,9.5,29.0,0,1,0
PROP-001415,54,0.8,12998.29,15208.77,37.5,11.3,2,0,0
PROP-001416,27,0.1,4305.26,4086.38,25.9,40.5,0,1,1
PROP-001417,64,1.4,8879.65,14750.31,37.3,13.2,0,2,0
PROP-001418,49,0.1,6912.73,6941.73,26.3,42.0,0,3,0
PROP-001419,49,1.3,5888.78,19810.39,28.8,21.9,0,1,0
PROP-001420,38,5.6,2933.85,2602.77,3.6,46.2,2,2,0
PROP-001421,35,5.0,3965.52,2792.48,10.6,81.0,1,3,0
PROP-001422,35,0.7,12227.78,20091.62,21.6,12.8,2,1,0
PROP-001423,42,3.8,2951.2,7186.81,26.3,30.0,0,0,0
PROP-001424,54,1.6,4650.52,14274.4,62.6,76.7,0,3,1
PROP-001425,40,1.4,6080.46,7492.45,15.9,3.1,0,5,0
PROP-001426,27,0.3,3516.39,7859.03,19.2,53.7,0,1,0
PROP-001427,47,5.2,2940.55,5899.2,43.1,54.5,0,0,0
PROP-001428,49,2.8,3999.68,2887.32,19.6,74.7,1,1,0
PROP-001429,45,5.3,3948.75,5557.52,43.7,9.5,1,3,0
PROP-001430,46,9.6,1808.85,6074.33,7.2,44.7,0,2,0
PROP-001431,34,1.4,5252.53,5678.48,29.2,49.5,1,1,0
PROP-001432,26,1.6,9876.31,29835.03,52.9,39.4,0,3,0
PROP-001433,27,0.2,1412.0,4728.94,34.7,23.1,0,3,0
PROP-001434,18,0.1,4966.16,14858.16,21.8,48.6,0,3,0
PROP-001435,40,0.9,1412.0,3340.21,13.0,28.2,0,2,0
PROP-001436,36,12.6,10788.93,32146.83,18.5,47.4,0,1,0
PROP-001437,32,0.4,3119.44,5792.31,3.0,41.3,0,1,0
PROP-001438,18,0.1,4475.9,13133.58,20.1,70.7,1,3,1
PROP-001439,23,0.7,2423.64,8224.99,37.1,11.7,0,1,0
PROP-001440,51,2.9,14555.42,50000.0,31.3,63.0,0,1,0
PROP-001441,30,0.3,15524.53,11288.38,42.9,47.5,1,2,0
PROP-001442,42,1.3,2282.55,4727.41,39.5,21.6,2,3,1
PROP-001443,21,2.0,2128.91,5205.86,31.6,39.4,0,4,1
PROP-001444,55,4.5,7353.13,14034.46,62.0,36.8,2,1,0
PROP-001445,36,1.5,7456.79,6883.87,33.3,36.1,3,2,0
PROP-001446,41,11.4,3522.93,2756.15,19.6,11.8,0,0,0
PROP-001447,65,0.4,2358.38,3056.94,68.9,45.1,0,0,0
PROP-001448,56,0.2,10950.1,33437.52,42.3,3.0,0,1,0
PROP-001449,34,0.2,3781.14,6397.86,28.2,17.7,0,2,0
PROP-001450,30,2.8,3651.43,10138.3,32.9,70.1,0,1,0
PROP-001451,34,0.2,4775.32,7008.04,24.1,53.9,0,1,0
PROP-001452,44,2.0,1827.12,4804.54,34.1,19.5,0,2,0
PROP-001453,36,1.5,3040.43,5524.38,38.3,69.0,1,3,0
PROP-001454,33,4.4,2420.89,4888.21,24.5,22.6,2,0,0
PROP-001455,55,1.9,1412.0,1000.0,19.8,40.3,1,0,0
PROP-001456,36,1.9,2642.58,8315.31,21.1,54.4,0,1,1
PROP-001457,65,2.6,4279.72,6146.21,36.6,20.6,1,2,0
PROP-001458,39,12.4,2737.63,4264.21,46.6,32.5,0,4,0
PROP-001459,59,6.8,4054.31,13841.06,5.0,49.6,3,0,0
PROP-001460,42,5.3,2324.92,1362.72,18.8,56.4,0,1,0
PROP-001461,49,5.7,6361.46,17069.13,55.6,76.4,0,3,0
PROP-001462,29,0.9,7969.58,19098.92,17.7,56.7,0,2,0
PROP-001463,27,6.0,6558.47,4874.01,39.8,43.7,2,0,0
PROP-001464,43,2.5,4848.71,10153.13,12.4,24.2,0,1,0
PROP-001465,49,6.8,7209.99,15738.55,13.5,34.8,0,2,0
PROP-001466,38,1.3,3048.6,6984.71,42.0,25.8,0,1,0
PROP-001467,22,2.8,2740.62,9127.21,17.5,55.7,3,4,1
PROP-001468,21,1.9,4227.38,14117.24,20.9,36.3,1,3,1
PROP-001469,20,0.9,3184.07,5418.79,71.2,17.9,0,5,1
PROP-001470,18,0.1,10057.08,14420.16,25.7,12.2,0,1,0
PROP-001471,39,4.5,14877.44,50000.0,33.5,46.5,1,3,0
PROP-001472,51,1.0,21484.27,50000.0,12.2,25.2,1,2,0
PROP-001473,37,1.2,7717.04,7298.23,17.5,32.7,1,1,0
PROP-001474,18,0.1,5514.66,14702.65,36.8,53.0,0,3,0
PROP-001475,35,1.8,1412.0,3178.5,35.6,38.8,1,3,0
PROP-001476,36,12.6,3455.89,8547.92,12.7,31.4,2,2,0
PROP-001477,63,1.0,2849.96,4940.05,19.9,44.5,0,2,0
PROP-001478,20,0.4,2978.22,6560.57,50.4,57.0,3,4,1
PROP-001479,33,1.0,10006.33,22728.79,69.9,4.7,0,3,0
PROP-001480,58,2.8,10614.85,16883.12,45.4,25.1,0,0,0
PROP-001481,43,3.8,3449.74,1897.9,28.8,45.6,3,4,1
PROP-001482,44,0.2,3075.49,4912.26,28.8,14.8,1,3,1
PROP-001483,39,4.9,3894.87,8281.24,27.9,15.9,0,2,0
PROP-001484,41,0.2,1482.9,1424.36,30.1,20.4,0,5,0
PROP-001485,47,6.4,9630.77,16778.31,15.5,18.1,2,0,0
PROP-001486,28,1.0,7304.88,4569.25,40.7,25.8,2,4,1
PROP-001487,48,0.3,2117.26,4803.08,46.8,39.8,0,5,1
PROP-001488,21,1.6,2141.86,4401.06,18.2,52.2,2,2,1
PROP-001489,41,1.6,12059.71,19400.12,30.7,51.5,1,3,0
PROP-001490,40,15.4,7392.07,5564.51,80.0,33.5,0,2,0
PROP-001491,30,1.4,13545.79,29580.93,37.3,52.2,2,4,1
PROP-001492,37,0.7,2836.82,3998.22,56.0,18.6,0,2,0
PROP-001493,30,7.8,13308.61,10733.33,14.9,51.1,0,1,0
PROP-001494,25,0.9,2569.32,5723.47,26.8,2.9,2,1,0
PROP-001495,33,10.5,4995.83,11124.84,25.1,33.8,1,2,0
PROP-001496,24,4.2,1606.55,4239.59,27.2,17.5,0,2,0
PROP-001497,41,1.8,3363.54,3311.51,53.0,62.3,1,3,1
PROP-001498,24,1.4,5114.79,15803.11,64.7,15.4,0,2,0
PROP-001499,46,4.0,3574.14,2239.77,11.1,24.3,0,0,0
PROP-001500,23,3.5,6696.32,9169.71,11.7,16.7,0,0,0
PROP-001501,31,1.6,2814.26,4448.24,43.8,50.9,4,0,1
PROP-001502,30,5.4,4587.87,13266.58,9.9,48.1,2,3,1
PROP-001503,53,5.2,3755.59,9540.91,36.3,41.2,0,2,0
PROP-001504,41,2.7,3728.05,7240.09,36.3,44.9,0,2,0
PROP-001505,35,0.9,7430.23,4815.46,37.7,14.6,1,3,0
PROP-001506,43,0.8,3012.51,3028.12,54.5,12.0,0,1,0
PROP-001507,18,0.1,4099.93,10515.84,14.7,48.8,0,1,0
PROP-001508,37,3.9,3420.86,10538.16,11.6,19.9,0,1,0
PROP-001509,61,6.0,11929.94,40503.56,26.0,51.1,2,3,1
PROP-001510,39,4.1,4443.78,10715.91,57.8,49.3,0,3,0
PROP-001511,38,8.4,4465.68,8273.74,34.5,6.9,0,1,0
PROP-001512,44,8.5,3830.2,12192.64,35.5,5.1,0,3,0
PROP-001513,48,0.1,5845.74,15857.96,55.3,66.5,0,1,1
PROP-001514,18,0.1,3502.55,6335.62,44.2,55.2,0,2,1
PROP-001515,18,0.1,3409.29,10803.76,10.6,37.5,0,4,0
PROP-001516,40,4.4,3411.0,5459.46,54.1,73.4,3,5,1
PROP-001517,29,7.7,4652.48,13486.37,33.1,36.5,0,1,0
PROP-001518,53,5.4,8564.29,7127.37,29.5,46.6,0,2,0
PROP-001519,34,5.1,3688.85,9442.34,5.7,67.4,0,5,1
PROP-001520,18,0.1,2034.55,2443.75,30.7,72.2,0,6,1
PROP-001521,22,0.4,1827.55,4049.12,35.3,22.5,2,0,0
PROP-001522,18,0.1,25465.08,43271.39,23.7,57.8,0,1,0
PROP-001523,35,7.8,2722.41,6400.44,4.3,32.7,0,0,0
PROP-001524,35,1.3,13935.08,9210.06,34.5,33.1,0,2,0
PROP-001525,32,9.8,3859.46,7186.66,40.8,38.1,3,1,1
PROP-001526,50,4.5,2504.38,8579.77,14.1,15.2,2,3,0
PROP-001527,52,4.6,4244.7,14098.67,37.1,81.3,2,1,1
PROP-001528,35,9.2,6482.18,3579.18,39.5,44.1,2,0,0
PROP-001529,18,0.1,3888.24,5338.05,38.7,23.1,2,1,1
PROP-001530,45,5.1,3100.47,6490.76,46.5,30.3,0,4,1
PROP-001531,44,9.3,1745.21,3324.07,39.8,32.6,0,2,0
PROP-001532,41,1.5,3054.59,10110.22,15.4,67.0,0,1,0
PROP-001533,49,8.9,5666.38,19500.14,55.2,50.5,2,5,0
PROP-001534,24,0.4,1760.49,3614.68,57.7,22.4,3,1,1
PROP-001535,62,1.2,3422.13,9101.37,24.0,75.9,0,4,0
PROP-001536,26,2.8,5217.73,3530.1,18.5,26.3,1,5,0
PROP-001537,46,3.3,9112.52,22657.34,37.3,34.1,2,3,0
PROP-001538,18,0.1,2284.79,6302.41,38.0,49.2,0,1,1
PROP-001539,26,4.7,15110.0,14450.32,71.1,74.5,1,3,1
PROP-001540,56,3.0,5858.39,20086.47,15.0,71.6,1,1,0
PROP-001541,34,7.8,2207.04,5566.07,22.7,60.6,0,4,0
PROP-001542,48,0.3,4860.0,9446.72,21.2,15.9,0,2,0
PROP-001543,40,8.5,2881.75,7715.22,15.6,17.1,0,1,0
PROP-001544,36,0.4,1737.64,5411.46,44.6,21.6,1,2,0
PROP-001545,54,1.2,4037.51,13527.06,31.3,51.8,0,3,0
PROP-001546,35,8.6,4103.25,8584.61,50.6,27.3,5,0,0
PROP-001547,18,0.1,5258.16,15217.74,10.3,58.3,0,1,0
PROP-001548,28,3.8,2516.77,8599.13,32.3,20.1,0,3,0
PROP-001549,44,0.6,2626.07,3441.01,27.6,36.5,2,3,1
PROP-001550,42,12.1,7821.92,24157.71,54.8,73.4,0,1,0
PROP-001551,19,0.7,7022.26,16857.82,18.5,25.3,0,3,0
PROP-001552,29,0.8,2106.9,4272.51,31.6,40.7,0,1,0
PROP-001553,31,1.0,1631.74,4812.65,23.1,41.8,1,0,0
PROP-001554,33,10.5,2270.15,3215.85,31.4,37.9,0,4,0
PROP-001555,21,0.3,8700.55,19050.31,23.9,33.1,0,2,0
PROP-001556,30,2.2,1412.0,3213.38,46.0,34.5,0,2,0
PROP-001557,29,7.7,3130.63,4752.4,28.6,40.3,0,1,0
PROP-001558,47,1.4,7740.39,17874.82,35.9,29.0,1,3,0
PROP-001559,47,8.3,4993.16,9820.37,22.5,36.4,0,4,0
PROP-001560,36,0.3,4059.9,6197.57,15.5,46.0,0,1,0
PROP-001561,33,1.1,7730.86,7495.56,3.0,48.9,0,1,0
PROP-001562,39,1.1,3890.5,6001.55,47.0,74.9,0,2,1
PROP-001563,28,7.0,3205.17,3669.61,34.3,44.9,0,2,0
PROP-001564,24,4.1,6979.33,9348.21,21.0,61.2,3,1,1
PROP-001565,26,5.6,14030.3,25186.27,30.9,73.1,0,2,0
PROP-001566,30,3.0,1412.0,4007.71,6.5,36.7,0,2,0
PROP-001567,24,3.7,2776.74,1426.28,56.3,58.8,0,5,1
PROP-001568,39,4.1,3698.08,2673.87,4.8,32.4,0,1,0
PROP-001569,46,2.7,3170.24,4692.52,37.2,65.8,1,2,0
PROP-001570,18,0.1,4611.45,6398.52,34.1,47.8,0,3,0
PROP-001571,38,4.8,4389.73,10494.69,3.2,51.2,0,2,0
PROP-001572,35,6.5,2136.85,6804.34,11.7,68.0,1,2,0
PROP-001573,42,0.2,6268.3,20230.85,15.2,15.3,0,0,0
PROP-001574,37,0.1,4134.29,6002.6,36.9,61.5,2,2,0
PROP-001575,20,1.4,9415.4,27413.89,18.2,36.1,0,4,0
PROP-001576,22,2.8,8438.17,17813.53,66.2,62.4,2,0,1
PROP-001577,38,1.0,3914.28,7309.83,29.2,60.9,0,1,1
PROP-001578,50,0.3,6114.09,5860.46,56.1,43.7,2,2,0
PROP-001579,18,0.1,1412.0,2183.23,41.4,14.9,0,2,0
PROP-001580,42,4.6,1412.0,3705.19,47.9,42.1,0,3,0
PROP-001581,52,0.1,8560.43,13877.47,25.1,39.2,1,4,0
PROP-001582,36,2.6,4094.42,2579.79,49.1,35.1,1,4,1
PROP-001583,44,0.9,9524.5,15945.28,33.3,42.6,3,1,0
PROP-001584,29,0.9,8589.68,12091.52,13.0,44.1,0,4,0
PROP-001585,36,9.1,1770.57,2317.62,23.2,6.3,0,0,0
PROP-001586,18,0.1,6580.51,22041.24,49.4,41.2,3,2,1
PROP-001587,18,0.1,2777.6,4126.9,35.0,71.3,0,1,0
PROP-001588,49,0.1,3705.93,7448.47,4.9,21.0,4,0,0
PROP-001589,26,0.7,2068.71,1732.13,25.6,17.9,0,0,0
PROP-001590,32,0.9,8073.3,4579.97,63.6,19.8,2,0,0
PROP-001591,21,2.1,5961.14,4832.03,22.1,28.0,3,0,0
PROP-001592,21,2.1,3098.29,9119.44,16.9,18.1,0,2,0
PROP-001593,35,3.7,2786.84,9380.17,38.3,16.9,0,3,1
PROP-001594,29,4.5,7072.71,11599.3,31.7,55.3,1,1,0
PROP-001595,42,0.1,2772.36,8022.93,14.0,43.9,2,1,1
PROP-001596,43,1.4,3086.68,4077.24,19.3,32.2,3,1,0
PROP-001597,41,9.1,2864.0,3562.2,40.4,51.0,2,3,1
PROP-001598,40,14.5,2846.75,8028.28,36.3,24.5,0,6,0
PROP-001599,56,0.6,6684.09,16810.61,35.9,20.2,0,2,0
PROP-001600,25,2.1,5096.01,15878.27,12.2,37.2,0,1,0
PROP-001601,37,1.2,3172.22,6276.17,17.2,60.3,0,2,0
PROP-001602,51,3.7,2363.86,5993.93,55.6,18.7,4,3,0
PROP-001603,53,1.7,4398.22,11012.84,65.0,10.7,2,7,1
PROP-001604,20,1.4,3783.15,11639.02,18.8,69.1,0,1,0
PROP-001605,34,4.3,7091.59,18311.86,32.3,4.9,3,2,0
PROP-001606,54,1.6,2876.1,3052.18,13.4,12.7,3,1,0
PROP-001607,44,2.4,5755.16,4959.4,19.1,87.5,1,2,1
PROP-001608,40,0.5,3813.86,5084.16,42.0,56.8,2,2,1
PROP-001609,35,1.4,5287.28,11751.49,38.4,9.4,1,4,0
PROP-001610,33,8.3,11783.99,25738.68,15.4,68.4,0,4,0
PROP-001611,41,0.1,3798.6,2168.51,3.6,27.6,0,0,0
PROP-001612,34,10.9,16382.74,30346.7,50.5,33.2,3,1,1
PROP-001613,37,2.7,3908.1,3520.06,34.0,40.2,1,2,0
PROP-001614,38,2.2,2379.57,6906.5,26.8,60.2,1,2,0
PROP-001615,29,2.2,11385.2,12859.58,35.3,30.9,2,2,0
PROP-001616,44,4.6,13207.37,8302.16,26.9,55.2,2,2,0
PROP-001617,72,5.6,2535.2,2780.18,31.8,72.9,2,5,0
PROP-001618,18,0.1,2769.43,4791.23,39.7,13.7,0,5,0
PROP-001619,41,11.3,7266.75,6581.31,32.8,54.5,0,2,0
PROP-001620,28,0.7,6269.41,4342.09,8.4,33.0,1,1,0
PROP-001621,44,0.1,2735.79,6637.47,34.2,24.9,0,3,0
PROP-001622,38,0.8,2599.19,2709.16,29.4,17.6,2,1,0
PROP-001623,47,0.1,5276.55,7928.68,35.1,11.5,0,3,1
PROP-001624,52,2.3,4098.88,12145.69,27.8,35.3,2,5,0
PROP-001625,40,9.3,6288.39,5128.25,18.5,29.5,0,2,0
PROP-001626,51,11.5,6274.56,17695.5,11.6,38.3,0,1,0
PROP-001627,18,0.1,7696.17,26762.66,15.2,55.1,0,1,0
PROP-001628,57,14.5,1412.0,2956.37,9.4,39.3,0,2,0
PROP-001629,42,3.8,13609.51,23481.06,49.2,38.3,2,6,0
PROP-001630,50,0.2,6069.52,20520.83,37.9,58.2,3,2,1
PROP-001631,23,3.5,3429.93,5573.5,31.2,25.2,0,0,0
PROP-001632,28,3.5,4172.97,8669.05,36.8,67.8,2,3,0
PROP-001633,39,4.5,6563.58,12757.01,12.3,41.1,0,0,0
PROP-001634,37,0.2,5120.54,17453.27,23.5,51.3,0,1,0
PROP-001635,41,0.1,5163.91,3918.29,35.9,29.7,0,4,0
PROP-001636,51,5.2,4207.46,13026.62,40.2,9.1,0,3,0
PROP-001637,18,0.1,12100.96,27265.4,50.8,16.2,0,0,0
PROP-001638,49,1.4,5453.42,4243.18,13.5,48.6,3,1,1
PROP-001639,38,0.1,8803.16,17784.14,26.3,58.1,1,3,1
PROP-001640,35,1.8,16475.38,26108.61,55.3,43.0,2,2,0
PROP-001641,20,1.4,7925.2,7042.88,32.6,32.7,3,2,1
PROP-001642,44,0.6,5327.14,13081.01,21.7,28.2,0,5,0
PROP-001643,18,0.1,1474.31,2140.84,27.0,43.3,0,2,0
PROP-001644,45,1.9,3478.41,5131.4,38.7,54.1,0,4,0
PROP-001645,20,1.4,15875.45,29944.16,58.4,71.1,1,2,1
PROP-001646,38,2.5,5423.28,6717.83,3.4,30.7,0,3,1
PROP-001647,36,1.5,1997.94,6304.43,33.5,57.0,1,2,0
PROP-001648,52,2.8,3912.96,9515.27,36.9,29.6,0,3,0
PROP-001649,35,4.8,2191.16,7084.3,16.8,43.6,0,0,0
PROP-001650,29,0.7,3379.39,4492.62,53.9,25.7,3,4,1
PROP-001651,31,7.9,3492.49,2923.38,13.8,33.2,0,2,0
PROP-001652,53,3.1,3128.93,9698.09,17.7,31.4,0,1,0
PROP-001653,44,7.0,4658.5,9858.14,45.6,22.1,1,0,0
PROP-001654,33,4.6,1412.0,3911.47,45.4,19.1,2,3,0
PROP-001655,35,1.4,6614.41,3362.82,60.6,35.9,2,4,0
PROP-001656,19,0.7,10508.41,21304.28,33.7,47.3,0,5,1
PROP-001657,42,1.5,1474.05,4213.14,7.9,32.0,0,0,0
PROP-001658,18,0.1,8415.43,17474.35,66.7,73.4,1,7,1
PROP-001659,47,7.9,6588.66,5690.66,20.3,14.4,0,1,0
PROP-001660,39,0.3,5535.77,18859.19,18.4,12.5,2,0,0
PROP-001661,66,14.0,4577.5,15967.16,18.7,28.8,2,3,0
PROP-001662,24,4.2,5090.9,13133.29,29.7,3.4,0,2,0
PROP-001663,36,8.4,7479.19,22757.36,5.9,56.2,0,0,0
PROP-001664,59,0.4,5070.76,12040.17,21.9,21.1,2,1,0
PROP-001665,52,3.6,22360.89,37578.16,46.2,29.6,2,6,0
PROP-001666,29,0.5,3040.01,4336.86,32.9,4.0,2,1,0
PROP-001667,40,0.8,11934.76,33302.15,8.5,20.9,0,2,0
PROP-001668,38,0.8,4118.42,7127.42,9.2,13.4,0,1,0
PROP-001669,41,4.4,3507.98,8199.29,20.8,18.8,0,2,0
PROP-001670,29,0.1,8141.24,11684.91,28.6,28.4,0,1,0
PROP-001671,36,1.5,3698.97,11169.13,34.1,59.5,0,1,0
PROP-001672,18,0.1,12636.61,16416.29,26.9,15.2,3,3,1
PROP-001673,39,1.5,2840.8,2807.2,33.8,30.3,1,1,0
PROP-001674,43,1.1,9526.29,30886.45,27.2,45.4,0,2,0
PROP-001675,35,2.5,6381.98,8206.64,34.9,31.4,0,5,0
PROP-001676,18,0.1,4030.1,8391.66,12.2,30.2,0,2,0
PROP-001677,49,2.8,2466.71,7515.89,47.7,52.1,0,4,0
PROP-001678,42,4.8,2461.0,7600.89,45.2,20.2,0,1,0
PROP-001679,29,2.6,2671.16,3161.7,23.8,87.2,1,3,0
PROP-001680,34,2.8,8643.8,21737.72,27.2,27.0,0,3,0
PROP-001681,19,0.7,4570.75,7205.49,37.6,27.3,5,1,0
PROP-001682,25,4.0,7143.84,21106.6,16.0,54.8,0,4,0
PROP-001683,31,2.5,4874.63,13395.35,24.9,25.2,2,4,0
PROP-001684,52,0.1,2301.37,3771.92,30.4,33.5,0,2,0
PROP-001685,30,0.4,5504.14,12554.44,15.8,18.5,3,2,1
PROP-001686,45,0.3,6426.53,7315.87,39.2,13.3,0,4,0
PROP-001687,31,0.8,1557.81,2497.63,41.9,82.5,3,3,1
PROP-001688,40,7.0,3111.46,5199.58,21.6,17.9,0,2,0
PROP-001689,36,4.0,2729.15,9071.63,31.9,31.9,1,4,0
PROP-001690,48,5.7,2094.74,6328.6,58.5,82.6,1,3,1
PROP-001691,31,8.8,4851.15,6165.15,31.0,64.8,3,1,0
PROP-001692,19,0.7,5245.1,14653.33,40.6,65.3,2,1,0
PROP-001693,21,2.1,9778.96,8198.31,27.6,68.7,0,3,0
PROP-001694,31,2.5,7216.3,14766.55,34.9,11.0,0,1,0
PROP-001695,23,0.4,3703.06,2594.32,36.2,19.4,1,3,0
PROP-001696,42,3.3,3707.56,5340.6,35.7,46.7,2,1,0
PROP-001697,32,1.9,12881.02,7083.38,46.9,14.4,0,2,0
PROP-001698,66,0.3,6026.29,8360.03,15.9,32.4,2,1,0
PROP-001699,18,0.1,8863.33,5034.39,29.7,51.9,2,0,0
PROP-001700,40,0.4,1905.88,4209.72,12.3,17.9,6,4,1
PROP-001701,24,4.2,1718.73,3202.43,39.7,30.2,2,1,0
PROP-001702,32,0.6,3468.66,6650.02,11.9,28.5,0,0,0
PROP-001703,39,3.9,7994.01,22528.84,51.3,53.1,2,3,0
PROP-001704,18,0.1,11556.77,12635.61,43.7,15.3,1,1,0
PROP-001705,40,4.4,2813.32,5057.19,17.2,55.6,0,0,0
PROP-001706,60,9.1,6103.63,17703.73,23.1,74.5,1,6,0
PROP-001707,32,5.4,5699.79,14891.86,48.3,36.6,0,5,0
PROP-001708,41,1.5,2212.64,6387.84,28.4,80.4,3,5,0
PROP-001709,50,2.6,2668.07,4452.77,16.5,51.6,2,4,1
PROP-001710,36,0.2,4163.64,6483.92,20.0,76.4,0,1,1
PROP-001711,31,0.2,2066.97,4250.1,29.5,46.7,2,2,0
PROP-001712,18,0.1,20342.21,28637.59,30.7,11.0,3,5,1
PROP-001713,45,2.7,2353.44,7145.82,36.7,52.7,1,2,0
PROP-001714,36,0.9,3380.5,8938.87,35.9,59.7,2,2,0
PROP-001715,25,1.3,5540.36,15660.95,19.8,25.2,0,0,0
PROP-001716,39,0.1,5142.19,15563.22,33.0,31.6,1,1,0
PROP-001717,30,1.6,6438.81,11420.19,14.4,18.5,0,1,0
PROP-001718,31,9.1,2422.21,5042.61,29.8,44.4,1,2,0
PROP-001719,45,1.8,1971.29,5345.04,20.9,21.3,0,0,0
PROP-001720,21,1.4,4721.61,12261.04,18.1,40.3,0,1,0
PROP-001721,50,3.4,2580.22,2083.85,43.0,55.2,0,1,0
PROP-001722,21,2.1,2870.99,5603.47,15.7,77.3,0,3,1
PROP-001723,30,0.5,2748.51,7442.98,23.1,81.2,0,7,0
PROP-001724,61,0.9,2746.24,6759.5,9.2,45.5,0,3,0
PROP-001725,51,0.9,1860.6,2600.66,26.8,41.2,0,1,0
PROP-001726,39,2.6,2341.19,3709.99,17.4,15.7,0,0,0
PROP-001727,26,0.5,3568.98,2574.98,33.4,39.9,1,1,0
PROP-001728,31,1.7,8775.02,18773.74,31.6,46.3,1,0,0
PROP-001729,38,1.5,15038.99,25320.97,5.2,38.5,0,3,0
PROP-001730,38,5.4,7745.92,7027.8,32.5,40.3,3,0,0
PROP-001731,36,0.5,5139.51,6268.85,19.6,25.5,0,0,0
PROP-001732,37,8.5,8209.83,12241.68,25.2,21.4,0,1,0
PROP-001733,35,5.4,4049.52,7580.66,16.2,21.5,2,1,0
PROP-001734,20,1.4,5186.55,9739.61,12.4,38.7,0,2,0
PROP-001735,31,7.2,6842.98,10404.62,59.1,5.2,3,3,0
PROP-001736,48,7.9,6155.79,3319.8,41.5,26.0,0,2,0
PROP-001737,21,2.1,7897.63,25173.25,19.9,74.7,1,2,0
PROP-001738,35,1.8,6681.15,9784.1,26.9,69.0,3,1,1
PROP-001739,28,1.3,2862.85,3609.95,23.5,66.3,3,2,1
PROP-001740,39,6.0,6540.05,9731.3,48.6,22.7,0,1,0
PROP-001741,33,1.2,2837.85,3436.8,6.7,36.2,0,3,0
PROP-001742,55,0.4,6899.06,22845.98,44.8,71.9,0,2,1
PROP-001743,44,0.1,3478.14,6175.9,62.1,68.6,1,5,1
PROP-001744,22,0.5,2048.78,4821.25,51.3,19.5,0,2,1
PROP-001745,46,2.1,1919.82,5407.89,36.2,70.2,0,1,0
PROP-001746,28,0.1,16238.48,37202.31,35.7,57.3,0,4,0
PROP-001747,31,0.5,2368.19,1372.48,61.3,44.6,0,3,1
PROP-001748,41,1.9,7851.52,5930.64,10.6,12.0,0,3,0
PROP-001749,32,2.7,6669.59,19221.02,41.7,41.3,1,4,1
PROP-001750,48,1.5,7730.82,12935.54,52.7,27.0,1,3,0
PROP-001751,28,1.7,2429.41,5537.45,16.5,47.9,0,0,0
PROP-001752,30,2.8,3457.99,3306.08,15.8,34.0,0,3,0
PROP-001753,30,1.2,2479.7,4729.5,29.7,44.4,2,2,1
PROP-001754,31,3.1,8027.54,15516.77,18.2,80.0,1,3,0
PROP-001755,51,7.2,10811.83,12326.06,37.9,21.7,1,4,0
PROP-001756,45,0.6,4321.48,13161.96,18.5,55.8,0,1,0
PROP-001757,58,0.4,16077.7,47825.59,3.0,53.6,2,2,0
PROP-001758,65,4.2,5194.61,4940.33,9.4,62.4,0,0,0
PROP-001759,25,1.6,3922.28,9798.5,24.8,45.8,2,3,0
PROP-001760,38,1.4,4709.62,16263.8,38.0,12.3,0,0,0
PROP-001761,23,1.7,5935.66,12436.78,41.6,9.2,0,2,0
PROP-001762,28,4.9,1829.07,1560.04,27.1,4.0,0,1,0
PROP-001763,30,1.6,5194.4,7130.87,9.8,61.8,0,3,0
PROP-001764,25,4.9,4032.02,8987.25,24.5,25.0,0,5,0
PROP-001765,25,2.7,3788.1,11039.56,17.6,39.4,0,3,0
PROP-001766,36,0.5,4099.91,12366.03,43.4,51.7,2,0,0
PROP-001767,23,3.2,7976.58,13951.93,11.5,76.4,2,4,1
PROP-001768,48,1.1,4447.3,7613.86,33.5,7.4,0,1,0
PROP-001769,26,4.7,2243.53,2152.64,18.0,4.0,2,1,0
PROP-001770,71,1.6,4632.46,7434.94,27.3,94.2,0,4,1
PROP-001771,32,1.3,3826.45,7706.77,30.7,57.8,2,3,0
PROP-001772,38,4.4,4442.54,7470.48,21.3,63.5,0,3,0
PROP-001773,22,0.8,4225.35,3781.79,26.0,47.2,1,4,0
PROP-001774,58,0.8,5470.12,9729.19,8.4,69.3,2,1,1
PROP-001775,51,2.2,1921.42,5476.1,31.4,74.8,0,2,0
PROP-001776,41,0.9,1962.92,1988.77,27.9,89.2,2,3,0
PROP-001777,21,2.1,4190.08,7444.23,36.7,77.0,2,3,1
PROP-001778,40,8.5,3780.22,2208.89,22.4,16.7,0,1,0
PROP-001779,24,1.7,2490.05,8053.92,13.4,34.6,0,2,0
PROP-001780,55,3.8,1412.0,4172.6,33.8,46.7,0,0,0
PROP-001781,47,4.1,5136.26,4907.52,44.1,72.9,0,4,0
PROP-001782,39,0.8,3373.24,10150.18,46.1,1.6,0,3,0
PROP-001783,18,0.1,5396.86,6834.0,28.2,34.9,0,2,0
PROP-001784,26,1.2,5199.67,3834.33,7.0,20.2,0,2,0
PROP-001785,46,2.9,6786.13,16625.0,20.1,59.5,0,2,0
PROP-001786,52,1.9,2336.19,7761.11,56.6,15.0,0,1,0
PROP-001787,51,1.6,4488.83,13953.09,39.9,64.2,1,2,1
PROP-001788,18,0.1,15487.45,14712.78,17.7,66.8,3,0,1
PROP-001789,41,1.9,5130.38,14855.98,10.8,3.4,0,1,0
PROP-001790,50,5.1,10848.45,23721.67,20.7,60.6,0,0,0
PROP-001791,18,0.1,6749.33,6426.99,42.1,45.8,1,1,0
PROP-001792,37,10.4,2600.57,4473.28,13.5,16.1,0,1,0
PROP-001793,41,3.6,18792.78,47609.35,34.0,28.5,2,2,0
PROP-001794,34,0.7,10206.94,12035.98,15.5,47.2,1,0,0
PROP-001795,18,0.1,2049.0,5787.83,26.1,84.6,0,4,0
PROP-001796,34,10.2,4040.65,11743.22,7.2,29.1,0,2,0
PROP-001797,34,0.3,12943.36,13883.68,30.0,84.9,2,4,1
PROP-001798,36,3.2,6521.09,6819.3,24.9,15.9,2,0,0
PROP-001799,31,4.2,1470.82,1530.37,46.3,36.3,0,2,1
PROP-001800,32,0.6,2922.06,8749.95,25.1,31.2,0,2,0
PROP-001801,37,7.8,2765.75,7195.93,17.4,6.0,0,1,0
PROP-001802,43,0.1,10813.99,30961.63,29.8,5.6,0,1,0
PROP-001803,34,11.2,6058.76,18081.67,29.6,47.1,0,1,0
PROP-001804,33,4.8,3697.68,5206.03,37.9,9.5,0,0,0
PROP-001805,39,3.3,2787.24,4297.17,8.4,32.9,0,2,0
PROP-001806,18,0.1,6644.75,20386.03,21.4,81.3,2,2,1
PROP-001807,43,1.1,4128.77,7108.98,15.3,29.3,1,1,0
PROP-001808,37,4.0,4954.93,8677.31,5.1,65.7,0,3,0
PROP-001809,38,2.1,6399.42,15482.51,23.5,76.6,3,3,0
PROP-001810,49,0.4,4936.36,5021.05,54.0,29.8,0,8,1
PROP-001811,18,0.1,1971.36,2249.08,31.3,21.4,0,3,0
PROP-001812,18,0.1,7425.28,9668.89,45.0,35.9,0,1,1
PROP-001813,41,5.0,8278.51,7541.0,40.8,65.2,0,3,0
PROP-001814,37,6.8,15743.45,50000.0,46.2,46.9,0,2,0
PROP-001815,40,2.4,3057.54,8972.56,53.7,9.3,2,5,0
PROP-001816,32,0.7,9600.02,20151.63,13.8,77.1,0,2,0
PROP-001817,45,2.8,9577.32,22095.51,22.1,20.7,0,1,0
PROP-001818,49,7.2,8434.99,25932.02,26.3,33.0,0,2,0
PROP-001819,43,0.1,4892.87,7032.97,48.0,57.8,0,4,0
PROP-001820,34,0.5,2565.8,6566.71,18.8,16.8,0,2,0
PROP-001821,18,0.1,3734.21,6095.91,26.1,37.1,1,1,1
PROP-001822,47,4.7,2271.74,7893.47,71.1,32.5,3,5,0
PROP-001823,52,5.8,1798.96,3164.0,10.1,8.8,0,4,0
PROP-001824,45,1.2,6988.26,16929.04,38.6,10.1,2,3,1
PROP-001825,27,6.3,2688.03,6059.53,47.7,37.8,2,1,0
PROP-001826,46,4.0,1412.0,4650.6,11.2,19.5,0,0,0
PROP-001827,48,0.5,4792.35,5879.51,24.3,32.4,0,1,0
PROP-001828,56,0.5,7243.44,7926.33,26.3,40.2,0,0,0
PROP-001829,27,3.3,6499.58,6433.06,19.4,18.0,0,1,0
PROP-001830,35,0.9,2462.25,1855.95,42.6,61.0,2,5,1
PROP-001831,46,12.9,3102.96,5397.61,36.1,37.3,1,2,0
PROP-001832,38,7.3,5699.61,18830.72,22.8,9.9,1,0,0
PROP-001833,24,4.0,7664.92,10079.54,14.1,8.9,0,0,0
PROP-001834,42,1.3,5782.91,7080.12,35.8,38.8,1,1,0
PROP-001835,44,0.9,7516.16,10718.4,61.0,23.4,2,3,0
PROP-001836,39,10.8,4026.63,2891.42,35.8,38.6,0,2,0
PROP-001837,40,1.2,5655.03,14510.37,23.9,69.9,0,2,1
PROP-001838,34,3.8,5070.1,4153.42,6.3,12.3,2,1,0
PROP-001839,55,4.1,2300.5,3735.22,15.5,18.0,1,2,0
PROP-001840,27,2.8,1543.37,1481.2,20.9,21.6,0,1,0
PROP-001841,30,1.9,2657.81,2104.82,3.0,38.0,3,0,0
PROP-001842,38,0.5,2860.01,8918.02,59.7,6.6,0,4,0
PROP-001843,48,8.1,9889.12,26235.63,11.5,8.7,0,3,0
PROP-001844,20,0.9,4143.56,11006.26,35.7,32.0,2,1,0
PROP-001845,22,2.8,2684.82,7118.05,3.7,43.2,0,0,0
PROP-001846,18,0.1,3957.34,4031.32,22.5,44.6,3,3,0
PROP-001847,38,3.2,5025.02,3646.24,8.3,27.2,1,1,0
PROP-001848,24,4.2,3414.15,1754.76,31.9,12.1,2,3,0
PROP-001849,33,7.7,3134.57,2196.14,17.6,78.6,0,2,1
PROP-001850,45,8.6,3493.29,10862.53,27.8,17.7,0,1,0
PROP-001851,30,2.0,5038.65,8813.0,12.4,28.3,3,1,0
PROP-001852,40,10.0,3995.09,5397.29,44.3,15.2,0,1,0
PROP-001853,34,4.6,3348.21,8468.03,18.9,44.7,0,3,0
PROP-001854,46,2.9,2802.94,8391.98,5.5,33.2,2,0,0
PROP-001855,43,6.9,5413.5,6646.63,40.1,38.4,1,2,0
PROP-001856,29,0.5,3513.67,11461.97,46.6,26.2,0,4,0
PROP-001857,35,8.6,6238.25,12402.91,38.2,1.7,0,2,0
PROP-001858,50,0.7,11396.6,14356.62,16.3,27.6,0,0,0
PROP-001859,42,9.7,2269.86,6422.79,10.4,45.7,2,2,0
PROP-001860,21,1.7,3833.47,8498.07,44.3,17.5,0,3,0
PROP-001861,45,1.2,1701.37,2620.03,59.7,64.8,2,1,0
PROP-001862,24,1.3,3843.24,8365.61,19.0,35.8,0,1,1
PROP-001863,54,2.3,13796.92,32445.38,16.1,29.6,2,3,0
PROP-001864,50,1.4,6345.84,20209.94,39.7,11.2,0,0,0
PROP-001865,41,15.0,2976.39,3184.81,23.6,30.2,0,0,0
PROP-001866,39,14.7,5858.86,7179.79,48.4,84.8,1,6,0
PROP-001867,35,0.8,2257.43,7563.07,44.7,51.8,4,0,1
PROP-001868,46,4.1,2256.95,4447.74,24.7,41.4,2,0,0
PROP-001869,33,5.9,6586.38,11661.5,9.6,17.6,0,1,0
PROP-001870,40,2.5,3686.64,8026.74,20.9,10.2,3,1,1
PROP-001871,48,5.4,3889.56,5276.94,28.7,33.1,2,3,0
PROP-001872,31,4.2,4317.3,4506.79,29.9,85.9,0,2,0
PROP-001873,30,3.1,3813.8,2680.31,31.9,39.4,2,1,0
PROP-001874,23,3.5,9729.16,9277.4,44.5,4.3,0,1,0
PROP-001875,25,2.9,1852.77,2727.86,8.8,13.1,0,0,1
PROP-001876,18,0.1,2747.61,4347.41,33.2,42.5,0,3,0
PROP-001877,46,1.2,5093.45,2862.42,24.2,45.8,0,0,0
PROP-001878,59,0.1,2207.44,5013.19,23.5,31.8,2,2,0
PROP-001879,55,7.1,2814.96,8322.65,31.2,54.2,2,5,1
PROP-001880,18,0.1,7449.61,9416.68,18.8,66.5,1,3,0
PROP-001881,46,2.1,2682.18,2361.42,26.4,20.0,1,0,0
PROP-001882,55,4.1,7265.7,17253.23,21.2,50.0,1,1,0
PROP-001883,32,4.4,1984.87,2992.91,21.6,49.9,0,3,0
PROP-001884,39,1.0,15259.18,47518.24,52.4,31.1,1,3,0
PROP-001885,18,0.1,6686.91,8734.18,39.5,31.7,2,1,0
PROP-001886,41,9.4,6781.28,16307.14,45.9,34.6,0,1,0
PROP-001887,25,4.9,3524.31,10945.36,23.8,35.8,4,2,0
PROP-001888,40,1.3,4475.51,3673.24,37.1,28.7,0,4,1
PROP-001889,19,0.7,22439.72,34215.33,22.2,57.7,0,5,1
PROP-001890,44,3.8,2308.2,4213.02,14.7,72.2,0,0,0
PROP-001891,50,0.5,3169.19,3789.89,12.8,27.7,0,1,0
PROP-001892,28,7.0,3645.18,4112.39,19.5,35.2,0,1,0
PROP-001893,24,2.1,4929.82,10983.13,24.5,16.3,0,2,0
PROP-001894,18,0.1,6719.61,12974.2,17.0,44.6,2,2,0
PROP-001895,34,1.7,5991.36,4893.22,30.6,34.5,0,0,0
PROP-001896,31,0.7,2330.6,1498.38,17.1,13.0,0,2,0
PROP-001897,19,0.7,7059.24,23253.43,12.8,58.9,0,1,0
PROP-001898,43,3.4,7032.05,7126.44,33.5,38.7,0,0,0
PROP-001899,32,6.8,4645.1,6260.68,23.0,73.9,0,2,0
PROP-001900,25,4.9,3053.28,4162.83,51.8,15.0,1,1,0
PROP-001901,31,9.1,5281.8,10573.34,67.1,59.3,0,5,0
PROP-001902,50,12.6,3760.29,12072.31,16.5,2.3,0,0,0
PROP-001903,45,1.6,4324.04,6931.44,49.4,32.6,0,2,0
PROP-001904,36,4.6,4502.42,8802.8,12.8,12.3,0,2,0
PROP-001905,45,2.3,2633.34,3018.03,35.0,31.6,0,4,0
PROP-001906,24,4.2,4550.23,5087.01,36.3,45.1,2,1,1
PROP-001907,38,9.0,8454.53,10115.82,22.8,20.4,0,0,0
PROP-001908,39,2.5,6684.44,21722.21,59.2,56.5,2,1,1
PROP-001909,32,7.5,3964.13,7326.02,24.0,49.4,1,2,0
PROP-001910,43,8.8,3844.1,3213.57,6.6,42.2,0,1,0
PROP-001911,28,1.4,12775.64,44147.92,20.4,57.9,0,0,0
PROP-001912,44,0.1,2641.59,8147.86,27.1,27.4,0,1,0
PROP-001913,44,8.5,6558.24,21826.65,37.4,29.3,0,2,0
PROP-001914,18,0.1,9250.1,12932.14,18.3,42.7,2,4,0
PROP-001915,52,1.3,2301.19,5085.09,22.6,34.5,2,0,0
PROP-001916,18,0.1,4026.39,5497.22,36.2,36.0,0,1,0
PROP-001917,30,0.4,8664.84,6419.99,34.6,40.3,2,4,1
PROP-001918,50,6.7,2877.35,3306.68,28.2,37.7,0,2,0
PROP-001919,34,6.8,4869.5,9033.94,35.9,18.0,3,8,1
PROP-001920,20,1.4,1926.13,5229.66,18.6,42.8,0,5,0
PROP-001921,24,0.5,3496.99,8532.76,11.7,11.6,0,1,0
PROP-001922,50,4.4,10291.31,31740.47,31.9,41.2,3,2,0
PROP-001923,18,0.1,2113.06,1384.71,53.3,23.8,1,1,0
PROP-001924,51,2.3,1670.94,1195.63,11.6,50.3,0,1,0
PROP-001925,37,0.7,4352.67,11158.92,29.1,52.0,0,1,0
PROP-001926,23,0.2,6127.12,11021.97,19.1,66.3,1,2,0
PROP-001927,31,4.1,3320.84,8428.34,6.0,68.0,4,2,0
PROP-001928,25,1.6,3702.1,7677.53,49.4,41.6,0,1,1
PROP-001929,48,2.3,6944.54,21564.79,34.5,35.0,1,0,0
PROP-001930,46,1.5,9284.16,22479.15,12.4,47.6,1,2,0
PROP-001931,18,0.1,6075.78,17453.51,31.5,71.0,0,0,0
PROP-001932,33,10.5,7856.72,20085.64,9.2,27.7,4,1,0
PROP-001933,27,1.0,4371.36,3861.81,17.7,18.3,3,2,0
PROP-001934,53,6.1,3057.87,5779.07,39.6,25.1,1,0,0
PROP-001935,21,2.1,1821.67,5472.42,37.0,44.5,0,3,0
PROP-001936,57,4.9,1946.18,5206.42,37.9,48.9,0,1,0
PROP-001937,37,0.8,4125.95,8307.09,45.1,44.8,0,1,1
PROP-001938,24,2.2,9699.16,21232.79,40.2,16.4,2,3,0
PROP-001939,29,0.4,2529.39,1464.7,29.1,60.2,4,1,1
PROP-001940,28,3.5,28139.27,50000.0,7.3,12.4,0,0,0
PROP-001941,22,0.2,4005.0,5569.03,12.9,39.7,0,1,0
PROP-001942,39,1.0,2436.69,4972.07,7.2,25.8,2,2,0
PROP-001943,23,3.5,3196.93,8885.86,58.1,23.5,0,2,0
PROP-001944,18,0.1,4259.22,9800.65,28.0,41.6,0,3,0
PROP-001945,33,5.0,10097.3,15344.4,24.9,36.7,0,2,0
PROP-001946,18,0.1,4767.83,9090.14,51.1,51.4,0,0,0
PROP-001947,28,3.0,2110.01,5900.21,58.6,35.6,0,2,0
PROP-001948,27,6.3,12780.84,34236.97,40.0,16.9,0,2,0
PROP-001949,27,0.7,3075.94,4051.75,28.7,28.1,0,4,0
PROP-001950,62,1.0,2732.35,9092.11,49.5,31.9,1,3,0
PROP-001951,38,0.7,5891.98,5889.23,47.3,52.8,1,4,1
PROP-001952,40,0.1,8083.05,10504.99,11.7,29.9,0,2,0
PROP-001953,18,0.1,7939.32,11895.99,35.5,63.9,1,5,1
PROP-001954,30,0.1,1558.41,1965.56,17.0,33.6,2,1,0
PROP-001955,40,0.5,11806.4,9026.23,12.4,5.6,0,0,0
PROP-001956,25,4.9,2370.4,2460.71,28.1,26.2,0,2,0
PROP-001957,48,1.8,6506.29,8189.95,45.2,37.3,0,2,0
PROP-001958,23,3.5,5862.71,19699.83,4.1,18.6,2,1,0
PROP-001959,34,6.4,6380.73,14577.23,40.0,47.3,1,4,0
PROP-001960,30,8.3,3905.65,8084.54,6.9,38.1,3,3,0
PROP-001961,39,2.4,8896.0,24921.04,17.1,82.9,3,3,0
PROP-001962,30,2.6,4534.86,5243.95,12.3,37.7,0,1,0
PROP-001963,34,1.6,10313.0,24204.28,40.2,35.3,0,3,0
PROP-001964,35,3.3,2266.8,1723.76,23.3,43.3,3,2,0
PROP-001965,29,0.6,12995.04,34749.52,43.7,34.6,1,1,1
PROP-001966,43,0.8,1572.61,1988.67,46.9,8.7,2,4,0
PROP-001967,40,3.1,12491.36,10251.21,20.9,28.6,1,2,0
PROP-001968,36,5.2,3297.85,8276.63,23.5,25.0,2,3,0
PROP-001969,32,1.8,5764.99,14290.33,29.6,32.4,0,1,0
PROP-001970,47,6.4,3419.76,2803.05,6.8,14.4,0,3,0
PROP-001971,35,6.7,2585.66,5573.68,68.8,68.1,2,2,0
PROP-001972,34,10.6,3460.99,11492.23,22.1,47.7,1,2,0
PROP-001973,39,1.7,7283.88,20651.58,30.3,23.1,0,2,0
PROP-001974,58,8.6,5700.91,5147.66,32.0,49.9,0,0,0
PROP-001975,21,2.1,9559.28,20622.55,28.8,53.8,1,4,1
PROP-001976,47,3.6,6269.34,19358.89,36.3,23.0,2,0,0
PROP-001977,18,0.1,5639.81,7061.99,17.0,20.1,0,1,0
PROP-001978,40,0.1,12389.85,35595.84,43.8,17.1,0,4,0
PROP-001979,56,3.1,6026.1,8581.5,15.2,24.3,0,1,0
PROP-001980,43,2.5,2510.73,1454.98,26.0,65.5,1,5,0
PROP-001981,40,1.5,2161.54,6220.18,42.7,28.2,0,1,0
PROP-001982,31,3.2,13762.29,23495.69,47.5,53.0,2,0,1
PROP-001983,38,2.0,4285.96,14209.8,30.9,60.3,0,1,0
PROP-001984,34,5.9,4684.36,4716.98,14.9,36.1,0,3,0
PROP-001985,28,2.8,3177.09,10209.87,20.2,25.1,0,0,0
PROP-001986,34,1.4,1765.68,4546.42,34.1,32.7,1,2,0
PROP-001987,40,5.9,14732.23,26786.47,21.5,29.9,2,0,0
PROP-001988,28,0.3,2146.53,3623.71,41.0,23.1,1,1,1
PROP-001989,28,2.7,2498.75,2063.82,39.3,68.6,0,2,0
PROP-001990,21,0.5,3732.37,6513.64,13.3,68.5,0,3,0
PROP-001991,42,0.2,3408.38,9248.05,35.2,24.0,3,1,0
PROP-001992,44,4.2,3184.85,1800.06,23.7,10.3,0,0,0
PROP-001993,40,3.4,6835.2,5990.94,6.0,14.4,0,0,0
PROP-001994,49,1.2,8841.06,10577.33,28.8,58.1,1,1,0
PROP-001995,39,0.3,4394.1,9310.3,59.6,41.5,0,3,1
PROP-001996,42,1.8,5404.61,10379.6,32.7,23.5,2,1,0
PROP-001997,41,0.5,2601.44,8298.25,27.4,58.4,2,5,1
PROP-001998,36,4.2,6441.23,10884.4,77.9,47.1,1,2,0
PROP-001999,31,6.2,3862.75,2295.82,23.6,39.6,0,2,0
PROP-002000,64,3.8,3626.22,8410.73,37.0,22.7,2,0,1
PROP-002001,32,3.1,8111.85,8446.25,44.8,20.0,0,4,0
PROP-002002,30,3.4,1921.22,3203.65,38.3,65.5,0,3,0
PROP-002003,43,1.4,8465.4,23183.68,30.2,42.3,0,2,0
PROP-002004,41,2.5,4398.77,3492.36,14.0,72.4,0,4,0
PROP-002005,21,2.1,3416.77,10153.17,24.7,55.9,2,2,0
PROP-002006,51,2.6,13080.26,42593.74,42.7,45.3,8,2,1
PROP-002007,36,4.3,7377.7,9552.81,44.1,20.2,1,1,0
PROP-002008,24,4.2,1643.74,4047.7,13.3,73.3,1,4,1
PROP-002009,52,2.9,8145.57,27540.34,56.3,37.1,0,2,0
PROP-002010,45,6.1,6506.25,4482.76,43.7,54.0,2,1,1
PROP-002011,22,2.8,2119.32,6289.45,12.4,38.6,2,4,0
PROP-002012,59,6.3,4359.27,10870.73,33.2,20.5,2,0,0
PROP-002013,45,1.7,7394.23,9104.81,28.0,38.7,0,1,0
PROP-002014,37,8.0,1519.27,3632.88,14.4,20.2,0,1,0
PROP-002015,57,1.6,7295.23,20951.35,23.1,82.5,0,0,0
PROP-002016,39,6.3,3615.15,8904.36,32.4,38.3,0,2,0
PROP-002017,37,0.8,4098.2,2370.56,49.6,78.1,0,3,0
PROP-002018,30,1.0,9024.49,14139.82,18.7,63.1,1,0,0
PROP-002019,44,1.9,2880.82,1939.69,27.2,51.6,0,4,0
PROP-002020,43,9.7,2351.37,2096.36,35.2,14.0,2,4,0
PROP-002021,38,5.2,6971.98,13364.85,17.8,44.5,0,2,0
PROP-002022,28,4.0,4841.69,7888.92,28.0,34.9,3,1,1
PROP-002023,39,1.7,3484.78,4187.08,41.1,22.5,1,2,0
PROP-002024,37,4.5,2014.27,6054.05,34.5,63.9,0,3,0
PROP-002025,21,1.7,3563.32,11820.17,36.2,41.7,0,0,0
PROP-002026,20,1.4,3168.98,10557.81,30.4,62.2,0,2,0
PROP-002027,44,1.2,3894.43,10409.22,9.2,67.0,1,2,0
PROP-002028,18,0.1,1731.63,5819.26,22.4,32.8,4,2,1
PROP-002029,40,3.8,2963.3,5630.1,12.8,70.5,1,2,0
PROP-002030,32,4.7,5721.33,8649.0,19.6,4.7,0,0,0
PROP-002031,53,7.2,4259.51,4736.17,19.4,14.8,1,1,0
PROP-002032,32,0.4,3976.99,10503.29,17.0,69.3,4,0,1
PROP-002033,45,0.6,2519.69,5701.24,52.5,28.3,0,2,0
PROP-002034,33,7.1,2569.03,8704.4,20.9,9.1,2,6,0
PROP-002035,39,0.5,3768.56,8919.43,27.9,90.2,0,3,0
PROP-002036,46,12.0,4377.57,9607.79,26.5,65.5,2,5,0
PROP-002037,32,2.2,2693.04,3373.29,15.6,34.6,2,2,0
PROP-002038,49,1.1,4969.22,10848.48,23.0,29.0,1,0,0
PROP-002039,26,4.0,4960.06,14095.51,67.6,32.5,1,3,0
PROP-002040,41,14.9,2399.07,2572.99,26.1,83.2,0,5,0
PROP-002041,49,9.6,9270.34,16002.51,35.8,31.9,3,1,0
PROP-002042,45,0.7,2714.38,7108.77,40.6,5.0,0,1,0
PROP-002043,60,4.7,2598.65,4187.84,29.7,60.6,1,1,0
PROP-002044,28,0.6,3047.52,9245.54,23.0,54.8,0,2,0
PROP-002045,21,2.1,1979.71,2250.02,45.2,50.5,3,1,1
PROP-002046,26,1.6,1564.23,3751.47,31.9,35.4,1,0,0
PROP-002047,45,6.2,8434.34,7324.58,57.4,20.6,0,3,0
PROP-002048,43,6.9,7698.64,25391.35,39.7,49.6,0,5,0
PROP-002049,39,1.8,2638.08,1930.34,27.7,74.3,0,0,0
PROP-002050,24,2.0,6553.0,7969.41,10.9,47.6,0,6,0
PROP-002051,47,12.1,3033.38,10268.01,22.8,24.9,1,5,0
PROP-002052,23,3.5,2421.88,7562.35,7.0,28.4,2,1,0
PROP-002053,51,10.4,3834.84,8314.76,51.0,43.4,1,2,1
PROP-002054,72,14.2,3812.25,4752.62,40.8,32.2,0,4,0
PROP-002055,42,4.6,8058.87,8502.95,59.7,45.4,2,2,0
PROP-002056,44,2.1,1412.0,1246.5,23.8,72.0,0,1,0
PROP-002057,32,2.6,3749.45,4575.26,56.7,55.2,0,1,1
PROP-002058,18,0.1,17254.44,42526.9,38.5,76.0,3,4,0
PROP-002059,30,2.1,1412.0,4040.11,53.3,39.4,1,4,0
PROP-002060,24,4.2,3167.52,4893.26,17.3,17.2,0,1,1
PROP-002061,20,1.4,3685.61,9423.81,17.0,23.1,0,1,0
PROP-002062,58,3.7,4864.31,9462.17,31.0,1.4,4,0,0
PROP-002063,41,1.2,6915.46,20465.66,26.4,28.6,0,2,1
PROP-002064,42,2.4,4845.63,15215.65,22.5,17.6,2,1,0
PROP-002065,34,0.7,11490.87,13505.74,4.4,55.7,2,1,0
PROP-002066,35,6.6,3551.88,11793.45,55.7,53.3,0,2,0
PROP-002067,49,2.0,8373.11,24034.97,28.4,21.9,0,4,0
PROP-002068,37,1.8,4065.07,9792.01,41.6,48.2,1,2,1
PROP-002069,44,0.3,7106.94,20570.23,68.4,43.9,4,2,1
PROP-002070,35,4.7,3027.92,9955.27,53.3,43.1,1,4,1
PROP-002071,33,2.6,2602.06,3588.17,18.5,19.2,1,3,0
PROP-002072,21,1.8,2021.64,4203.98,57.0,34.4,1,2,0
PROP-002073,18,0.1,3815.31,8317.92,15.8,38.6,0,0,1
PROP-002074,34,1.6,2909.65,4384.4,13.4,24.6,4,0,0
PROP-002075,38,1.3,5441.88,9522.85,37.5,39.1,2,2,0
PROP-002076,22,2.8,6679.27,3974.56,34.7,38.3,0,5,1
PROP-002077,37,0.7,8254.49,4629.62,24.8,41.4,0,7,1
PROP-002078,38,12.1,7284.93,4424.41,43.7,65.4,0,2,0
PROP-002079,18,0.1,8574.34,8455.76,29.6,18.1,0,1,0
PROP-002080,27,0.5,6704.23,18216.64,38.1,23.3,0,0,0
PROP-002081,42,0.6,2261.79,4597.13,49.9,75.3,1,3,0
PROP-002082,42,1.0,5258.96,5448.02,44.9,42.4,1,3,1
PROP-002083,24,2.2,2878.71,2063.14,27.2,57.5,0,4,1
PROP-002084,39,0.9,4083.36,6752.7,20.1,27.0,3,2,0
PROP-002085,50,4.7,4321.95,9163.6,18.9,21.6,1,1,0
PROP-002086,47,1.9,1412.0,4057.68,19.6,33.5,0,4,0
PROP-002087,36,6.0,2381.02,6207.25,48.8,11.4,4,3,0
PROP-002088,32,0.8,3293.62,11387.22,51.3,24.5,0,3,0
PROP-002089,30,5.9,1412.0,3504.84,26.8,65.7,1,1,1
PROP-002090,43,1.3,9752.32,7958.74,16.1,44.0,0,0,0
PROP-002091,40,0.4,4784.47,14993.93,15.1,38.2,0,0,0
PROP-002092,45,0.8,4768.02,10497.02,51.9,34.8,1,4,0
PROP-002093,39,0.5,8211.77,23205.72,31.5,27.5,0,0,1
PROP-002094,47,10.8,6822.25,7396.65,28.3,68.1,0,1,0
PROP-002095,39,0.6,6832.64,6284.87,27.7,35.9,0,4,0
PROP-002096,47,0.4,8227.82,25987.13,32.6,19.8,0,3,0
PROP-002097,48,0.8,5328.75,13210.12,14.2,66.9,0,2,0
PROP-002098,28,3.8,5404.72,7995.05,19.5,11.9,0,2,0
PROP-002099,18,0.1,5819.7,13013.79,29.2,13.2,1,0,0
PROP-002100,56,1.7,2014.72,1628.95,20.6,40.2,0,1,0
PROP-002101,41,6.5,1412.0,4058.49,8.3,43.7,1,0,0
PROP-002102,18,0.1,1412.0,1353.1,12.2,38.4,2,2,0
PROP-002103,29,0.4,6773.26,12844.55,35.6,40.6,0,4,1
PROP-002104,47,5.3,3236.15,4402.5,38.2,49.0,2,2,0
PROP-002105,34,1.3,3775.34,11963.3,36.1,29.9,0,2,0
PROP-002106,31,3.2,4892.55,15604.87,48.5,43.7,1,4,0
PROP-002107,54,0.1,10426.83,14820.97,44.9,45.3,0,2,0
PROP-002108,25,0.7,6611.27,3453.09,28.7,46.6,1,4,0
PROP-002109,28,0.6,5018.77,14168.81,7.2,4.2,1,4,0
PROP-002110,40,5.6,5702.72,4744.91,33.4,49.7,1,1,0
PROP-002111,42,0.4,17045.98,50000.0,16.9,20.9,0,0,0
PROP-002112,43,3.1,2453.02,2102.31,27.0,46.9,0,1,0
PROP-002113,48,2.4,10246.07,8021.94,27.0,66.8,1,2,1
PROP-002114,40,2.6,4507.6,9405.81,24.9,40.7,3,3,0
PROP-002115,43,1.1,4242.45,8976.91,36.0,52.4,2,2,0
PROP-002116,34,10.7,6475.29,3701.62,62.9,15.5,0,2,0
PROP-002117,38,0.1,1473.4,2084.87,9.3,49.6,1,5,0
PROP-002118,39,2.3,2343.25,4712.37,26.8,66.1,1,2,0
PROP-002119,40,0.3,5626.94,12670.57,28.0,56.4,4,0,0
PROP-002120,47,4.5,5854.31,20258.54,33.3,72.0,1,6,1
PROP-002121,44,1.8,6265.54,20045.91,15.3,16.9,1,1,0
PROP-002122,38,0.2,6821.95,8720.29,39.1,41.2,2,2,0
PROP-002123,28,2.5,14835.48,40913.26,22.0,37.4,3,3,0
PROP-002124,38,5.1,3021.45,4938.71,11.7,80.5,4,1,0
PROP-002125,37,4.1,5619.6,13937.54,17.0,72.8,1,2,1
PROP-002126,40,0.2,6966.94,17301.49,51.5,22.9,0,4,0
PROP-002127,64,1.3,5565.09,8085.77,23.7,49.8,0,6,0
PROP-002128,31,9.1,4166.8,12242.03,4.0,35.4,2,1,0
PROP-002129,43,0.6,2789.29,8388.08,29.6,27.3,0,3,0
PROP-002130,50,3.6,3926.13,10540.88,14.8,23.0,0,1,0
PROP-002131,39,1.4,9685.97,32504.74,20.4,61.2,1,3,0
PROP-002132,66,5.4,16583.35,16030.91,53.0,40.4,2,1,1
PROP-002133,33,2.2,1564.14,4764.26,19.2,26.3,0,2,0
PROP-002134,41,1.7,4497.76,8716.99,23.8,44.9,3,1,0
PROP-002135,28,7.0,1527.29,2155.05,39.7,23.1,0,1,0
PROP-002136,33,5.2,2873.88,7368.35,55.1,58.3,1,5,1
PROP-002137,40,10.9,5126.57,3932.56,15.2,49.2,0,3,0
PROP-002138,48,6.9,2180.54,5974.27,35.7,22.8,2,1,0
PROP-002139,41,2.2,3397.45,3724.35,34.7,50.6,0,2,0
PROP-002140,53,6.8,3099.17,4342.11,26.7,12.5,0,0,0
PROP-002141,36,1.9,4994.43,7731.2,11.0,44.8,0,2,0
PROP-002142,34,5.2,3451.56,1968.03,58.3,88.0,2,5,1
PROP-002143,70,9.1,8977.93,10629.65,17.7,19.2,0,1,0
PROP-002144,42,16.8,4276.09,11650.4,6.8,9.3,0,0,0
PROP-002145,29,7.7,2626.06,3978.35,12.0,18.0,0,0,0
PROP-002146,29,4.4,1729.52,1004.78,42.7,16.7,1,0,0
PROP-002147,26,2.6,2648.49,2326.55,66.9,13.0,0,1,1
PROP-002148,49,4.0,3922.13,13384.83,28.8,58.7,0,3,0
PROP-002149,33,3.7,5979.54,15697.06,80.0,69.8,2,2,1
PROP-002150,39,14.7,6790.14,6065.45,47.5,62.0,0,4,0
PROP-002151,37,1.1,7650.53,8556.23,34.3,76.3,2,5,1
PROP-002152,46,10.9,6185.83,13338.04,17.7,13.2,0,3,0
PROP-002153,27,6.3,7903.88,6858.92,63.7,47.1,1,4,1
PROP-002154,25,2.0,3601.61,6087.81,46.9,50.3,1,1,1
PROP-002155,40,1.2,3959.73,11634.98,50.4,51.8,3,2,1
PROP-002156,45,2.1,3074.77,2937.92,60.4,37.3,1,6,0
PROP-002157,41,3.2,2735.62,7917.14,35.2,41.8,2,2,0
PROP-002158,28,3.5,10060.55,28024.17,31.0,18.6,2,1,0
PROP-002159,46,1.8,3958.5,11347.89,26.2,31.8,0,3,1
PROP-002160,29,7.7,2236.11,7748.99,33.1,19.5,4,1,0
PROP-002161,31,4.1,2642.75,5777.95,22.4,38.4,4,1,0
PROP-002162,26,5.6,15586.79,27856.14,59.1,29.5,3,1,1
PROP-002163,53,3.4,5145.61,13694.39,5.3,41.5,0,0,0
PROP-002164,45,1.0,5849.51,4596.79,4.1,52.4,0,2,0
PROP-002165,45,2.2,3211.61,6338.82,29.8,34.4,2,2,0
PROP-002166,52,2.9,1412.0,3153.27,17.9,36.2,2,3,0
PROP-002167,71,2.2,2067.24,5735.38,26.9,24.5,1,6,0
PROP-002168,18,0.1,2987.89,7833.18,8.4,6.1,0,3,0
PROP-002169,29,3.9,3038.7,8011.71,47.9,35.3,0,2,0
PROP-002170,30,0.9,4391.62,5526.82,33.4,47.6,0,1,0
PROP-002171,27,5.2,7285.56,17737.32,17.4,24.4,0,0,0
PROP-002172,25,2.8,4475.45,12817.06,33.0,65.5,1,2,0
PROP-002173,34,3.1,5682.69,13229.62,34.9,72.0,0,2,0
PROP-002174,23,3.5,7617.81,23594.08,40.1,38.6,0,2,1
PROP-002175,42,2.5,10488.99,22920.21,31.2,45.3,0,2,0
PROP-002176,38,1.5,2521.31,8133.41,49.1,21.4,2,4,1
PROP-002177,43,3.9,5632.88,17245.51,3.0,65.2,0,6,0
PROP-002178,44,0.4,5789.66,14970.83,38.6,59.0,1,1,0
PROP-002179,45,0.8,5137.06,8162.88,14.9,68.4,2,0,0
PROP-002180,33,6.9,3443.78,2719.09,17.6,18.7,0,2,0
PROP-002181,63,5.5,2439.28,5418.75,38.4,67.7,1,1,0
PROP-002182,40,0.7,3965.14,10573.95,40.6,87.6,2,2,1
PROP-002183,18,0.1,5062.38,16216.3,18.7,32.8,3,2,0
PROP-002184,25,1.8,8294.73,8561.06,29.3,16.4,2,1,1
PROP-002185,18,0.1,4003.1,8493.86,20.5,83.3,2,2,0
PROP-002186,38,4.1,2159.46,5395.83,45.0,18.6,0,3,0
PROP-002187,36,3.3,2392.72,1959.03,24.7,62.0,0,3,1
PROP-002188,32,1.8,2133.52,3656.92,36.4,25.0,0,3,0
PROP-002189,62,8.1,4129.45,12946.59,62.6,73.2,0,2,0
PROP-002190,44,2.5,1909.3,3299.28,26.8,27.3,0,2,0
PROP-002191,46,3.0,2720.51,5587.78,41.4,40.0,3,3,1
PROP-002192,26,4.3,11444.34,38307.97,10.8,31.0,0,2,0
PROP-002193,26,0.2,3927.53,8279.96,17.8,35.0,1,3,0
PROP-002194,38,2.4,4571.43,15660.73,19.4,38.6,0,4,0
PROP-002195,40,4.2,1992.55,5179.88,34.0,70.7,3,6,1
PROP-002196,18,0.1,4232.51,9319.39,38.7,24.4,2,2,1
PROP-002197,35,0.8,1610.85,1147.01,44.2,48.1,0,4,1
PROP-002198,38,0.1,4735.32,11243.65,24.6,11.8,0,0,0
PROP-002199,35,0.4,2059.25,4060.84,35.8,32.7,3,0,0
PROP-002200,28,7.0,9631.91,30828.84,19.5,13.0,2,0,0
PROP-002201,31,0.7,13896.61,23611.97,31.1,68.7,3,2,1
PROP-002202,35,4.3,2954.5,4660.26,48.2,4.3,0,1,1
PROP-002203,39,0.5,1704.04,1070.17,42.9,13.7,0,0,0
PROP-002204,45,3.1,3325.01,4388.24,17.5,5.9,1,0,0
PROP-002205,50,1.5,1618.09,5408.34,19.5,20.8,3,2,0
PROP-002206,34,3.2,3536.42,10580.06,20.4,7.0,1,2,0
PROP-002207,32,8.2,2561.59,1285.76,32.0,63.5,0,4,0
PROP-002208,43,2.2,8659.53,10212.45,12.0,66.3,1,2,0
PROP-002209,45,0.7,1412.0,3225.8,15.4,12.8,0,2,0
PROP-002210,32,0.6,1986.74,5273.92,36.3,28.0,0,2,0
PROP-002211,47,1.3,7374.53,23645.55,55.8,10.5,1,2,0
PROP-002212,49,1.6,3044.15,9395.46,24.3,24.2,0,3,0
PROP-002213,53,9.6,10905.03,21929.51,56.5,34.1,0,2,0
PROP-002214,59,6.5,4485.5,2958.6,22.0,43.5,2,2,0
PROP-002215,27,0.1,5029.12,12672.38,24.7,61.4,2,2,1
PROP-002216,38,2.2,5315.01,9605.33,21.4,67.9,0,1,0
PROP-002217,38,9.7,5595.17,16054.03,51.3,58.4,2,1,0
PROP-002218,36,8.9,3892.85,4323.71,25.6,4.0,0,4,1
PROP-002219,30,1.9,4001.4,4353.69,18.8,44.6,0,2,0
PROP-002220,20,1.4,9169.15,17365.08,41.7,32.3,2,2,0
PROP-002221,39,0.3,2831.12,5668.18,14.8,11.9,0,2,0
PROP-002222,28,4.0,4895.34,13914.42,23.3,35.7,0,4,0
PROP-002223,39,0.4,3464.93,7346.32,37.5,44.4,3,4,1
PROP-002224,28,3.5,6505.91,8933.09,40.5,58.2,0,2,0
PROP-002225,24,4.2,9541.11,7818.77,32.1,53.3,2,1,0
PROP-002226,40,2.7,3229.13,10363.48,27.0,33.2,1,1,0
PROP-002227,39,1.0,2453.29,2228.61,51.4,60.1,2,3,0
PROP-002228,44,2.1,2822.99,6714.65,29.5,8.3,1,2,0
PROP-002229,64,0.3,7699.19,24654.38,9.6,36.5,0,2,0
PROP-002230,41,1.7,5151.86,8226.49,44.1,75.6,5,5,1
PROP-002231,43,1.4,4237.75,11237.72,20.9,53.9,2,4,1
PROP-002232,25,4.9,3954.25,11770.74,26.1,38.1,0,2,0
PROP-002233,22,2.3,2901.43,4972.86,10.5,21.2,0,1,0
PROP-002234,56,6.3,7430.45,25166.35,44.2,87.0,0,3,0
PROP-002235,26,5.6,4930.97,15955.08,22.6,17.5,0,0,0
PROP-002236,25,0.8,12927.8,35030.72,56.3,21.4,0,3,0
PROP-002237,37,3.8,4360.71,6046.27,11.5,16.8,2,2,0
PROP-002238,36,3.6,5188.25,12759.95,39.3,66.7,1,0,0
PROP-002239,27,0.5,3362.48,4896.99,39.3,30.6,0,4,1
PROP-002240,34,1.3,3013.72,5011.84,30.6,26.5,4,3,0
PROP-002241,52,0.5,4260.81,3166.91,9.8,52.1,0,3,0
PROP-002242,28,7.0,9087.7,31376.75,15.8,73.5,3,1,0
PROP-002243,21,2.1,3352.51,5226.46,27.3,25.7,0,1,0
PROP-002244,49,6.5,3318.0,1890.28,16.5,21.8,0,0,0
PROP-002245,43,6.6,1885.74,4395.9,21.0,83.5,0,2,0
PROP-002246,30,1.5,19642.02,32466.53,31.9,29.0,1,1,0
PROP-002247,19,0.7,3106.74,9302.68,45.4,42.6,3,4,1
PROP-002248,29,1.0,1883.53,4949.16,28.7,33.2,0,1,0
PROP-002249,37,13.3,4938.62,13218.82,23.2,39.3,0,4,0
PROP-002250,51,7.8,5150.3,4276.85,13.1,52.1,3,2,0
PROP-002251,25,4.9,7132.58,6958.59,44.6,60.4,2,4,0
PROP-002252,36,1.2,4979.11,6185.73,10.7,35.3,1,2,0
PROP-002253,46,5.7,1549.34,2728.85,37.5,49.0,2,3,0
PROP-002254,18,0.1,2814.71,1415.85,13.9,4.0,2,1,0
PROP-002255,50,0.2,8416.96,13780.76,23.3,24.6,0,2,0
PROP-002256,23,3.0,7753.27,13963.03,52.4,27.4,0,5,0
PROP-002257,41,4.8,5740.0,14546.92,59.7,54.6,0,1,0
PROP-002258,40,4.4,10750.78,27559.67,53.0,14.3,2,1,0
PROP-002259,51,3.5,3857.64,2597.35,40.7,24.9,3,1,0
PROP-002260,44,1.9,8900.33,14199.4,28.3,66.5,1,3,0
PROP-002261,18,0.1,3417.53,10040.56,6.3,19.4,2,1,0
PROP-002262,28,0.4,12573.85,29232.84,11.9,18.2,1,2,0
PROP-002263,39,3.4,3268.74,3837.98,35.5,51.4,0,1,0
PROP-002264,35,5.7,2206.84,2943.58,49.3,24.7,2,2,0
PROP-002265,43,0.2,2153.64,2446.97,3.0,11.7,0,0,0
PROP-002266,47,4.2,10221.36,30300.73,25.8,9.1,0,0,0
PROP-002267,45,1.8,10931.76,32864.14,30.4,18.4,0,2,0
PROP-002268,35,4.5,2529.64,5525.98,44.8,25.2,0,3,0
PROP-002269,18,0.1,2954.01,3995.6,46.0,88.3,1,4,1
PROP-002270,32,6.8,1412.0,3872.06,43.0,69.1,3,4,0
PROP-002271,42,3.2,2110.68,3661.74,46.0,42.7,1,2,0
PROP-002272,24,2.5,3761.63,5679.31,15.8,28.4,0,1,0
PROP-002273,45,0.2,3743.04,3038.08,11.3,37.4,0,0,0
PROP-002274,48,2.4,1412.0,3196.14,37.8,33.3,2,3,1
PROP-002275,39,2.0,1836.45,3268.85,38.0,37.5,0,1,0
PROP-002276,18,0.1,13494.54,13610.1,31.3,20.4,0,0,1
PROP-002277,22,2.8,8834.72,20427.4,29.5,27.1,0,6,0
PROP-002278,60,2.6,4816.27,3959.69,44.5,19.7,0,3,0
PROP-002279,31,0.8,4903.89,7901.59,27.5,63.1,0,4,0
PROP-002280,18,0.1,4455.74,10618.81,23.7,60.0,0,4,0
PROP-002281,52,1.3,4124.36,11902.66,40.9,32.9,0,2,0
PROP-002282,38,14.0,4480.88,12458.77,31.2,54.5,0,0,0
PROP-002283,51,7.2,1732.16,5947.35,52.4,26.1,0,0,0
PROP-002284,41,0.7,3809.73,12586.22,20.1,26.2,2,1,0
PROP-002285,43,2.0,1412.0,2991.98,14.1,39.4,0,2,0
PROP-002286,42,0.1,3925.56,10046.36,18.9,64.3,0,2,0
PROP-002287,46,4.5,5713.16,16629.09,33.4,40.3,0,4,0
PROP-002288,65,5.8,3166.47,5421.67,9.7,30.8,0,1,0
PROP-002289,49,9.1,5170.7,17824.52,50.2,42.0,4,3,0
PROP-002290,19,0.7,4169.81,5425.75,28.3,46.2,0,2,1
PROP-002291,43,0.5,5801.66,8520.21,50.1,23.7,2,2,1
PROP-002292,51,0.9,5499.04,10112.43,9.5,7.5,0,1,0
PROP-002293,52,6.6,2662.84,3927.8,28.3,38.8,1,4,0
PROP-002294,32,9.0,1888.67,4798.75,41.5,55.9,1,2,0
PROP-002295,51,2.8,1974.58,3744.62,57.0,30.4,2,7,1
PROP-002296,49,3.0,2563.98,4976.96,21.5,22.6,0,1,1
PROP-002297,68,3.1,7210.0,3671.77,35.5,39.3,3,2,0
PROP-002298,28,4.3,6857.32,20899.86,29.4,28.5,0,2,0
PROP-002299,31,9.1,3344.67,7487.97,38.6,58.3,0,3,0
PROP-002300,34,1.3,3724.4,10392.16,20.0,35.9,2,1,1
PROP-002301,32,1.8,1993.7,4804.37,45.4,45.5,1,3,0
PROP-002302,27,2.1,2072.21,7193.75,16.8,14.8,0,1,0
PROP-002303,18,0.1,5696.08,17872.76,6.8,51.9,0,0,0
PROP-002304,32,9.8,3428.95,10851.02,14.7,47.1,0,1,0
PROP-002305,42,2.7,3633.03,10303.45,19.6,53.6,0,1,0
PROP-002306,32,0.2,6629.54,8120.51,13.1,9.4,0,2,0
PROP-002307,61,2.2,5790.65,15386.19,55.5,61.4,0,4,0
PROP-002308,38,4.3,3868.39,3875.15,13.2,48.4,0,1,0
PROP-002309,53,0.6,9073.09,27038.52,37.4,60.0,3,1,1
PROP-002310,41,1.8,3227.62,3014.03,40.2,28.3,3,0,0
PROP-002311,47,3.7,2495.93,5612.74,19.8,28.4,0,1,0
PROP-002312,41,10.2,2081.52,7224.25,25.0,30.7,1,2,0
PROP-002313,54,2.3,9133.96,10379.01,11.5,20.7,0,0,0
PROP-002314,38,6.4,3042.26,7714.96,52.9,18.3,1,3,1
PROP-002315,43,17.5,4484.08,3718.75,14.8,8.3,0,2,0
PROP-002316,42,1.6,13684.66,40190.04,42.0,34.1,0,2,0
PROP-002317,34,11.2,2761.96,2371.63,44.5,48.4,1,0,0
PROP-002318,42,7.7,4763.18,12444.49,34.7,61.6,1,3,0
PROP-002319,64,0.2,4746.03,5259.16,32.1,35.8,2,2,0
PROP-002320,34,0.6,4575.32,13522.1,27.9,52.1,0,1,1
PROP-002321,43,8.6,7712.8,13313.47,30.6,36.1,0,1,0
PROP-002322,53,3.2,5591.52,17822.83,38.7,14.4,0,3,0
PROP-002323,51,3.9,4977.28,5153.07,76.4,37.4,1,3,0
PROP-002324,38,2.2,12173.1,27553.35,30.3,10.1,1,3,0
PROP-002325,18,0.1,1829.48,2889.99,48.1,65.5,0,4,1
PROP-002326,44,4.5,2182.41,6501.55,42.0,33.9,0,5,0
PROP-002327,18,0.1,4276.4,11255.75,28.6,8.6,0,0,0
PROP-002328,55,0.3,6086.76,17362.04,3.8,38.2,1,1,0
PROP-002329,40,4.5,4338.19,3427.44,21.0,12.5,0,1,0
PROP-002330,49,3.3,2994.88,6988.07,16.5,62.6,0,3,0
PROP-002331,27,6.3,9497.27,25688.82,29.3,14.2,0,1,0
PROP-002332,19,0.7,7233.75,23507.2,11.5,67.4,4,1,1
PROP-002333,41,2.6,3101.46,4398.69,30.4,39.4,1,1,0
PROP-002334,37,2.8,11899.13,8386.73,54.1,17.2,3,4,1
PROP-002335,32,1.6,3464.53,11960.98,20.3,31.7,1,6,1
PROP-002336,39,10.8,3779.74,1929.61,27.0,16.2,4,1,0
PROP-002337,71,0.3,1775.93,5566.25,4.0,76.1,0,4,0
PROP-002338,48,5.5,5208.07,3861.15,17.9,48.2,0,0,0
PROP-002339,50,3.2,14111.98,10549.15,6.2,59.9,6,0,0
PROP-002340,48,4.4,13788.74,32225.17,42.6,5.4,0,2,0
PROP-002341,55,0.2,3588.94,1975.09,41.5,24.1,0,0,0
PROP-002342,35,1.8,3216.95,10270.77,12.7,37.3,0,1,0
PROP-002343,18,0.1,4505.65,14940.75,25.8,35.0,0,1,0
PROP-002344,35,2.4,10466.28,28441.8,34.2,42.1,0,2,0
PROP-002345,47,2.4,5028.63,12013.6,48.8,5.8,0,2,0
PROP-002346,26,5.6,7180.47,15121.6,33.2,93.4,0,4,0
PROP-002347,35,1.4,6749.81,5279.55,24.0,71.0,1,7,0
PROP-002348,29,6.1,8775.3,28770.0,44.3,4.1,0,2,0
PROP-002349,56,0.4,7455.54,8055.97,63.3,14.9,0,2,0
PROP-002350,46,0.3,3033.05,7847.91,29.6,15.7,0,2,0
PROP-002351,45,2.0,4885.92,12319.57,41.3,93.0,1,5,1
PROP-002352,45,8.4,3399.41,7468.88,32.8,30.5,0,2,0
PROP-002353,37,6.1,7795.92,14838.72,57.4,6.8,2,0,0
PROP-002354,40,7.1,6072.56,15375.19,39.0,42.1,2,0,1
PROP-002355,23,1.4,6222.68,7255.59,13.2,72.5,2,4,0
PROP-002356,18,0.1,5534.2,10160.65,18.2,34.3,0,3,0
PROP-002357,39,3.3,1787.15,4926.79,19.1,51.6,0,4,1
PROP-002358,41,1.2,6218.51,15279.41,33.7,20.6,0,1,0
PROP-002359,52,0.8,2081.32,1460.24,36.7,47.8,0,2,0
PROP-002360,56,3.2,2429.18,2769.35,5.0,17.0,0,1,0
PROP-002361,56,2.0,8741.31,14079.75,29.4,29.2,0,2,0
PROP-002362,26,0.3,3527.12,11315.81,13.0,39.8,1,1,0
PROP-002363,33,2.9,1953.25,4414.96,53.3,68.7,1,3,0
PROP-002364,43,0.6,3064.82,3938.72,24.0,35.4,0,2,0
PROP-002365,68,3.2,6955.41,5352.9,8.7,16.8,0,0,0
PROP-002366,55,15.2,3350.01,8419.5,19.6,23.4,2,1,0
PROP-002367,51,16.9,8669.55,16058.0,19.9,3.8,2,1,0
PROP-002368,33,1.6,7677.25,25256.8,54.3,15.3,2,1,0
PROP-002369,27,3.0,8120.49,22701.87,35.3,59.4,4,4,1
PROP-002370,47,6.9,6578.26,9408.25,35.9,39.0,3,1,0
PROP-002371,24,2.2,2074.36,5858.13,15.3,38.8,0,3,1
PROP-002372,35,7.5,3803.73,11008.17,32.9,60.6,4,1,0
PROP-002373,36,2.9,5783.78,8498.72,39.0,83.2,1,2,1
PROP-002374,57,5.1,2749.96,3531.42,28.0,18.4,1,1,0
PROP-002375,33,10.1,6043.05,13842.77,32.3,34.2,0,4,0
PROP-002376,18,0.1,8433.29,8311.77,38.3,82.4,2,3,1
PROP-002377,44,2.8,2262.82,7167.95,18.1,34.6,4,1,0
PROP-002378,29,4.1,1503.12,4292.21,29.2,59.7,0,2,0
PROP-002379,38,2.8,4713.0,9094.41,70.0,54.3,2,1,0
PROP-002380,36,0.7,19246.18,39865.36,24.5,29.6,0,3,0
PROP-002381,34,5.3,4310.59,14058.8,50.2,21.2,1,3,0
PROP-002382,47,8.7,2072.83,5810.56,14.3,4.4,2,1,0
PROP-002383,19,0.7,6214.28,5976.62,37.1,25.3,0,3,0
PROP-002384,31,2.7,5418.93,14440.71,21.0,49.1,1,5,0
PROP-002385,46,2.3,6281.02,20048.82,46.4,33.0,1,1,0
PROP-002386,30,1.9,16529.98,28218.96,24.0,54.0,0,2,0
PROP-002387,18,0.1,2148.43,2141.75,55.0,23.7,2,0,1
PROP-002388,46,2.2,6998.57,6313.77,57.4,24.7,1,3,0
PROP-002389,51,3.2,4396.18,13697.57,42.9,31.4,1,2,0
PROP-002390,37,0.3,5724.3,11333.39,13.5,25.1,2,2,0
PROP-002391,18,0.1,2970.23,3891.22,56.0,12.8,3,4,1
PROP-002392,46,0.2,1926.04,1202.69,24.4,73.7,4,0,0
PROP-002393,18,0.1,12017.96,13840.37,44.4,77.8,3,9,1
PROP-002394,41,14.9,13089.32,17711.04,45.8,60.9,0,3,0
PROP-002395,27,5.5,14328.9,48183.28,23.4,25.1,0,1,0
PROP-002396,24,2.2,2863.89,3552.23,18.0,64.9,0,0,1
PROP-002397,32,1.9,4072.19,13071.35,29.0,29.6,1,1,0
PROP-002398,35,0.7,9270.72,7106.83,20.3,30.7,0,2,0
PROP-002399,30,0.3,4062.22,12278.56,25.8,35.5,4,1,0
PROP-002400,45,4.5,2956.69,1572.73,7.3,13.3,2,0,0
PROP-002401,32,1.5,5726.45,11961.34,31.4,47.1,2,1,0
PROP-002402,49,1.9,2125.46,2798.63,25.2,75.5,2,2,0
PROP-002403,41,2.8,1496.5,4966.61,18.6,22.3,0,0,0
PROP-002404,29,2.1,18231.57,27293.92,18.4,30.8,0,0,0
PROP-002405,27,1.0,3720.58,6384.43,9.9,24.2,0,4,0
PROP-002406,18,0.1,7282.03,25360.53,17.2,2.2,1,2,0
PROP-002407,41,3.3,3775.4,4831.26,36.1,66.7,2,3,1
PROP-002408,33,0.4,5138.12,2916.99,22.7,42.3,0,0,0
PROP-002409,18,0.1,4602.09,9826.06,25.8,24.1,2,1,0
PROP-002410,31,6.9,1813.38,2387.13,27.6,21.8,1,4,0
PROP-002411,27,1.9,3102.75,1589.93,23.8,62.0,1,1,0
PROP-002412,56,21.5,6862.61,15893.35,18.8,19.8,0,0,0
PROP-002413,18,0.1,5424.09,15830.32,18.8,37.7,0,3,0
PROP-002414,20,1.4,4406.39,5167.06,36.2,30.1,0,1,0
PROP-002415,51,2.3,1412.0,2227.18,26.6,6.8,0,1,0
PROP-002416,54,4.0,6055.75,21119.16,12.5,34.5,1,0,0
PROP-002417,29,7.7,3382.16,3402.44,18.5,75.7,1,1,0
PROP-002418,30,1.8,3075.9,2303.24,36.0,72.8,0,2,0
PROP-002419,45,1.9,2701.72,9184.58,41.9,47.4,1,1,0
PROP-002420,18,0.1,4674.47,14760.57,53.6,69.6,2,5,0
PROP-002421,18,0.1,4166.4,2825.76,28.3,33.8,1,2,1
PROP-002422,34,0.5,3497.62,4115.98,37.6,33.8,2,0,0
PROP-002423,56,0.2,9999.42,13894.39,52.5,37.1,3,3,1
PROP-002424,32,0.4,4546.95,13534.02,34.3,15.3,2,2,0
PROP-002425,39,6.6,1853.48,4218.68,27.5,45.8,2,2,0
PROP-002426,51,6.2,3037.73,7248.77,14.7,15.6,2,2,0
PROP-002427,63,2.4,5057.1,14772.67,45.4,45.3,3,3,0
PROP-002428,31,1.4,6650.5,11279.97,73.3,68.9,1,1,0
PROP-002429,37,3.1,2451.4,3792.1,27.1,16.2,2,0,0
PROP-002430,59,1.1,2453.59,6807.17,45.7,39.9,3,3,1
PROP-002431,19,0.6,5959.55,15452.95,7.6,27.2,0,5,0
PROP-002432,50,2.3,4659.29,4522.21,45.0,54.5,1,4,1
PROP-002433,25,1.8,5552.41,8037.07,28.8,15.3,1,4,0
PROP-002434,39,1.2,2955.45,3833.37,25.8,62.9,0,3,0
PROP-002435,35,1.6,7322.77,7954.78,26.7,18.7,2,1,0
PROP-002436,26,1.8,7070.38,16496.92,32.9,14.2,0,0,0
PROP-002437,26,1.3,6484.48,11699.67,21.9,71.6,2,1,0
PROP-002438,41,2.6,3372.15,6197.54,33.0,38.9,0,0,0
PROP-002439,49,0.2,3335.04,9237.87,70.5,14.3,1,3,1
PROP-002440,36,0.1,3980.08,12043.91,42.9,31.5,2,1,1
PROP-002441,38,1.9,1540.54,3658.81,26.5,68.1,0,2,0
PROP-002442,44,7.1,3473.25,4476.47,24.8,41.0,3,1,0
PROP-002443,26,3.9,7462.62,16630.92,38.2,40.0,0,0,0
PROP-002444,46,1.8,2673.01,3267.23,38.6,6.7,1,2,0
PROP-002445,47,2.2,13066.87,27382.36,22.6,62.1,0,3,0
PROP-002446,69,0.4,2062.25,6517.37,32.8,45.0,0,1,0
PROP-002447,33,1.5,2480.3,1502.93,49.9,33.2,0,1,0
PROP-002448,32,3.6,2894.58,5742.65,20.7,17.3,5,6,1
PROP-002449,47,4.9,6174.07,19740.3,54.6,26.7,3,4,0
PROP-002450,47,12.1,3548.6,11108.92,32.5,42.9,0,1,0
PROP-002451,31,1.3,2095.19,5518.63,3.1,49.9,2,0,1
PROP-002452,33,1.0,6015.36,11010.32,36.8,10.6,2,0,1
PROP-002453,44,8.1,5113.06,8835.66,30.0,85.0,2,2,0
PROP-002454,28,7.0,2757.18,1437.29,23.0,20.9,0,2,0
PROP-002455,33,4.2,12343.7,38582.2,48.4,62.5,1,2,0
PROP-002456,39,2.1,6780.21,11982.93,24.3,49.8,1,3,0
PROP-002457,49,1.7,6168.44,19739.62,54.5,26.2,0,2,0
PROP-002458,30,1.4,3056.86,2975.71,18.5,13.2,0,0,0
PROP-002459,18,0.1,2363.47,5347.89,52.3,68.3,2,5,1
PROP-002460,18,0.1,10407.75,13430.97,54.6,45.5,3,4,1
PROP-002461,22,2.3,2569.56,3127.58,50.8,65.7,0,5,1
PROP-002462,22,2.8,6005.01,20341.88,22.7,53.9,0,1,0
PROP-002463,36,1.8,7657.37,7670.31,22.5,75.0,0,2,0
PROP-002464,23,3.3,1888.9,6096.7,9.2,3.0,0,0,0
PROP-002465,29,1.3,3869.02,4857.74,45.0,74.5,1,4,1
PROP-002466,28,3.9,2448.63,5746.47,28.8,45.5,0,1,0
PROP-002467,32,9.8,5475.0,15125.3,25.5,21.7,0,1,0
PROP-002468,53,3.3,2679.57,3277.88,29.9,22.4,0,1,0
PROP-002469,45,0.1,2578.43,3137.23,15.6,37.2,0,1,0
PROP-002470,38,7.2,1986.93,1330.13,12.1,40.6,2,1,0
PROP-002471,32,3.8,4194.35,14678.07,9.1,30.5,0,2,0
PROP-002472,32,1.6,1590.73,2060.6,48.0,40.9,0,3,0
PROP-002473,41,3.3,10699.82,9622.11,26.2,75.9,0,4,0
PROP-002474,45,8.6,3861.88,8586.98,18.3,10.0,0,4,0
PROP-002475,27,2.8,7156.71,15928.43,30.3,68.2,0,2,0
PROP-002476,38,5.6,4164.55,9068.03,20.9,63.6,0,3,0
PROP-002477,18,0.1,5256.64,13740.17,29.1,41.4,1,6,0
PROP-002478,40,0.2,2003.67,3261.51,18.8,31.2,1,1,0
PROP-002479,47,0.1,6023.72,10412.91,13.4,34.1,0,0,0
PROP-002480,34,2.5,2130.28,6763.89,8.8,50.2,1,2,0
PROP-002481,59,2.3,9855.96,32530.74,33.4,62.6,0,3,1
PROP-002482,27,2.5,3194.98,3017.22,20.1,61.3,1,2,0
PROP-002483,40,1.2,6581.72,5233.14,22.8,87.1,2,3,1
PROP-002484,37,2.3,2077.08,3511.04,26.5,27.3,1,3,0
PROP-002485,36,0.7,6793.98,10170.88,25.7,34.6,0,3,0
PROP-002486,36,0.4,1579.92,3342.12,40.7,7.5,0,4,0
PROP-002487,39,12.3,1660.41,2546.74,18.0,57.6,0,4,0
PROP-002488,48,2.9,8097.64,19095.82,20.4,48.1,1,2,0
PROP-002489,54,0.7,7633.43,17878.09,34.0,18.4,2,1,0
PROP-002490,37,8.3,3306.64,5391.28,10.0,30.6,0,1,0
PROP-002491,47,1.3,3483.82,4708.95,45.7,24.2,3,2,1
PROP-002492,29,1.3,4001.28,4276.55,35.7,65.4,1,2,0
PROP-002493,47,9.7,5149.63,6701.01,34.8,19.8,0,1,0
PROP-002494,28,1.4,7864.78,25896.88,66.2,74.1,2,2,1
PROP-002495,51,9.4,3546.16,4335.3,35.2,16.0,0,2,0
PROP-002496,64,12.7,1702.91,2084.54,26.4,15.4,0,1,0
PROP-002497,36,3.0,4130.59,13774.84,21.9,59.4,0,1,0
PROP-002498,18,0.1,2792.52,6887.91,17.3,56.7,0,3,0
PROP-002499,31,1.6,9490.39,28077.43,46.1,30.3,0,4,0
PROP-002500,52,0.7,3466.38,2608.76,29.7,35.7,0,3,1
PROP-002501,44,0.1,8900.67,6897.38,45.0,11.9,0,2,0
PROP-002502,40,0.6,4247.38,5425.74,29.9,37.0,0,1,0
PROP-002503,50,0.1,2945.33,7196.13,80.0,29.1,1,2,1
PROP-002504,43,2.4,8795.6,19245.66,10.2,29.1,0,1,0
PROP-002505,52,1.9,2724.69,4598.46,16.6,7.3,0,0,0
PROP-002506,49,0.1,4341.36,14880.37,61.5,35.0,3,1,1
PROP-002507,56,0.7,3524.62,8003.37,15.9,42.8,0,1,0
PROP-002508,42,1.4,2670.54,6911.9,24.9,69.5,0,2,0
PROP-002509,48,6.4,5231.21,7494.05,19.4,52.3,0,2,0
PROP-002510,34,3.3,3033.72,10139.28,24.6,6.3,0,0,0
PROP-002511,30,4.3,2632.74,7399.23,16.6,81.5,1,1,0
PROP-002512,58,6.1,3898.29,4719.79,51.0,44.1,0,4,0
PROP-002513,40,2.0,3010.61,8542.03,21.2,46.0,0,3,0
PROP-002514,47,3.3,3390.01,7460.85,5.3,31.4,0,0,0
PROP-002515,39,4.3,3975.7,11444.83,10.5,67.9,2,1,0
PROP-002516,30,1.8,6175.15,10927.77,6.6,4.8,0,0,0
PROP-002517,38,0.2,3276.42,6978.37,16.9,64.4,3,1,1
PROP-002518,55,12.7,1984.19,1631.96,27.2,31.3,1,2,0
PROP-002519,44,1.8,5857.71,18532.45,29.4,9.9,1,3,0
PROP-002520,18,0.1,3003.26,6200.7,12.8,32.2,0,1,0
PROP-002521,35,2.5,5306.75,13378.24,27.7,84.7,0,2,0
PROP-002522,59,6.7,8356.99,22222.88,37.3,75.4,0,6,0
PROP-002523,35,2.3,4177.21,14122.82,28.1,52.9,3,2,0
PROP-002524,18,0.1,2542.45,2078.22,44.6,39.7,2,4,1
PROP-002525,60,2.4,3761.69,9557.87,22.2,71.5,2,3,0
PROP-002526,46,13.8,2701.63,4311.47,42.6,25.2,0,1,0
PROP-002527,37,2.1,2631.74,4398.86,21.2,25.8,0,0,0
PROP-002528,33,2.9,3411.39,2718.31,31.8,47.6,1,3,0
PROP-002529,50,1.9,2053.99,5810.88,16.8,14.0,0,0,0
PROP-002530,31,5.0,2245.56,4655.4,29.2,40.4,0,3,0
PROP-002531,51,5.4,6419.31,17203.05,15.3,12.7,1,2,0
PROP-002532,44,1.7,4651.12,11267.36,27.1,29.5,1,1,0
PROP-002533,40,6.3,5133.29,8781.79,51.1,48.4,1,2,1
PROP-002534,39,2.0,6561.96,4346.26,40.9,48.6,1,2,0
PROP-002535,35,0.6,1422.45,1354.89,42.9,30.0,0,0,0
PROP-002536,50,1.2,3531.38,6122.4,14.0,18.3,0,1,0
PROP-002537,27,2.9,10498.33,6054.08,15.2,4.9,0,0,0
PROP-002538,18,0.1,11799.78,31649.57,11.8,30.2,0,1,0
PROP-002539,45,6.1,2821.79,6376.28,45.1,72.4,0,3,1
PROP-002540,45,3.1,2496.29,4968.9,11.8,59.7,1,2,0
PROP-002541,43,0.9,1412.0,1000.0,8.2,56.9,0,3,0
PROP-002542,42,0.7,3298.03,8687.72,30.8,23.5,1,2,0
PROP-002543,34,3.9,5965.63,13641.17,46.8,15.0,0,3,0
PROP-002544,47,3.5,7234.5,7684.46,15.9,73.2,1,3,0
PROP-002545,37,5.6,1924.13,6123.38,23.9,10.0,0,3,0
PROP-002546,32,2.3,3753.56,9309.54,56.7,33.0,0,4,0
PROP-002547,34,3.4,3062.12,3811.82,22.9,29.7,4,1,0
PROP-002548,62,1.2,2204.99,4950.91,30.4,64.5,2,4,1
PROP-002549,18,0.1,2909.11,8216.21,33.7,40.4,1,2,0
PROP-002550,43,12.3,6960.06,17089.91,4.0,44.9,2,0,0
PROP-002551,18,0.1,5601.23,9873.6,21.9,26.5,2,3,0
PROP-002552,36,8.0,5202.96,13169.73,11.2,4.1,0,0,0
PROP-002553,32,0.1,9356.09,22637.85,23.9,18.5,0,4,0
PROP-002554,18,0.1,3922.51,6985.48,63.7,11.8,1,3,0
PROP-002555,42,8.3,3845.23,2246.14,18.6,46.1,0,1,0
PROP-002556,33,2.2,5432.79,10091.78,25.2,65.1,1,3,1
PROP-002557,18,0.1,2300.42,3263.47,4.5,46.2,4,2,0
PROP-002558,48,10.7,6903.11,16033.36,20.0,22.2,0,0,0
PROP-002559,55,10.9,6053.81,20046.79,45.7,86.2,2,1,0
PROP-002560,55,1.7,5252.34,4881.06,8.0,39.3,0,2,0
PROP-002561,42,6.0,2749.23,5630.96,8.9,8.5,2,3,0
PROP-002562,38,1.1,6313.7,12950.44,19.4,35.6,1,1,0
PROP-002563,53,1.7,11762.85,32717.84,45.5,35.5,3,2,1
PROP-002564,58,7.8,5771.14,18062.25,22.6,13.8,1,5,0
PROP-002565,51,1.0,2999.82,7802.33,43.5,39.5,1,2,0
PROP-002566,26,0.7,12168.18,19916.56,31.9,48.5,1,1,0
PROP-002567,40,15.4,5478.77,9359.2,55.4,40.3,0,3,0
PROP-002568,43,16.7,11902.92,11547.74,35.4,16.6,0,0,0
PROP-002569,18,0.1,2363.52,1622.8,26.6,27.6,0,3,1
PROP-002570,43,1.0,2812.67,2185.09,24.9,48.0,4,3,0
PROP-002571,65,4.7,6818.03,4155.39,7.3,11.8,0,3,0
PROP-002572,45,4.0,1412.0,1891.08,22.9,40.2,0,2,0
PROP-002573,55,0.8,13220.87,19001.99,11.2,66.9,0,0,0
PROP-002574,40,5.7,9150.65,24556.26,9.4,7.3,0,1,0
PROP-002575,37,0.7,2815.3,4459.15,34.2,32.4,2,2,1
PROP-002576,42,2.1,8891.14,26725.13,30.1,58.8,1,3,0
PROP-002577,28,7.0,4423.47,12223.51,35.0,31.2,2,3,0
PROP-002578,26,0.1,3715.3,12247.04,33.5,87.5,2,4,0
PROP-002579,53,0.7,2388.49,6529.08,11.0,63.2,4,2,1
PROP-002580,54,0.4,7929.16,13745.0,46.3,44.3,2,1,0
PROP-002581,26,4.0,6484.19,11684.52,54.0,27.0,0,4,0
PROP-002582,49,3.0,5079.19,11072.13,36.0,57.2,4,6,0
PROP-002583,36,0.9,2159.91,6333.08,18.7,73.3,1,1,0
PROP-002584,42,3.2,5862.66,8827.65,13.6,14.2,2,3,0
PROP-002585,43,8.6,7785.09,23787.2,35.3,8.6,0,2,0
PROP-002586,49,5.6,12347.14,21102.79,26.1,80.6,3,3,0
PROP-002587,38,1.8,3965.01,7836.13,33.4,57.6,3,3,0
PROP-002588,54,1.8,3170.39,9393.5,8.8,32.4,0,0,0
PROP-002589,41,2.6,2308.67,2804.85,25.0,33.9,0,1,0
PROP-002590,45,7.9,4614.33,8421.9,23.7,26.3,3,5,1
PROP-002591,28,1.0,7197.62,17990.62,14.6,22.7,2,1,0
PROP-002592,63,8.7,14111.36,47616.23,14.9,9.8,5,1,0
PROP-002593,43,3.0,5901.72,19150.66,34.7,53.5,0,4,0
PROP-002594,46,1.1,9722.98,22297.02,24.2,44.8,3,1,0
PROP-002595,18,0.1,4778.62,8964.07,36.3,33.6,0,3,1
PROP-002596,28,0.8,6722.16,17300.11,57.8,36.5,0,1,1
PROP-002597,52,2.1,3171.55,1850.64,46.4,25.5,0,0,0
PROP-002598,41,6.2,5161.48,16299.92,32.0,30.9,0,1,0
PROP-002599,18,0.1,2399.71,2324.31,49.1,31.7,0,1,1
PROP-002600,50,0.9,8449.16,13181.82,31.0,4.7,1,1,1
PROP-002601,31,1.7,15737.5,21933.03,14.3,12.4,1,1,0
PROP-002602,54,0.7,4868.22,8274.09,6.1,29.9,0,1,0
PROP-002603,36,4.6,3408.69,4441.52,30.6,23.6,1,1,0
PROP-002604,40,3.4,45290.88,40053.98,6.8,22.4,1,1,0
PROP-002605,52,0.2,8854.96,16958.19,27.3,49.9,2,1,0
PROP-002606,27,0.9,10975.26,30480.26,31.9,51.4,1,2,1
PROP-002607,26,1.6,5644.65,18813.73,9.3,12.3,0,3,0
PROP-002608,35,0.6,2403.53,6888.57,15.8,14.3,0,2,0
PROP-002609,47,1.6,3920.51,10739.4,43.1,32.5,2,4,0
PROP-002610,22,1.2,4679.75,14088.21,22.9,67.7,2,3,1
PROP-002611,18,0.1,4358.59,2934.39,26.0,76.1,3,2,1
PROP-002612,47,2.0,2306.86,3290.1,12.2,24.0,0,4,0
PROP-002613,30,1.0,4377.1,13836.07,56.5,31.8,0,2,0
PROP-002614,33,10.5,2221.25,2976.4,25.8,46.5,0,2,0
PROP-002615,18,0.1,1988.44,1717.55,11.6,17.6,0,1,0
PROP-002616,29,1.1,2773.8,4271.2,28.1,51.7,2,0,0
PROP-002617,37,5.4,3724.79,11194.18,48.9,63.4,2,1,0
PROP-002618,49,1.7,3875.89,6546.0,45.5,25.5,4,2,1
PROP-002619,28,7.0,4086.3,13565.38,35.1,38.5,0,0,0
PROP-002620,57,2.3,13070.39,12904.58,35.1,31.7,0,1,0
PROP-002621,29,7.7,4092.97,6855.14,38.2,24.6,0,2,0
PROP-002622,29,1.9,1457.47,2020.96,37.2,67.8,0,2,0
PROP-002623,56,2.0,3574.04,11170.37,58.0,46.7,2,4,0
PROP-002624,40,7.3,3743.64,12327.17,48.9,20.9,0,3,0
PROP-002625,31,8.0,1412.0,1998.82,8.6,30.1,2,2,0
PROP-002626,36,1.9,4288.93,12702.77,9.5,94.7,0,3,1
PROP-002627,54,3.9,3087.29,6187.29,26.9,47.1,3,5,0
PROP-002628,55,0.8,4052.33,11459.19,7.0,23.5,0,2,0
PROP-002629,28,7.0,4865.77,12476.81,48.8,51.7,0,1,0
PROP-002630,37,1.4,3892.61,5515.41,25.6,6.7,0,0,0
PROP-002631,39,0.8,3934.16,12983.44,17.0,24.1,0,1,0
PROP-002632,26,5.6,3083.96,6494.68,10.7,71.8,0,1,0
PROP-002633,37,0.5,5887.99,12733.94,7.8,82.7,2,3,1
PROP-002634,38,0.3,3297.67,2393.45,27.1,36.6,1,1,0
PROP-002635,51,4.1,6147.54,3594.24,42.1,42.2,2,0,0
PROP-002636,52,0.7,2170.75,5542.0,20.6,50.2,0,0,0
PROP-002637,34,2.2,3258.71,2116.63,22.6,28.1,0,0,0
PROP-002638,35,11.9,5598.32,18594.84,50.6,46.4,0,4,1
PROP-002639,45,8.4,2137.18,7441.38,30.0,40.1,0,1,0
PROP-002640,30,1.9,3001.33,9712.72,57.0,80.7,1,1,0
PROP-002641,45,0.6,5838.43,16114.92,6.9,13.8,0,1,0
PROP-002642,36,1.6,2663.77,1781.07,59.9,21.8,0,4,0
PROP-002643,26,0.2,8662.56,12345.9,60.8,67.3,2,5,1
PROP-002644,26,5.0,4252.78,14629.58,28.8,35.1,0,0,0
PROP-002645,55,0.7,3512.32,7387.68,32.6,20.0,4,2,1
PROP-002646,36,1.7,5992.09,20405.25,33.5,27.5,0,0,0
PROP-002647,57,2.1,4399.41,7226.25,55.0,17.8,4,0,1
PROP-002648,31,0.9,4310.54,9856.42,36.4,21.2,1,2,0
PROP-002649,41,1.7,3769.38,2918.69,31.2,57.4,0,3,0
PROP-002650,66,1.5,3863.11,6960.0,37.0,30.4,0,3,0
PROP-002651,25,0.2,2253.83,4086.43,47.1,51.5,2,4,1
PROP-002652,18,0.1,6225.92,18408.1,49.5,28.9,2,1,0
PROP-002653,53,2.8,2944.5,7448.23,49.9,25.6,2,3,0
PROP-002654,28,0.9,7622.72,12203.52,22.2,27.9,2,2,0
PROP-002655,37,4.5,2412.18,1227.44,11.0,40.9,0,0,0
PROP-002656,30,1.7,8522.89,8017.86,11.7,5.3,0,0,0
PROP-002657,41,3.5,2666.52,3433.35,32.3,15.2,0,0,0
PROP-002658,26,5.6,6575.79,5971.77,55.0,29.6,0,2,0
PROP-002659,35,1.0,3305.75,4161.29,21.2,66.7,2,2,0
PROP-002660,43,0.7,4707.62,3503.48,13.7,32.9,2,0,0
PROP-002661,25,4.9,2964.15,4888.4,11.0,55.3,2,1,0
PROP-002662,29,1.3,2638.28,7215.9,34.4,20.4,0,0,0
PROP-002663,33,2.6,3405.74,3425.41,10.1,13.6,1,0,0
PROP-002664,20,1.4,6208.07,15146.25,24.9,36.3,1,2,0
PROP-002665,32,6.4,6206.04,12726.1,24.1,58.1,0,3,0
PROP-002666,39,7.7,5826.28,12535.35,17.5,36.5,0,2,0
PROP-002667,33,2.1,4863.62,7268.35,29.6,46.3,0,4,0
PROP-002668,34,0.1,14549.01,50000.0,49.0,22.0,0,0,0
PROP-002669,37,6.4,2592.77,4437.49,34.4,37.3,2,2,0
PROP-002670,30,2.6,3926.78,4430.24,12.3,37.8,2,1,0
PROP-002671,46,8.0,1412.0,3651.15,52.3,22.3,2,3,0
PROP-002672,55,1.1,5422.26,5889.64,26.3,29.2,0,1,0
PROP-002673,32,3.2,2493.82,6830.99,40.5,73.0,0,1,1
PROP-002674,43,0.3,4128.91,7034.02,33.7,57.5,0,4,0
PROP-002675,35,3.6,2737.52,8634.42,34.7,85.4,2,1,1
PROP-002676,42,1.5,3839.85,9465.35,54.6,49.3,1,2,1
PROP-002677,56,2.3,4613.84,6011.05,20.1,27.6,4,0,0
PROP-002678,44,1.0,2772.85,2014.94,9.7,19.5,0,0,0
PROP-002679,18,0.1,5098.43,14948.8,14.4,54.7,3,3,1
PROP-002680,43,4.5,3279.71,10501.4,62.2,39.9,0,3,0
PROP-002681,52,4.5,2869.05,9790.6,18.3,44.8,0,0,0
PROP-002682,35,1.9,6220.44,5095.08,16.4,37.5,2,0,0
PROP-002683,49,1.5,4820.56,6469.05,22.0,45.7,2,4,1
PROP-002684,29,2.8,1499.06,4839.46,23.7,45.5,2,1,0
PROP-002685,20,1.4,3482.05,11568.15,11.0,71.6,0,5,0
PROP-002686,39,0.1,2354.8,6530.35,21.6,38.1,0,1,0
PROP-002687,18,0.1,9330.06,10447.35,15.1,10.0,2,1,0
PROP-002688,35,5.2,2729.31,6190.34,19.6,50.5,3,4,0
PROP-002689,53,6.3,2909.02,8461.33,40.0,66.7,2,2,0
PROP-002690,18,0.1,4348.14,14365.11,29.8,13.1,3,2,0
PROP-002691,22,2.8,5692.9,9437.8,31.3,41.6,0,0,0
PROP-002692,25,3.4,2829.95,4576.36,22.6,45.0,0,3,0
PROP-002693,37,7.0,4646.88,6675.32,25.0,18.0,0,0,0
PROP-002694,33,7.9,4970.42,10355.31,9.1,14.8,1,2,0
PROP-002695,54,7.0,1599.85,4160.09,44.8,52.0,0,0,0
PROP-002696,49,3.6,5578.95,5580.37,25.0,69.1,2,4,1
PROP-002697,43,0.1,3142.56,6149.26,35.8,56.5,2,2,0
PROP-002698,39,3.0,2143.64,5110.81,42.8,67.5,1,4,1
PROP-002699,42,0.6,12286.82,39069.62,17.0,27.2,0,0,0
PROP-002700,27,0.8,2539.16,2149.33,43.8,43.6,1,3,0
PROP-002701,48,4.7,6631.15,7778.18,7.4,59.0,0,1,0
PROP-002702,24,4.2,5601.76,14762.68,36.6,30.2,2,0,0
PROP-002703,48,4.2,1593.76,2466.35,31.6,28.5,1,0,0
PROP-002704,52,4.5,2723.82,9302.49,12.5,63.8,0,3,0
PROP-002705,40,1.2,2215.54,5257.76,32.2,34.3,1,2,0
PROP-002706,35,7.4,7227.39,18158.16,3.7,81.5,0,3,0
PROP-002707,42,0.1,6746.16,9855.85,27.7,46.5,0,4,0
PROP-002708,18,0.1,10849.62,9342.44,32.6,24.3,0,1,0
PROP-002709,41,2.8,2376.95,7426.47,36.0,34.6,1,3,0
PROP-002710,36,5.2,17091.72,29853.79,37.3,53.7,0,0,0
PROP-002711,37,5.5,7357.06,7856.53,65.9,53.5,0,2,0
PROP-002712,46,4.7,11303.12,8735.18,11.8,53.3,1,2,0
PROP-002713,37,10.5,4644.53,12247.89,33.0,19.3,0,1,0
PROP-002714,24,2.9,3609.25,6404.14,6.7,31.9,0,3,0
PROP-002715,36,12.6,2578.37,6060.87,30.5,23.1,0,2,0
PROP-002716,38,1.3,9018.92,10193.96,34.5,18.1,2,2,1
PROP-002717,39,3.2,3958.88,4247.23,13.9,75.3,3,1,1
PROP-002718,39,3.3,3987.15,5885.81,12.6,14.4,1,3,0
PROP-002719,50,4.6,8358.54,5814.85,41.9,51.1,0,3,0
PROP-002720,24,2.1,6967.59,19041.55,19.2,36.8,0,0,0
PROP-002721,40,11.7,3800.3,3360.54,16.6,24.4,0,2,0
PROP-002722,53,1.5,4674.46,5582.93,50.9,11.9,1,1,0
PROP-002723,18,0.1,5102.41,11763.12,32.5,31.3,0,1,0
PROP-002724,40,1.7,4487.88,5777.94,18.9,32.9,0,0,0
PROP-002725,30,8.4,8698.14,5454.61,25.7,24.8,0,2,0
PROP-002726,33,10.5,5904.45,12107.07,9.9,41.5,0,0,0
PROP-002727,27,6.3,3588.43,5411.53,22.8,21.2,1,0,0
PROP-002728,35,11.9,9334.74,9464.86,44.6,75.9,0,2,0
PROP-002729,60,1.3,3005.08,6328.15,24.5,71.6,1,4,1
PROP-002730,22,2.8,4083.25,8141.95,6.0,33.3,0,2,0
PROP-002731,23,1.1,3780.16,6353.65,25.4,30.8,0,2,0
PROP-002732,22,2.8,3431.79,9415.85,45.8,47.3,1,3,1
PROP-002733,58,4.2,3604.59,3742.62,38.5,36.6,3,1,0
PROP-002734,32,8.7,7703.96,8555.17,34.8,54.7,2,2,0
PROP-002735,37,6.8,4527.29,13059.53,8.4,58.1,0,2,0
PROP-002736,33,8.9,12127.5,35005.34,16.9,44.5,0,1,0
PROP-002737,26,5.6,3218.01,10299.59,44.6,37.5,0,4,0
PROP-002738,35,4.2,3060.45,9075.0,10.9,57.3,0,3,1
PROP-002739,67,0.7,2008.97,4156.18,23.9,30.4,1,2,0
PROP-002740,54,7.2,2004.23,6050.76,62.3,9.8,0,1,0
PROP-002741,27,0.7,2766.45,9371.59,10.0,37.8,2,2,0
PROP-002742,45,4.3,2699.47,5025.86,49.2,55.2,0,3,0
PROP-002743,28,1.4,3102.85,6250.39,18.9,48.4,2,1,0
PROP-002744,18,0.1,4797.4,4102.75,18.1,34.8,0,2,0
PROP-002745,50,2.1,2693.44,6092.8,27.5,61.9,3,4,0
PROP-002746,51,6.0,11802.63,40387.99,65.0,51.3,0,1,0
PROP-002747,50,1.2,4118.08,11481.87,29.8,27.6,0,3,0
PROP-002748,32,0.3,7106.6,8352.84,31.4,56.3,0,0,0
PROP-002749,35,5.8,2591.92,5997.12,31.0,37.9,2,2,0
PROP-002750,46,3.1,3466.8,7601.22,17.0,47.9,1,4,0
PROP-002751,42,3.4,5255.91,12256.29,44.0,36.0,0,4,0
PROP-002752,33,0.6,5629.06,16264.21,35.6,7.6,3,0,0
PROP-002753,18,0.1,7447.48,17539.22,41.3,36.1,0,1,0
PROP-002754,39,12.6,2008.88,2534.55,62.0,25.2,1,2,0
PROP-002755,50,3.5,21208.47,22748.81,18.3,37.4,1,1,0
PROP-002756,23,3.5,11449.44,10650.34,20.2,46.8,0,0,0
PROP-002757,45,2.2,5020.26,6811.5,46.1,46.9,0,0,0
PROP-002758,41,9.2,5395.77,4680.97,23.0,55.5,1,5,0
PROP-002759,47,4.1,4995.34,5655.7,71.0,20.2,3,0,0
PROP-002760,48,0.4,2472.52,6419.59,24.1,11.6,0,0,0
PROP-002761,29,0.8,1940.7,2889.41,6.2,7.7,0,0,0
PROP-002762,18,0.1,2208.72,2052.62,28.8,23.6,0,1,0
PROP-002763,31,4.6,2047.42,1676.32,39.1,88.1,3,2,1
PROP-002764,48,0.4,12080.35,25263.99,64.1,11.1,0,0,0
PROP-002765,31,5.7,3282.01,11175.15,62.5,36.4,2,1,0
PROP-002766,29,1.6,8530.91,17196.08,24.9,44.0,0,2,0
PROP-002767,18,0.1,3804.58,5614.66,13.7,25.0,1,0,1
PROP-002768,59,8.5,4086.4,5612.78,36.8,41.0,0,3,0
PROP-002769,47,4.2,3817.78,6872.0,18.1,40.1,0,1,0
PROP-002770,47,0.1,3111.05,2760.04,33.5,24.7,0,1,0
PROP-002771,49,1.5,12576.02,42768.36,15.8,59.0,0,5,0
PROP-002772,44,0.8,4765.21,9312.22,29.0,70.1,0,0,0
PROP-002773,35,8.9,10206.13,7151.69,37.5,18.4,2,0,0
PROP-002774,36,4.0,5062.87,3717.66,19.4,16.9,0,0,0
PROP-002775,32,5.0,10318.95,13765.87,24.8,48.2,0,0,0
PROP-002776,69,2.3,4666.53,5601.2,46.7,13.3,2,2,0
PROP-002777,44,1.8,3756.05,3539.23,29.5,18.0,0,0,0
PROP-002778,32,3.7,1826.19,4825.07,12.7,39.7,1,3,0
PROP-002779,43,0.2,6892.51,3743.93,21.2,59.6,0,1,0
PROP-002780,25,4.9,11088.97,6569.61,10.5,66.1,0,2,0
PROP-002781,56,5.0,8025.79,18641.9,10.4,32.2,0,1,0
PROP-002782,30,0.4,3422.46,7491.14,9.2,50.1,4,0,1
PROP-002783,44,5.3,7134.66,7958.94,44.6,32.1,1,2,0
PROP-002784,50,2.6,2340.3,2580.27,32.9,41.5,0,1,0
PROP-002785,42,7.9,2410.49,4744.34,16.9,17.6,0,2,0
PROP-002786,39,1.1,2921.44,4094.73,13.8,81.5,0,2,0
PROP-002787,38,0.1,2946.03,7183.66,42.6,24.1,1,2,0
PROP-002788,37,2.3,6305.61,21524.74,29.3,55.2,0,5,1
PROP-002789,31,1.4,7276.01,6836.94,22.5,55.0,0,3,0
PROP-002790,32,2.1,3463.45,4860.06,26.2,6.3,0,3,0
PROP-002791,55,9.3,11523.55,11551.47,35.2,35.4,0,0,0
PROP-002792,36,1.3,3265.55,5803.52,67.4,71.4,1,2,0
PROP-002793,28,3.4,8946.87,21232.32,28.9,75.7,2,3,0
PROP-002794,31,0.3,3564.09,10956.56,37.9,72.1,0,1,0
PROP-002795,51,0.5,4476.3,8639.9,51.0,28.7,1,1,1
PROP-002796,46,3.8,4630.44,11804.58,21.9,13.2,0,1,0
PROP-002797,44,3.0,7346.32,13670.4,48.5,47.2,0,3,0
PROP-002798,34,0.8,3938.65,3093.13,47.4,25.6,0,3,0
PROP-002799,44,2.5,1623.17,5417.18,32.5,46.3,0,2,0
PROP-002800,30,8.4,7048.59,24167.47,43.2,19.0,0,1,0
PROP-002801,34,0.7,4427.95,10445.3,43.1,52.0,3,4,1
PROP-002802,49,6.5,12635.65,16766.86,12.8,10.3,2,0,0
PROP-002803,48,8.7,2044.41,4420.66,16.2,11.9,3,2,0
PROP-002804,26,4.6,3925.69,4573.2,3.0,65.5,0,2,0
PROP-002805,27,0.5,1690.49,1627.05,34.7,67.5,0,4,1
PROP-002806,39,0.6,4724.72,6332.27,53.8,27.6,2,2,1
PROP-002807,58,8.6,4728.56,2962.94,8.1,45.0,0,2,0
PROP-002808,18,0.1,10313.17,17695.98,5.6,60.3,4,1,0
PROP-002809,41,1.9,5945.66,8272.22,25.6,47.5,1,0,0
PROP-002810,21,2.1,3276.35,3163.63,40.8,18.9,2,1,0
PROP-002811,30,6.9,4688.79,7640.46,19.4,54.5,0,3,0
PROP-002812,33,10.5,8012.65,13669.34,11.7,18.8,2,3,0
PROP-002813,32,2.3,1547.34,2880.73,16.3,28.1,1,0,0
PROP-002814,31,0.1,6150.68,8889.89,29.8,78.7,1,3,0
PROP-002815,38,6.5,2894.26,2729.06,55.3,12.5,0,2,0
PROP-002816,31,2.5,3572.31,4980.54,22.5,87.9,1,2,1
PROP-002817,20,1.4,4493.09,8240.74,49.1,3.4,2,0,1
PROP-002818,47,1.5,1788.73,4458.02,21.8,39.6,3,4,0
PROP-002819,47,6.3,1799.85,2098.12,36.6,42.7,0,2,0
PROP-002820,48,6.5,6574.17,9620.51,23.1,10.8,3,3,0
PROP-002821,19,0.7,3446.14,5129.33,23.8,79.6,0,5,1
PROP-002822,41,13.7,4345.5,10654.21,25.1,64.9,1,2,0
PROP-002823,46,1.1,5091.19,16551.14,15.6,45.6,1,3,0
PROP-002824,25,0.2,2109.0,5612.47,22.3,4.1,1,1,0
PROP-002825,38,1.1,2845.2,8690.57,19.4,28.5,0,0,0
PROP-002826,36,3.8,2597.43,8337.25,50.3,28.4,0,5,0
PROP-002827,60,11.7,1412.0,3576.71,32.7,66.0,1,5,0
PROP-002828,61,2.6,3948.72,12731.12,53.5,8.6,2,0,0
PROP-002829,18,0.1,4029.32,4279.22,14.7,55.0,1,1,0
PROP-002830,67,8.5,5911.87,11563.8,18.5,24.4,0,3,0
PROP-002831,27,0.8,5492.32,3539.68,26.8,77.8,0,3,0
PROP-002832,49,0.1,1570.31,1095.24,61.8,16.8,3,1,1
PROP-002833,49,2.3,1591.1,5284.4,63.1,73.8,1,4,1
PROP-002834,26,5.6,3062.68,4619.18,11.1,41.9,0,2,0
PROP-002835,43,0.7,5039.1,4258.06,8.0,20.8,0,0,0
PROP-002836,36,1.8,3258.13,4730.75,19.1,60.8,0,4,0
PROP-002837,44,7.1,2781.82,3274.83,16.3,36.4,1,2,0
PROP-002838,40,1.9,9795.39,12674.8,39.7,10.2,0,2,0
PROP-002839,52,1.5,6274.95,8004.43,27.2,53.8,0,6,1
PROP-002840,38,5.8,6793.81,6896.61,39.8,31.3,1,0,0
PROP-002841,35,0.5,5475.56,14637.78,33.4,39.3,0,2,0
PROP-002842,51,0.6,2287.74,4686.87,26.6,80.2,5,3,1
PROP-002843,44,0.6,6897.58,12627.0,58.5,14.4,1,1,0
PROP-002844,46,1.2,20192.92,11577.05,35.0,71.7,3,2,1
PROP-002845,30,1.2,6402.16,5258.39,19.4,64.7,2,1,0
PROP-002846,25,2.0,4182.15,11664.26,44.7,68.7,1,3,1
PROP-002847,31,7.5,1768.95,6173.48,20.3,16.9,0,4,0
PROP-002848,30,0.2,2823.43,5337.74,42.6,28.5,0,0,0
PROP-002849,47,0.5,6746.17,22276.2,58.2,73.2,2,2,1
PROP-002850,49,4.5,6554.02,10671.48,30.6,45.3,1,3,0
PROP-002851,36,1.2,2391.78,7297.94,20.2,72.1,1,2,1
PROP-002852,55,2.8,5936.06,5820.41,3.1,44.9,0,0,0
PROP-002853,54,0.6,2490.16,2037.22,32.7,51.8,1,0,0
PROP-002854,40,4.1,7470.3,10868.55,27.3,24.0,0,0,0
PROP-002855,28,7.0,6404.42,7829.04,29.8,48.1,2,3,1
PROP-002856,56,0.9,8002.4,23885.32,46.3,21.1,2,2,0
PROP-002857,37,5.0,3311.47,4736.65,50.7,29.0,0,2,0
PROP-002858,39,2.1,6873.72,10274.34,35.8,32.6,2,3,0
PROP-002859,33,8.3,4763.72,14884.67,24.7,41.8,0,1,0
PROP-002860,27,3.3,5642.96,16801.09,18.4,61.5,1,0,1
PROP-002861,20,1.4,4623.06,15246.34,21.8,68.2,0,3,0
PROP-002862,45,1.6,2647.44,4833.31,8.7,13.5,0,0,0
PROP-002863,28,7.0,5409.0,17742.12,10.3,43.8,1,2,0
PROP-002864,74,1.7,5835.66,16078.05,20.1,13.6,0,4,0
PROP-002865,24,0.4,2292.5,6868.16,10.7,21.0,0,0,0
PROP-002866,22,0.2,6264.17,18233.28,31.5,19.7,0,2,1
PROP-002867,44,3.5,6069.84,6692.82,12.0,71.9,0,1,0
PROP-002868,56,0.9,2964.02,7510.33,41.5,67.2,0,3,0
PROP-002869,38,1.1,5213.31,17413.66,46.9,40.6,0,1,1
PROP-002870,44,3.3,3075.05,8704.65,38.4,54.6,3,3,1
PROP-002871,18,0.1,6323.5,13143.36,13.3,83.0,0,4,0
PROP-002872,29,7.7,2611.56,7732.54,29.0,29.8,1,1,0
PROP-002873,25,4.9,9837.62,14318.45,14.1,28.6,1,1,0
PROP-002874,18,0.1,9530.85,13211.61,29.8,34.5,1,1,0
PROP-002875,39,12.0,7261.94,16085.1,11.3,10.7,1,2,0
PROP-002876,18,0.1,14322.19,26672.99,22.9,6.6,1,6,0
PROP-002877,22,2.0,10476.65,24364.66,7.4,66.1,2,1,0
PROP-002878,31,0.1,7802.92,5332.88,59.8,69.9,3,2,1
PROP-002879,28,2.0,11358.87,33059.15,28.1,32.0,2,2,0
PROP-002880,42,0.3,4128.32,4755.48,28.7,26.4,1,2,0
PROP-002881,41,16.1,3191.27,4291.54,31.5,7.9,0,3,0
PROP-002882,48,2.6,8008.1,16750.72,3.2,70.0,0,3,0
PROP-002883,47,6.6,4165.08,3855.49,16.4,83.4,1,2,0
PROP-002884,51,1.0,7731.82,4186.94,41.8,15.8,0,1,0
PROP-002885,37,0.1,2800.52,4135.98,53.7,39.2,3,4,1
PROP-002886,41,1.0,2995.26,2233.88,30.2,52.3,0,3,1
PROP-002887,44,0.1,1853.03,1181.2,58.1,48.8,0,3,0
PROP-002888,39,0.1,2281.99,7623.48,23.9,47.7,0,3,0
PROP-002889,33,1.5,5464.98,14791.56,61.1,58.8,1,5,1
PROP-002890,34,3.1,1908.69,6196.05,21.4,16.6,2,0,1
PROP-002891,28,3.8,2455.72,2130.91,24.4,41.5,1,4,1
PROP-002892,43,4.1,2750.45,3223.76,13.3,45.2,2,2,0
PROP-002893,36,1.3,3481.83,9235.73,29.9,9.9,1,4,0
PROP-002894,30,6.2,4687.96,4369.61,27.2,35.3,0,2,0
PROP-002895,30,3.7,14416.61,22687.31,56.5,40.2,0,1,0
PROP-002896,23,0.8,7162.72,16149.25,16.6,22.3,2,4,1
PROP-002897,49,0.1,3122.33,5809.03,11.6,26.4,0,2,0
PROP-002898,38,0.5,4506.28,13923.0,57.1,6.0,0,0,0
PROP-002899,27,1.4,3220.43,5617.45,25.7,50.9,0,2,0
PROP-002900,47,7.2,7562.32,9536.9,32.9,41.1,1,3,0
PROP-002901,31,0.7,6232.15,6491.35,26.1,51.3,0,4,0
PROP-002902,21,2.1,3211.65,6622.4,29.7,49.6,0,1,0
PROP-002903,50,1.1,5603.73,8926.88,32.2,59.6,1,3,0
PROP-002904,31,5.5,5838.96,20350.13,30.8,36.6,2,2,0
PROP-002905,33,9.9,4594.83,7377.67,70.5,36.3,0,3,0
PROP-002906,38,2.9,5624.89,12613.41,50.2,53.8,0,5,1
PROP-002907,51,3.9,6289.51,5999.59,9.2,68.8,0,2,0
PROP-002908,38,5.1,15963.64,34028.97,62.2,20.2,2,0,0
PROP-002909,23,1.3,9126.0,12696.83,26.8,13.8,1,1,1
PROP-002910,44,0.4,2497.37,6654.91,69.9,28.4,0,4,1
PROP-002911,32,0.3,5170.34,10748.97,40.5,58.6,1,5,0
PROP-002912,60,2.9,15946.24,26745.8,11.3,42.4,2,0,0
PROP-002913,37,6.3,5534.73,3213.22,18.7,31.9,0,2,0
PROP-002914,18,0.1,13451.55,14866.79,50.1,18.2,0,4,0
PROP-002915,42,0.3,21445.91,28525.1,47.2,23.4,0,4,1
PROP-002916,61,0.6,2546.87,2409.27,12.3,83.9,0,1,0
PROP-002917,56,15.4,4265.13,9576.72,31.9,51.7,0,5,0
PROP-002918,59,3.7,4646.35,3034.18,35.6,48.9,0,1,0
PROP-002919,25,1.7,2033.8,1351.07,44.0,19.4,0,1,0
PROP-002920,48,5.1,10243.06,26122.84,21.7,33.8,2,1,0
PROP-002921,29,1.5,5467.79,5236.7,27.4,75.6,2,5,1
PROP-002922,40,1.4,1650.04,5103.48,35.7,31.0,0,0,0
PROP-002923,22,2.0,5398.34,10819.04,62.3,49.4,0,3,0
PROP-002924,30,3.1,2771.87,6919.68,35.2,62.7,0,1,1
PROP-002925,29,0.1,4386.67,5731.12,21.8,16.0,1,0,0
PROP-002926,48,0.1,1412.0,4165.42,58.1,60.2,0,1,0
PROP-002927,47,9.8,3979.29,11668.72,43.1,62.5,0,5,1
PROP-002928,41,0.3,7371.17,16388.68,16.1,74.0,0,2,0
PROP-002929,21,2.1,3453.76,9027.06,48.7,35.0,2,3,0
PROP-002930,34,2.3,1531.42,5226.86,53.0,21.9,1,0,0
PROP-002931,29,2.0,4295.34,8416.06,21.6,42.8,0,2,1
PROP-002932,48,12.0,3939.9,6244.9,25.4,44.4,0,4,0
PROP-002933,52,15.4,11397.43,28441.73,14.8,27.2,2,2,0
PROP-002934,50,0.6,5796.25,19447.74,8.8,24.3,0,4,0
PROP-002935,28,2.9,3872.46,8672.25,40.3,22.7,0,4,0
PROP-002936,18,0.1,2161.86,3857.5,16.5,64.1,0,2,0
PROP-002937,18,0.1,4329.13,11651.85,5.8,8.6,0,2,0
PROP-002938,55,6.1,14214.65,38894.99,30.5,7.3,1,1,0
PROP-002939,33,0.1,5586.0,3427.72,17.8,10.9,2,1,0
PROP-002940,28,2.1,6596.99,17174.61,18.1,38.0,1,4,0
PROP-002941,57,0.3,1412.0,2335.69,35.2,38.0,1,4,1
PROP-002942,53,2.9,7709.62,25653.15,14.3,2.4,0,0,0
PROP-002943,38,1.8,4704.38,10269.65,61.4,24.7,0,1,0
PROP-002944,34,0.1,4509.69,14023.28,32.1,47.2,0,3,0
PROP-002945,36,4.9,4933.59,15932.56,34.7,32.3,0,1,0
PROP-002946,40,4.5,5016.93,5572.82,29.8,58.3,2,2,1
PROP-002947,57,1.6,3808.65,8979.06,3.7,49.7,1,2,0
PROP-002948,43,1.2,3304.75,8913.53,18.2,44.8,0,3,1
PROP-002949,46,3.4,1916.4,5963.73,33.9,28.9,0,5,0
PROP-002950,52,3.4,3562.59,11958.94,17.9,50.5,1,2,0
PROP-002951,23,3.1,8666.69,13352.77,27.4,46.6,2,6,0
PROP-002952,47,0.4,3181.19,10900.41,29.4,71.2,1,2,0
PROP-002953,34,0.6,7171.4,24894.85,29.5,25.3,0,4,0
PROP-002954,18,0.1,2338.57,4561.19,39.0,36.2,0,3,0
PROP-002955,18,0.1,1972.77,2739.34,37.9,66.6,0,2,0
PROP-002956,25,0.2,3437.47,5312.04,34.6,30.4,1,0,0
PROP-002957,44,0.2,7746.48,24287.25,30.3,20.8,0,0,0
PROP-002958,39,5.8,1840.95,3712.09,39.7,11.8,0,1,0
PROP-002959,40,0.1,12896.84,18227.96,32.8,38.2,0,1,0
PROP-002960,61,4.0,16035.45,10162.52,8.2,45.6,1,0,0
PROP-002961,22,0.1,6798.75,7125.55,37.4,73.0,1,4,1
PROP-002962,37,0.6,3223.41,7335.4,20.8,72.3,0,3,0
PROP-002963,41,4.9,3344.98,10400.02,35.9,45.1,0,1,0
PROP-002964,29,2.7,2942.1,9525.38,40.8,29.3,0,2,0
PROP-002965,38,1.5,2939.75,3570.68,41.1,64.9,0,3,0
PROP-002966,18,0.1,3901.15,2946.56,42.8,24.2,0,1,0
PROP-002967,54,0.6,1485.2,4174.94,30.8,21.1,1,2,0
PROP-002968,29,1.3,5483.62,14494.78,23.7,43.1,2,3,1
PROP-002969,62,10.0,2255.01,4154.86,8.6,33.2,0,2,0
PROP-002970,37,3.0,2653.36,3883.88,70.4,24.9,2,3,1
PROP-002971,50,6.9,2816.64,4627.59,5.8,48.9,0,3,0
PROP-002972,37,2.2,5525.12,10330.3,20.2,18.9,0,3,0
PROP-002973,37,1.0,8632.08,20328.95,7.8,16.1,2,1,0
PROP-002974,30,5.5,2417.38,7228.33,3.0,31.4,2,2,0
PROP-002975,39,3.7,9157.25,22476.68,10.1,43.0,0,0,0
PROP-002976,41,2.5,2265.22,2416.34,51.4,26.3,0,2,1
PROP-002977,28,7.0,2872.83,7998.08,27.4,43.6,0,3,0
PROP-002978,36,0.6,7616.59,10328.21,27.7,30.3,0,4,0
PROP-002979,30,8.4,1640.87,4532.11,22.3,26.9,0,0,0
PROP-002980,65,0.3,3193.58,2567.69,7.4,91.7,1,2,0
PROP-002981,36,0.1,2548.12,1501.25,19.3,74.3,2,3,0
PROP-002982,56,2.3,3378.07,2459.66,15.6,25.9,0,0,0
PROP-002983,35,2.2,2945.81,7105.43,28.3,24.7,0,4,0
PROP-002984,41,0.3,1564.45,1317.23,15.5,29.6,0,3,0
PROP-002985,22,0.1,6402.31,6927.41,8.1,60.0,0,2,0
PROP-002986,32,0.6,5474.65,15338.71,66.1,51.7,1,4,0
PROP-002987,40,9.5,7607.82,19174.45,17.0,31.6,1,3,0
PROP-002988,57,2.7,3480.44,4942.04,35.6,77.3,0,1,0
PROP-002989,40,3.5,4203.35,9067.45,34.6,50.9,0,0,0
PROP-002990,54,0.2,7597.71,9674.82,31.0,7.8,0,2,0
PROP-002991,45,1.8,5087.31,6733.31,28.8,28.4,3,1,0
PROP-002992,57,0.1,7657.81,25564.87,35.1,69.6,3,1,0
PROP-002993,37,5.1,7332.42,18569.83,24.6,25.6,0,1,0
PROP-002994,66,1.6,4567.64,3962.17,46.4,35.8,0,3,0
PROP-002995,32,0.5,4708.69,11531.81,10.0,73.6,0,1,0
PROP-002996,28,2.2,4269.66,5866.37,40.0,22.5,0,0,0
PROP-002997,23,2.5,4712.03,7793.05,37.4,24.2,0,1,0
PROP-002998,65,4.1,3203.45,6534.64,49.7,68.6,1,1,0
PROP-002999,47,5.6,5455.6,3967.91,24.6,59.5,2,0,0
PROP-003000,33,4.1,4965.48,8846.07,28.6,76.4,2,1,1
PROP-003001,52,0.5,3096.79,7353.96,20.4,31.4,1,1,0
PROP-003002,46,3.7,5608.52,9315.72,38.1,57.6,3,1,1
PROP-003003,61,4.2,9317.95,26054.69,37.0,72.2,2,4,1
PROP-003004,19,0.7,4469.11,10639.23,43.2,54.3,2,2,0
PROP-003005,34,2.8,4635.87,2597.69,3.3,9.8,0,1,0
PROP-003006,32,1.0,4966.73,7962.56,42.7,43.6,0,1,0
PROP-003007,18,0.1,1417.51,3374.95,19.0,57.3,0,3,0
PROP-003008,50,2.1,3574.53,5580.71,5.7,53.9,0,3,0
PROP-003009,34,0.2,17839.61,27590.91,18.4,47.1,0,3,0
PROP-003010,46,1.0,4562.38,13209.09,47.1,84.3,2,3,1
PROP-003011,66,0.1,2595.41,7842.3,17.4,48.2,2,1,0
PROP-003012,33,2.5,4346.31,6513.27,36.2,77.0,0,1,1
PROP-003013,32,1.3,3170.1,5700.52,10.7,18.7,4,1,0
PROP-003014,39,6.1,4922.17,7403.97,37.9,64.3,2,1,1
PROP-003015,49,6.8,4963.95,4911.79,13.5,22.1,1,0,0
PROP-003016,31,2.4,4282.56,5704.41,20.8,59.6,2,3,1
PROP-003017,30,0.7,7593.76,16978.94,11.4,41.0,1,2,0
PROP-003018,50,0.9,2150.84,2251.4,45.6,75.7,1,3,1
PROP-003019,42,11.1,5422.25,10115.86,16.6,72.9,0,1,0
PROP-003020,18,0.1,8321.29,16622.84,29.1,51.3,2,2,1
PROP-003021,23,2.7,3766.53,4042.7,44.9,59.6,0,2,1
PROP-003022,56,1.6,7238.94,13959.65,50.7,42.3,0,2,0
PROP-003023,42,6.8,3876.2,3703.27,29.7,72.6,2,2,0
PROP-003024,28,0.7,2310.31,5112.0,39.2,59.7,0,3,1
PROP-003025,35,7.7,1420.43,4967.51,7.2,42.6,0,2,0
PROP-003026,38,2.0,3186.32,8418.5,33.0,45.5,1,3,1
PROP-003027,46,11.6,3679.68,4906.24,31.4,14.2,0,2,0
PROP-003028,21,2.1,16577.25,14706.72,30.0,24.9,0,2,0
PROP-003029,27,3.6,4570.77,2555.36,36.8,38.3,0,4,0
PROP-003030,41,2.4,3170.65,6905.97,19.0,10.9,0,1,0
PROP-003031,36,3.4,6115.46,7966.19,17.5,43.1,0,1,0
PROP-003032,44,3.3,3519.77,6435.67,21.7,18.0,0,2,0
PROP-003033,23,3.5,8265.74,21119.77,37.3,40.3,0,0,0
PROP-003034,42,2.3,11218.57,6486.96,39.7,71.8,0,3,0
PROP-003035,51,2.6,4899.06,5256.02,19.8,21.8,4,6,0
PROP-003036,43,3.1,1527.87,2231.53,45.1,48.8,1,4,1
PROP-003037,39,2.7,4186.97,5234.76,48.2,58.2,0,3,1
PROP-003038,36,4.1,4036.34,9669.06,20.6,2.2,0,1,0
PROP-003039,27,0.7,11871.63,14942.07,37.3,20.8,4,3,0
PROP-003040,37,5.2,5813.96,3331.48,40.8,42.7,0,1,0
PROP-003041,53,11.8,3516.64,11090.35,43.3,91.4,0,2,1
PROP-003042,36,0.1,10289.39,8691.51,28.0,16.5,0,2,0
PROP-003043,27,5.2,4143.16,11939.86,54.4,35.3,0,2,0
PROP-003044,32,0.3,4119.54,3801.15,12.7,28.1,0,2,0
PROP-003045,40,6.4,3293.66,6523.67,34.5,40.8,0,3,0
PROP-003046,33,7.3,8919.92,8637.11,35.1,10.8,0,3,0
PROP-003047,43,1.8,3221.95,6152.53,20.8,17.1,0,0,0
PROP-003048,44,6.9,6567.49,9790.52,50.3,33.1,2,2,0
PROP-003049,48,1.5,5655.36,12577.29,26.5,75.0,0,2,0
PROP-003050,55,17.6,4633.65,6986.46,64.3,52.0,2,4,0
PROP-003051,49,2.6,7688.74,24652.56,42.6,30.6,0,1,0
PROP-003052,26,0.1,11214.18,23834.5,66.4,9.7,4,1,1
PROP-003053,27,0.1,2124.1,7123.27,57.4,29.5,0,2,0
PROP-003054,37,1.3,4032.98,12251.9,25.5,17.7,2,2,0
PROP-003055,32,1.9,3842.6,8859.4,36.1,25.3,0,0,0
PROP-003056,24,4.2,4740.32,5218.33,59.8,77.1,0,6,0
PROP-003057,32,4.9,3140.78,1852.22,13.3,23.8,1,1,0
PROP-003058,32,6.6,2400.22,7638.26,20.1,29.5,0,0,0
PROP-003059,29,7.7,4167.24,4654.95,23.9,30.6,0,1,0
PROP-003060,34,11.2,8186.89,7749.94,25.5,33.2,0,1,0
PROP-003061,52,0.6,3938.86,2652.8,20.5,67.3,0,3,0
PROP-003062,40,2.6,5706.49,14090.69,22.8,10.5,2,4,0
PROP-003063,67,4.4,11143.97,27488.43,37.2,55.1,2,1,1
PROP-003064,40,8.5,4913.54,14563.1,26.2,17.4,0,1,0
PROP-003065,34,10.3,8056.19,11762.85,40.4,15.3,0,2,1
PROP-003066,38,0.9,8518.29,15683.86,50.5,46.3,1,3,0
PROP-003067,41,16.1,9366.66,20558.53,22.3,12.7,0,0,0
PROP-003068,43,1.9,15505.59,30951.81,17.1,33.9,0,2,1
PROP-003069,62,9.6,4119.79,6904.65,51.4,58.6,2,2,0
PROP-003070,27,2.0,7692.1,25734.3,28.5,34.0,0,1,0
PROP-003071,48,0.1,5066.71,12804.12,10.7,49.4,0,0,0
PROP-003072,40,5.2,5997.86,15399.3,10.7,80.6,0,0,1
PROP-003073,19,0.7,5692.01,17093.09,55.7,30.4,0,0,0
PROP-003074,47,1.6,9102.7,23265.67,43.7,51.5,1,4,1
PROP-003075,53,1.3,3280.01,7006.59,28.7,43.1,0,1,0
PROP-003076,27,2.8,5629.48,5044.15,39.5,24.9,0,1,0
PROP-003077,37,6.4,2074.29,5504.1,34.8,53.0,2,6,1
PROP-003078,18,0.1,2755.89,8036.47,14.8,9.9,0,0,0
PROP-003079,22,2.8,3145.91,5560.9,36.3,17.3,1,2,0
PROP-003080,50,17.6,6343.8,3551.79,7.9,34.5,0,0,0
PROP-003081,32,0.9,5718.98,8982.93,29.7,56.6,1,1,0
PROP-003082,24,1.9,10302.01,10274.28,34.7,69.2,1,5,1
PROP-003083,40,0.6,8040.29,25538.95,26.2,23.3,0,2,0
PROP-003084,31,2.4,4406.47,5270.1,34.1,29.7,0,1,0
PROP-003085,32,8.6,27096.39,42842.22,57.3,16.7,0,0,1
PROP-003086,46,16.9,4981.5,11461.65,32.5,46.6,2,4,0
PROP-003087,24,3.1,1921.28,5701.66,19.0,21.8,3,2,0
PROP-003088,27,6.3,2081.37,5556.61,37.1,67.5,0,4,0
PROP-003089,39,5.1,6757.93,12677.53,17.8,45.5,0,1,0
PROP-003090,49,5.3,1740.83,1451.75,19.7,58.3,0,1,0
PROP-003091,52,3.3,4960.56,4084.42,10.0,20.9,0,2,0
PROP-003092,30,3.8,3637.15,10296.46,25.2,43.6,2,1,0
PROP-003093,49,0.6,13975.23,38034.12,10.5,56.6,0,2,0
PROP-003094,28,0.9,2207.55,5428.65,34.6,18.6,0,1,0
PROP-003095,59,0.1,8080.04,28092.22,34.3,26.3,0,2,0
PROP-003096,24,0.5,3608.32,7082.3,45.9,35.8,1,4,0
PROP-003097,53,3.6,3415.91,2777.92,16.3,26.8,0,1,0
PROP-003098,30,1.0,11094.31,33173.31,12.7,32.7,4,5,0
PROP-003099,62,2.9,3264.05,11316.81,27.9,66.9,0,6,0
PROP-003100,45,0.2,2592.83,8086.53,39.6,36.4,2,1,0
PROP-003101,25,1.8,3354.7,6423.55,30.0,32.9,0,1,0
PROP-003102,31,7.3,2427.96,3951.78,40.0,45.1,0,3,0
PROP-003103,47,4.8,1775.09,3606.5,36.3,18.7,1,3,0
PROP-003104,50,6.3,2783.74,5262.62,3.0,60.2,1,2,1
PROP-003105,37,2.8,1691.22,5548.53,54.4,17.0,3,2,0
PROP-003106,38,3.2,2648.34,3791.5,7.1,67.5,0,4,0
PROP-003107,47,4.4,2608.65,2126.31,21.0,39.7,0,0,0
PROP-003108,39,2.1,5163.12,3762.25,62.8,31.0,0,3,1
PROP-003109,22,0.2,2046.8,4241.04,24.5,32.6,0,1,0
PROP-003110,28,7.0,6351.58,6300.79,39.2,64.7,0,2,0
PROP-003111,40,5.8,1412.0,3423.12,12.1,36.9,0,0,0
PROP-003112,52,6.9,2546.97,8193.88,38.9,72.0,4,5,1
PROP-003113,57,0.4,3908.34,6124.03,31.6,94.7,0,0,1
PROP-003114,47,2.5,3489.17,8937.97,38.9,60.1,0,3,0
PROP-003115,41,8.2,4597.66,14188.69,22.6,64.2,1,1,0
PROP-003116,46,6.9,1983.28,3786.93,43.2,23.8,1,1,0
PROP-003117,29,1.0,13905.44,38582.01,28.1,74.4,2,4,1
PROP-003118,36,1.8,11752.38,40911.71,17.8,19.8,0,1,0
PROP-003119,28,2.1,1412.0,3682.42,17.8,25.7,1,2,0
PROP-003120,23,1.0,6383.28,3839.92,54.0,57.2,3,5,0
PROP-003121,42,0.7,3596.98,9593.25,61.2,21.3,1,0,0
PROP-003122,40,1.2,4125.93,3950.05,44.8,18.7,0,1,0
PROP-003123,46,1.7,4177.93,3773.35,5.9,37.2,2,3,0
PROP-003124,44,1.0,2751.49,4343.31,15.0,58.4,0,0,0
PROP-003125,40,0.1,4140.31,2883.6,33.2,37.9,0,3,1
PROP-003126,44,1.3,11087.07,24026.49,20.8,54.7,0,1,0
PROP-003127,37,5.1,13238.76,35438.42,26.6,15.7,1,0,0
PROP-003128,42,2.8,4131.45,5813.75,10.1,5.3,0,0,0
PROP-003129,29,2.3,1672.7,5394.18,3.7,34.1,0,3,0
PROP-003130,42,2.6,3801.8,3355.78,51.9,47.4,0,3,1
PROP-003131,46,4.9,3679.78,2943.32,43.8,56.8,0,3,1
PROP-003132,29,0.7,10496.36,11012.33,31.3,39.9,0,2,0
PROP-003133,38,2.8,2147.15,5826.04,5.4,53.0,0,2,0
PROP-003134,30,3.3,1430.81,4812.09,26.5,42.8,0,1,0
PROP-003135,31,0.3,2894.62,3214.55,22.7,9.5,0,2,0
PROP-003136,24,0.6,6556.76,14402.98,22.1,28.7,0,6,0
PROP-003137,53,0.3,2512.44,2892.06,19.2,7.6,0,2,0
PROP-003138,50,6.9,3792.88,6882.93,32.2,75.8,0,0,0
PROP-003139,44,15.4,6889.83,15790.2,13.2,44.6,0,0,0
PROP-003140,61,1.0,1745.32,4034.72,21.8,84.6,2,3,1
PROP-003141,35,1.7,4124.97,5295.34,17.7,27.3,0,0,0
PROP-003142,74,1.2,5077.59,8022.03,24.2,39.1,1,2,0
PROP-003143,35,1.2,6465.88,14921.85,9.7,17.1,0,2,0
PROP-003144,41,0.8,3425.0,4319.98,39.0,22.7,1,3,0
PROP-003145,33,0.3,11064.93,36950.24,17.0,42.6,0,2,0
PROP-003146,42,2.4,3271.21,7289.96,38.7,20.7,0,1,0
PROP-003147,48,4.9,7133.49,16297.18,13.6,3.2,0,1,0
PROP-003148,36,0.4,8619.73,16591.06,6.6,39.4,4,2,1
PROP-003149,59,1.0,1412.0,4160.97,9.1,74.4,1,2,0
PROP-003150,40,5.3,11073.73,6445.15,19.9,39.5,0,2,0
PROP-003151,41,1.8,2286.84,4323.54,78.7,22.5,2,2,1
PROP-003152,27,1.9,3379.17,10560.8,35.8,19.9,0,3,1
PROP-003153,43,2.2,8461.59,21603.28,25.3,34.0,1,3,0
PROP-003154,36,7.1,3382.84,6466.87,55.5,9.9,0,5,0
PROP-003155,30,0.6,4174.98,2543.02,24.1,84.1,0,2,0
PROP-003156,28,0.3,7654.07,15633.05,52.2,58.2,2,2,1
PROP-003157,70,1.8,4862.31,7985.02,8.3,17.5,2,1,0
PROP-003158,34,1.4,2402.53,4705.9,31.2,69.8,4,2,1
PROP-003159,20,1.4,8988.2,28972.03,6.9,53.5,0,2,0
PROP-003160,29,2.5,5406.07,8273.82,20.4,19.9,2,1,0
PROP-003161,37,1.1,1720.05,2063.28,14.0,24.0,0,3,0
PROP-003162,44,0.2,4093.64,12896.96,48.4,28.1,0,3,0
PROP-003163,44,12.2,5378.3,13391.37,14.2,9.8,0,1,0
PROP-003164,46,0.3,3455.75,11083.48,55.3,13.3,0,2,0
PROP-003165,30,2.6,1652.23,4616.43,17.8,63.5,0,5,1
PROP-003166,42,0.4,1914.89,4901.27,31.5,56.0,3,1,0
PROP-003167,27,6.3,2940.02,4229.74,37.1,64.2,0,3,1
PROP-003168,30,1.2,5452.57,8040.56,39.8,62.1,0,0,0
PROP-003169,26,0.4,8825.41,12345.51,19.7,29.8,3,2,0
PROP-003170,23,0.3,1890.62,3042.56,11.5,13.3,2,2,1
PROP-003171,50,0.7,3094.67,8950.01,10.0,14.4,3,2,1
PROP-003172,46,7.5,1412.0,1671.28,47.4,17.8,0,1,0
PROP-003173,49,7.3,4294.58,4242.87,25.0,80.0,0,2,0
PROP-003174,38,1.1,10844.59,17509.18,34.2,38.4,1,2,0
PROP-003175,47,2.2,8100.67,6064.87,33.9,64.3,1,2,1
PROP-003176,18,0.1,3722.69,9852.45,41.5,28.4,1,2,0
PROP-003177,48,4.9,3583.75,7709.03,5.4,7.8,0,0,0
PROP-003178,40,1.8,3522.68,11804.25,47.2,59.6,0,1,0
PROP-003179,45,3.5,3656.97,7791.21,26.3,39.6,0,2,0
PROP-003180,42,1.6,4439.73,12311.88,36.0,50.0,0,2,0
PROP-003181,26,0.1,3516.29,2852.76,60.4,20.9,0,2,0
PROP-003182,20,0.9,4351.45,10471.79,44.5,40.5,0,3,0
PROP-003183,29,1.7,2221.44,1584.43,38.1,73.4,1,1,0
PROP-003184,44,2.7,5717.93,11534.37,19.8,10.2,2,2,0
PROP-003185,46,1.4,6339.89,20517.0,29.2,13.9,1,1,0
PROP-003186,21,1.9,19410.29,43283.84,35.9,59.6,0,3,0
PROP-003187,26,1.8,5890.06,9933.19,37.7,44.1,0,4,1
PROP-003188,29,0.1,3991.9,4669.12,20.7,16.3,2,3,0
PROP-003189,33,2.2,11477.9,11641.81,15.4,64.4,0,2,0
PROP-003190,21,2.1,10183.33,13382.48,18.1,34.1,2,3,0
PROP-003191,20,0.4,2856.72,8189.22,25.0,25.6,2,1,1
PROP-003192,28,6.7,12467.3,22710.42,25.5,68.3,3,0,0
PROP-003193,39,0.8,5391.04,12354.75,67.6,54.7,1,1,1
PROP-003194,23,3.5,1900.43,2881.44,65.9,55.4,2,7,1
PROP-003195,36,8.1,2854.62,5403.9,55.1,39.1,1,1,0
PROP-003196,50,0.7,3042.09,6355.09,21.1,27.3,3,5,0
PROP-003197,22,2.8,10779.34,17373.92,61.8,43.6,1,3,0
PROP-003198,35,2.3,4922.46,7196.8,21.0,26.1,2,1,0
PROP-003199,50,5.7,4705.06,11494.25,33.0,29.3,0,1,0
PROP-003200,32,2.9,4277.41,10046.64,22.7,55.6,0,3,0
PROP-003201,31,4.5,14546.61,43637.88,22.8,37.4,0,2,0
PROP-003202,51,4.8,3913.28,5251.95,22.4,65.2,1,1,0
PROP-003203,34,10.9,3453.52,8289.55,42.5,1.0,4,3,1
PROP-003204,51,2.9,9040.49,27466.1,20.2,44.0,3,0,0
PROP-003205,43,0.1,4898.12,8682.47,15.3,80.1,0,1,0
PROP-003206,33,4.8,10338.51,10533.65,26.3,47.1,0,1,0
PROP-003207,43,1.2,3455.8,4744.32,28.1,21.6,2,0,0
PROP-003208,41,1.6,4933.52,11519.23,49.7,34.7,0,3,0
PROP-003209,50,0.6,13032.4,40912.9,26.0,67.0,1,3,0
PROP-003210,31,2.0,3290.26,5595.81,24.9,10.0,0,2,0
PROP-003211,38,2.3,7955.96,20248.2,15.4,19.9,1,1,0
PROP-003212,37,0.2,1752.0,1000.0,9.3,68.3,1,4,0
PROP-003213,46,5.7,6903.74,20704.91,6.8,18.6,0,0,0
PROP-003214,25,0.3,2997.8,4215.79,45.9,76.5,2,2,1
PROP-003215,50,1.4,7542.34,6806.94,20.9,43.1,0,1,0
PROP-003216,43,3.8,2258.48,1681.67,31.7,5.6,0,2,0
PROP-003217,22,1.7,8177.92,16729.57,9.3,43.7,0,1,0
PROP-003218,52,2.4,4251.02,14514.4,15.2,27.9,0,3,0
PROP-003219,64,22.0,5644.36,11140.36,42.4,55.0,0,2,0
PROP-003220,50,1.8,4743.47,8217.22,39.9,75.2,0,1,0
PROP-003221,55,4.5,4140.1,12249.14,21.0,30.5,2,2,1
PROP-003222,39,6.0,2963.83,8242.37,33.2,26.8,3,3,1
PROP-003223,18,0.1,2471.87,3216.68,58.8,51.6,1,6,1
PROP-003224,18,0.1,6689.02,9127.13,22.9,34.5,0,1,0
PROP-003225,41,9.5,2224.41,5965.33,45.3,28.0,1,3,0
PROP-003226,30,2.4,4002.68,12853.74,33.9,85.5,3,2,1
PROP-003227,27,4.5,2394.69,6429.67,15.0,37.2,0,0,0
PROP-003228,37,0.7,3573.49,7242.56,36.9,19.5,0,1,0
PROP-003229,45,8.5,1419.46,3914.97,23.0,54.3,1,4,0
PROP-003230,20,1.4,8913.26,18495.23,41.0,7.7,0,1,0
PROP-003231,32,1.7,6759.65,18970.56,34.7,42.2,0,0,0
PROP-003232,56,2.0,4263.44,12126.11,10.6,32.4,1,2,0
PROP-003233,25,2.2,4902.39,10320.6,39.4,30.2,0,2,0
PROP-003234,48,1.8,8907.47,23156.74,13.5,41.6,3,0,0
PROP-003235,32,2.0,3184.2,5092.46,57.3,34.4,0,2,0
PROP-003236,44,1.0,9654.45,16652.0,26.3,40.2,3,2,1
PROP-003237,51,2.9,2878.31,4855.22,39.0,33.3,1,0,0
PROP-003238,46,0.7,4297.18,3980.44,21.0,12.1,2,1,0
PROP-003239,48,9.2,1909.76,2263.65,33.1,56.0,2,1,1
PROP-003240,24,4.2,10041.79,5713.51,16.2,4.4,0,2,0
PROP-003241,51,3.1,3707.17,11451.77,12.2,34.0,0,0,0
PROP-003242,27,6.3,5394.17,9761.7,26.8,5.7,1,0,0
PROP-003243,41,0.2,2774.35,1992.41,17.6,35.6,3,1,0
PROP-003244,41,2.2,3889.2,9134.84,17.6,65.5,0,0,0
PROP-003245,43,9.5,2404.77,3650.07,62.2,82.0,1,2,0
PROP-003246,42,2.5,2644.38,1999.5,23.6,51.2,3,0,0
PROP-003247,27,3.3,1651.32,3601.82,62.6,27.1,4,2,1
PROP-003248,21,0.3,3748.25,12638.16,22.6,54.2,1,1,0
PROP-003249,48,1.6,2859.73,8177.37,33.1,53.6,0,2,0
PROP-003250,40,0.4,16469.35,42737.51,49.5,49.0,1,1,0
PROP-003251,51,12.7,2220.83,3303.79,19.7,39.5,0,1,0
PROP-003252,37,5.0,2866.0,7125.78,16.9,30.6,0,1,0
PROP-003253,21,2.1,6850.42,22682.72,19.3,75.6,1,2,1
PROP-003254,49,11.1,2386.11,2186.65,30.5,44.4,2,3,0
PROP-003255,33,1.8,3966.52,8943.65,27.8,29.5,3,2,0
PROP-003256,42,5.4,6614.1,6008.58,25.5,14.6,0,1,0
PROP-003257,30,0.9,6320.77,18549.9,15.4,24.9,0,2,0
PROP-003258,57,1.3,4392.01,5456.05,44.3,66.4,3,6,1
PROP-003259,27,0.8,4033.32,13490.19,18.3,12.6,0,2,0
PROP-003260,33,8.6,7604.14,13468.33,20.4,26.8,0,2,0
PROP-003261,39,8.0,8840.75,6882.13,39.4,62.5,0,2,0
PROP-003262,24,0.3,4429.7,8064.67,36.7,42.0,0,0,0
PROP-003263,41,6.2,5791.94,4814.51,50.0,15.3,2,2,1
PROP-003264,57,3.4,3109.86,8805.59,49.4,46.6,0,2,0
PROP-003265,32,1.8,8437.61,24910.7,24.1,11.5,3,2,0
PROP-003266,42,2.3,6749.17,18668.95,68.7,27.7,0,2,0
PROP-003267,18,0.1,3496.9,2216.11,50.0,17.4,1,1,0
PROP-003268,37,4.4,3095.33,2449.7,32.6,33.5,0,1,0
PROP-003269,34,1.8,12531.86,41627.41,12.6,69.5,0,2,0
PROP-003270,28,1.8,3131.95,2944.02,13.6,14.9,0,1,0
PROP-003271,50,0.8,3738.42,3189.31,27.7,58.0,0,2,0
PROP-003272,34,3.2,2003.6,3111.78,30.1,6.9,0,1,0
PROP-003273,35,1.0,7849.09,6503.93,44.1,57.1,2,3,0
PROP-003274,33,7.4,3115.03,5982.18,20.1,29.9,0,2,0
PROP-003275,18,0.1,4303.82,13287.02,3.0,35.8,0,1,0
PROP-003276,24,4.2,4082.59,10130.14,23.5,39.0,1,0,0
PROP-003277,49,12.3,17604.54,31458.03,16.0,83.2,0,2,0
PROP-003278,18,0.1,12482.16,23567.12,41.9,3.2,0,0,0
PROP-003279,28,0.2,5191.84,7300.76,19.2,65.1,2,4,0
PROP-003280,33,2.2,2902.68,1658.12,13.0,86.5,3,1,1
PROP-003281,58,5.2,4633.02,14252.47,11.1,25.0,3,2,0
PROP-003282,47,19.3,4124.41,6297.03,65.0,24.0,2,3,0
PROP-003283,31,4.8,11163.88,15284.23,18.2,34.3,0,2,0
PROP-003284,53,3.0,20185.33,26798.1,27.6,61.4,0,2,0
PROP-003285,29,7.7,5251.11,5683.37,11.2,17.3,0,1,0
PROP-003286,50,1.5,6969.39,8921.22,23.5,42.6,1,0,0
PROP-003287,21,1.3,14007.85,7322.11,49.6,63.7,0,6,0
PROP-003288,50,1.7,5927.48,11987.82,11.8,63.6,1,0,0
PROP-003289,33,1.3,2669.88,8787.98,22.3,59.5,0,1,0
PROP-003290,25,2.3,4059.57,12461.33,7.5,24.8,0,2,0
PROP-003291,35,2.9,4329.83,7034.3,40.4,36.3,2,2,0
PROP-003292,41,0.6,2814.77,8158.33,22.6,54.8,0,2,1
PROP-003293,32,6.7,4473.56,11365.05,54.7,38.3,0,1,0
PROP-003294,44,4.7,1747.86,4183.71,15.8,39.3,1,1,0
PROP-003295,31,4.9,1412.0,3920.7,51.7,57.3,0,5,0
PROP-003296,45,6.4,4207.01,9157.78,10.9,73.8,0,3,0
PROP-003297,43,6.6,3822.75,6443.37,27.0,20.0,0,0,0
PROP-003298,37,2.7,12770.04,20191.62,5.1,21.9,0,2,0
PROP-003299,32,6.8,3292.94,3967.99,47.1,46.3,2,4,1
PROP-003300,39,1.1,5272.11,10020.86,20.6,23.8,0,1,0
PROP-003301,44,18.2,3418.86,5193.14,15.4,40.6,2,5,0
PROP-003302,62,6.7,1464.26,1000.0,24.3,21.4,0,0,0
PROP-003303,49,0.5,4275.58,9553.84,14.5,51.7,0,4,0
PROP-003304,49,0.8,5046.66,9919.95,23.0,70.4,1,5,0
PROP-003305,75,4.0,3180.71,6732.51,20.7,35.8,0,2,0
PROP-003306,44,1.1,3923.28,8080.35,55.4,7.2,0,3,0
PROP-003307,43,3.5,7800.07,10078.98,18.6,28.6,0,2,0
PROP-003308,46,3.3,3761.62,11188.17,28.9,32.2,1,1,0
PROP-003309,25,1.4,9523.01,8379.54,9.2,47.3,2,2,0
PROP-003310,32,0.1,5050.69,12176.77,27.2,32.9,0,1,0
PROP-003311,31,0.3,8372.37,19789.51,29.5,29.7,0,5,1
PROP-003312,45,1.6,11487.74,25961.65,47.2,39.3,0,2,0
PROP-003313,35,0.7,2586.02,7200.63,57.0,41.8,2,4,1
PROP-003314,39,2.8,8471.62,20819.68,20.7,40.3,2,0,0
PROP-003315,51,6.3,9825.82,11761.22,51.9,19.0,2,2,0
PROP-003316,48,0.8,8465.28,11057.84,5.5,2.2,0,0,0
PROP-003317,36,3.3,3789.36,9124.31,24.6,38.8,0,3,0
PROP-003318,29,1.3,1412.0,1063.35,32.8,48.5,2,4,0
PROP-003319,51,2.0,19347.84,37089.76,19.1,22.7,3,4,0
PROP-003320,47,1.5,1733.15,4431.78,33.6,68.7,3,1,1
PROP-003321,18,0.1,14728.99,21568.64,28.3,50.0,0,2,0
PROP-003322,34,2.4,2209.94,2527.78,46.8,62.0,0,1,0
PROP-003323,39,0.9,2093.56,3960.76,40.5,3.2,2,5,0
PROP-003324,47,11.3,4665.8,7510.89,41.2,61.0,0,2,0
PROP-003325,48,0.1,4273.65,5799.71,54.1,40.9,2,7,1
PROP-003326,41,1.4,16491.03,33678.7,18.9,9.4,0,1,0
PROP-003327,45,6.8,3005.34,1883.96,7.5,52.7,0,0,0
PROP-003328,38,4.9,7714.55,8382.71,28.6,62.1,0,0,0
PROP-003329,29,7.7,6044.07,20021.78,16.9,32.4,1,4,1
PROP-003330,34,5.0,2615.43,5115.32,46.0,16.6,4,3,1
PROP-003331,38,2.2,6228.94,14838.83,16.4,74.9,0,2,0
PROP-003332,37,10.2,4254.09,14440.5,35.7,58.2,1,0,0
PROP-003333,18,0.1,9056.6,16406.93,49.7,22.3,0,0,0
PROP-003334,33,4.3,3919.68,4536.19,42.1,64.5,1,6,1
PROP-003335,38,7.8,10880.01,36701.05,6.7,33.7,0,1,0
PROP-003336,34,1.1,5585.27,17752.32,20.4,50.2,1,3,0
PROP-003337,35,1.5,2163.07,4849.13,30.3,49.8,2,0,0
PROP-003338,43,4.3,1535.46,2249.55,19.0,15.7,2,1,0
PROP-003339,25,0.7,13393.22,34804.19,32.3,75.5,0,3,1
PROP-003340,18,0.1,4317.44,12355.99,13.2,15.8,0,1,1
PROP-003341,33,0.1,4299.35,3899.42,26.4,35.8,1,2,0
PROP-003342,47,4.6,5193.82,16511.11,4.7,31.2,0,1,0
PROP-003343,58,4.9,4361.88,14933.79,22.3,47.9,1,0,0
PROP-003344,47,10.7,4788.7,4720.59,4.2,44.7,0,3,0
PROP-003345,20,0.1,1676.61,5330.74,5.6,49.2,0,1,0
PROP-003346,35,9.6,7829.51,20134.17,24.9,45.9,0,3,0
PROP-003347,41,3.7,4951.97,8324.8,35.3,70.1,2,3,0
PROP-003348,40,0.8,6797.41,10440.96,12.7,27.2,0,0,0
PROP-003349,44,5.8,3203.94,5482.06,49.3,30.4,2,1,0
PROP-003350,26,5.6,4443.71,6160.63,36.2,56.9,1,1,0
PROP-003351,38,3.1,1888.77,2610.18,21.1,30.6,0,5,1
PROP-003352,43,1.6,8710.41,24910.9,43.4,15.9,0,3,0
PROP-003353,47,4.9,4156.26,11323.91,23.2,41.7,1,2,0
PROP-003354,28,4.0,1412.0,3037.18,50.5,7.1,2,1,0
PROP-003355,33,1.3,3599.82,3080.86,53.0,29.6,0,3,0
PROP-003356,18,0.1,5619.89,3505.55,27.8,32.3,0,6,0
PROP-003357,30,4.6,10823.75,15961.1,34.2,21.8,0,2,0
PROP-003358,31,4.1,1856.9,6250.18,29.7,18.1,1,2,0
PROP-003359,25,4.1,9782.97,11517.45,27.2,21.0,0,0,0
PROP-003360,39,5.7,6841.51,13598.57,58.0,35.6,1,2,0
PROP-003361,37,5.8,3406.55,2587.85,21.2,36.6,0,0,0
PROP-003362,18,0.1,7638.01,18897.72,24.1,15.1,1,5,1
PROP-003363,40,2.9,5387.98,11028.2,20.4,22.0,0,2,0
PROP-003364,26,1.5,3197.3,2867.15,51.3,21.0,0,1,0
PROP-003365,43,2.4,8666.59,28386.21,29.9,8.7,0,3,0
PROP-003366,22,2.2,10311.63,18779.17,36.6,44.5,1,3,0
PROP-003367,38,0.1,1916.38,3567.31,14.4,57.3,1,0,0
PROP-003368,34,11.2,5544.03,13225.04,9.4,26.5,2,2,0
PROP-003369,41,5.9,4052.74,2808.92,38.2,65.6,1,3,0
PROP-003370,39,2.1,5910.61,20655.83,12.1,64.2,1,9,1
PROP-003371,34,1.2,3656.94,9435.53,29.6,11.4,0,4,0
PROP-003372,19,0.7,11048.57,29641.68,7.5,46.4,2,1,0
PROP-003373,20,1.4,1443.17,1000.0,37.6,43.4,2,3,1
PROP-003374,30,4.6,4959.24,16258.8,11.9,36.9,0,2,0
PROP-003375,37,6.6,3239.34,2464.74,42.0,29.8,0,1,1
PROP-003376,30,0.7,3864.81,12583.11,31.8,10.6,0,1,0
PROP-003377,45,0.9,1412.0,2709.38,13.7,34.2,0,4,0
PROP-003378,34,1.8,9556.03,13889.04,20.9,56.3,1,3,0
PROP-003379,26,0.1,1917.03,3533.16,39.6,35.8,0,1,0
PROP-003380,34,0.7,5841.29,18122.92,14.2,44.7,0,0,0
PROP-003381,40,0.1,3185.41,8033.64,38.8,25.6,0,1,0
PROP-003382,41,3.0,3764.47,6390.57,12.3,22.6,0,1,0
PROP-003383,60,4.5,6322.29,11360.16,38.6,61.7,1,3,0
PROP-003384,29,0.4,9336.12,8458.58,12.2,89.1,0,4,0
PROP-003385,37,3.3,2004.78,2751.35,4.2,55.6,0,3,0
PROP-003386,43,1.4,3471.41,6530.17,50.8,83.2,4,1,1
PROP-003387,37,1.7,5255.77,8680.97,52.7,5.6,2,0,0
PROP-003388,31,1.0,4329.46,10812.45,10.6,45.1,2,0,0
PROP-003389,19,0.7,7405.53,4075.18,9.9,3.7,0,0,0
PROP-003390,31,0.1,10980.47,29291.41,39.9,15.1,0,2,0
PROP-003391,25,4.9,2978.94,3595.78,25.0,18.9,0,4,1
PROP-003392,18,0.1,2691.02,5179.67,34.6,42.5,0,1,0
PROP-003393,28,0.7,6192.76,5146.42,52.6,64.3,2,5,1
PROP-003394,25,3.3,2178.73,4560.43,28.4,50.1,0,5,0
PROP-003395,45,0.5,5913.55,17119.33,25.2,29.8,0,6,0
PROP-003396,45,1.4,4308.23,11915.42,37.7,89.9,0,4,0
PROP-003397,27,3.5,4027.68,11616.5,20.2,20.2,0,0,0
PROP-003398,34,7.4,6800.4,23475.76,8.1,25.0,0,1,0
PROP-003399,18,0.1,3320.01,6547.73,18.7,70.4,0,1,0
PROP-003400,32,1.3,31904.82,29524.91,17.2,34.1,0,4,0
PROP-003401,42,0.8,3722.21,2035.12,23.9,53.0,0,4,0
PROP-003402,47,7.3,2845.24,7074.45,27.0,38.6,0,1,0
PROP-003403,29,4.3,17378.73,50000.0,17.0,86.7,0,4,0
PROP-003404,50,0.2,4377.62,4605.57,28.7,24.5,0,2,0
PROP-003405,19,0.7,2346.46,3842.76,27.1,45.8,2,0,0
PROP-003406,23,3.5,4027.79,7988.3,62.7,47.5,0,3,1
PROP-003407,46,0.4,13297.43,9310.47,26.3,55.2,1,1,0
PROP-003408,58,1.9,5177.78,13956.18,10.7,16.1,1,4,0
PROP-003409,43,1.4,2561.0,7093.8,43.8,10.4,2,1,0
PROP-003410,37,1.3,7881.58,24918.62,4.8,57.0,0,4,0
PROP-003411,18,0.1,6497.93,19555.03,29.8,33.5,0,0,0
PROP-003412,18,0.1,6392.28,6453.71,13.2,48.3,0,4,0
PROP-003413,39,7.6,1664.22,3513.58,50.3,50.8,0,0,0
PROP-003414,33,1.2,2361.25,2407.46,26.5,18.5,2,1,0
PROP-003415,24,4.2,1757.06,3718.24,11.4,42.6,0,2,0
PROP-003416,38,0.5,3621.38,6379.38,15.3,16.6,0,2,0
PROP-003417,39,11.6,10685.15,9367.24,29.0,3.7,1,2,0
PROP-003418,49,2.9,1454.55,4852.78,19.3,37.7,4,1,1
PROP-003419,39,8.5,2171.18,2651.63,22.1,18.2,3,4,0
PROP-003420,52,4.4,1586.17,3083.68,24.5,29.4,0,2,1
PROP-003421,38,3.6,7108.16,24576.83,44.6,17.1,3,2,0
PROP-003422,36,11.2,13648.46,43830.87,19.5,15.0,2,1,0
PROP-003423,50,2.4,5177.18,5614.09,44.4,30.4,3,2,0
PROP-003424,26,5.6,5903.43,18606.93,20.2,73.7,2,2,0
PROP-003425,71,1.5,4341.78,13887.53,61.1,20.9,1,3,0
PROP-003426,42,4.4,3980.22,5185.06,66.0,54.7,3,3,1
PROP-003427,42,3.5,6749.44,8773.37,54.2,40.4,0,5,0
PROP-003428,44,0.2,2566.87,4585.0,55.6,69.4,1,1,0
PROP-003429,60,2.3,6516.99,5404.68,46.0,13.0,0,0,0
PROP-003430,47,2.0,3675.1,8688.0,21.0,33.9,4,2,0
PROP-003431,18,0.1,4330.73,9123.96,28.2,87.3,1,2,0
PROP-003432,54,5.4,3169.73,10905.19,9.6,10.2,0,2,0
PROP-003433,33,2.1,1412.0,2659.82,33.0,82.0,3,2,0
PROP-003434,39,0.2,6928.08,4429.82,43.0,15.1,0,2,0
PROP-003435,22,2.8,4128.61,9153.19,31.1,19.3,5,3,0
PROP-003436,44,7.6,4258.31,3713.54,6.2,8.6,0,0,0
PROP-003437,30,0.8,13827.95,26659.43,26.3,26.8,0,2,0
PROP-003438,39,2.5,4819.22,6107.38,20.6,1.8,0,1,1
PROP-003439,34,2.6,2829.04,4750.39,20.3,20.7,3,0,0
PROP-003440,61,0.9,1749.63,4181.6,36.5,54.9,2,2,0
PROP-003441,61,6.2,3646.16,5638.8,28.8,36.8,1,1,1
PROP-003442,38,1.1,5660.76,19564.48,13.0,17.8,0,3,0
PROP-003443,38,4.4,1853.62,4398.67,24.8,46.2,0,1,0
PROP-003444,33,1.0,8455.75,28908.34,51.6,21.6,0,2,0
PROP-003445,51,3.9,3473.65,10633.05,35.9,54.2,1,4,0
PROP-003446,34,5.5,3985.86,2458.75,29.4,27.2,0,1,0
PROP-003447,32,6.0,4356.66,8180.23,17.0,37.8,1,4,0
PROP-003448,49,2.4,1871.84,5951.86,42.0,57.7,2,2,1
PROP-003449,31,0.7,3210.79,6370.0,32.3,15.9,0,0,0
PROP-003450,37,2.6,5622.37,5486.57,11.1,40.1,3,2,0
PROP-003451,19,0.7,4185.2,6024.35,5.9,57.8,0,3,0
PROP-003452,46,6.5,3259.77,3125.29,38.5,55.4,1,6,1
PROP-003453,61,2.3,3596.95,3092.61,25.3,46.8,0,0,0
PROP-003454,46,3.2,6119.66,11095.81,25.5,22.8,0,1,0
PROP-003455,55,2.2,10212.49,15391.48,38.5,49.8,3,2,1
PROP-003456,27,0.1,3947.92,6358.26,56.0,59.9,1,4,0
PROP-003457,40,14.0,2582.75,3356.42,43.0,51.8,0,1,0
PROP-003458,26,3.7,19201.72,49623.65,35.2,23.7,0,8,0
PROP-003459,35,3.3,8102.02,18541.27,35.8,55.1,2,1,1
PROP-003460,47,2.9,4093.71,9785.31,23.5,36.3,2,2,0
PROP-003461,39,3.5,3067.98,3534.32,42.2,71.2,0,3,1
PROP-003462,21,2.1,12349.26,33842.64,27.6,56.5,2,1,0
PROP-003463,22,1.5,2644.29,3170.56,24.6,35.0,2,1,0
PROP-003464,21,1.2,4443.0,12681.4,15.3,90.5,1,5,1
PROP-003465,43,4.0,6681.89,14117.41,21.5,52.3,1,1,0
PROP-003466,62,5.8,4973.74,9037.03,16.9,44.4,1,4,0
PROP-003467,54,0.2,2495.18,7348.65,32.0,15.6,0,1,0
PROP-003468,18,0.1,3475.62,11739.36,22.6,18.6,1,0,0
PROP-003469,55,2.5,4387.69,10461.52,30.3,54.1,4,1,0
PROP-003470,49,11.1,2191.69,2302.9,14.0,65.9,0,1,0
PROP-003471,19,0.7,3975.34,11806.72,46.5,35.5,1,3,1
PROP-003472,34,2.3,10666.04,34398.06,31.7,11.3,2,1,0
PROP-003473,51,8.9,13072.08,29815.55,26.9,34.4,0,2,0
PROP-003474,44,11.7,3868.74,2008.88,22.2,44.6,3,0,0
PROP-003475,22,0.9,4256.6,12136.25,4.4,30.2,2,3,0
PROP-003476,45,1.8,3909.91,12158.94,45.6,70.4,1,1,0
PROP-003477,18,0.1,1412.0,1363.84,55.9,43.4,2,4,0
PROP-003478,35,0.3,5794.7,18044.55,33.0,53.8,0,2,1
PROP-003479,51,3.6,5154.11,16189.28,9.7,36.1,0,0,0
PROP-003480,38,3.2,8188.15,6719.15,25.7,22.1,3,3,1
PROP-003481,32,0.5,8322.49,29117.11,4.7,34.3,0,3,0
PROP-003482,48,21.0,6376.1,13315.99,40.5,36.3,3,4,0
PROP-003483,49,5.5,6423.81,12453.26,4.7,25.2,0,2,0
PROP-003484,53,0.3,2364.67,2508.79,17.2,43.1,3,2,0
PROP-003485,48,1.4,4897.87,10957.69,12.1,31.9,0,3,0
PROP-003486,50,9.0,1893.1,4598.27,31.8,20.0,0,4,0
PROP-003487,46,2.0,3499.68,4098.25,24.8,24.1,0,0,0
PROP-003488,41,0.1,11706.82,6824.47,52.4,10.6,0,2,0
PROP-003489,39,0.8,6036.26,9499.33,19.9,78.2,1,5,0
PROP-003490,35,6.3,5245.57,5824.53,33.0,48.4,0,2,0
PROP-003491,23,1.5,4312.84,5211.89,5.8,16.4,0,4,0
PROP-003492,26,3.4,4349.03,11163.32,3.2,29.0,3,3,0
PROP-003493,34,1.1,4860.39,6096.17,21.2,6.7,0,3,0
PROP-003494,40,2.1,4634.89,3491.13,12.5,4.3,0,1,0
PROP-003495,55,4.1,6549.81,9772.9,39.5,39.7,0,1,0
PROP-003496,37,5.6,14930.68,50000.0,20.7,14.4,0,0,0
PROP-003497,50,6.2,10497.97,33603.02,18.4,43.0,3,3,0
PROP-003498,50,1.2,3396.51,7832.38,52.1,52.2,2,4,0
PROP-003499,35,4.8,3055.54,9623.34,30.7,51.4,0,0,0
PROP-003500,45,6.0,3226.15,2734.03,37.7,25.0,0,1,0
PROP-003501,35,1.2,3025.5,7594.76,23.3,80.8,0,2,0
PROP-003502,53,1.7,1557.65,4727.31,5.9,87.3,1,2,0
PROP-003503,45,9.0,4741.58,8292.96,48.6,69.9,2,0,0
PROP-003504,23,0.8,3468.21,11178.32,4.4,56.0,0,1,0
PROP-003505,39,7.3,4364.97,13142.3,6.1,90.4,0,5,0
PROP-003506,57,8.2,3284.16,3754.23,39.2,21.0,3,2,0
PROP-003507,35,7.1,4597.05,3010.36,40.3,43.9,0,0,0
PROP-003508,43,8.9,2987.01,10229.86,49.1,69.2,1,6,0
PROP-003509,44,7.4,3025.02,1880.53,14.0,55.2,1,2,0
PROP-003510,25,0.8,14704.47,12410.42,25.7,57.5,2,2,1
PROP-003511,44,2.6,2127.91,3260.21,63.2,37.4,0,2,0
PROP-003512,21,2.1,28854.21,38462.28,18.0,30.3,2,0,0
PROP-003513,30,3.9,1966.33,1730.28,10.6,45.1,0,1,0
PROP-003514,50,7.2,2696.99,4176.14,21.7,63.0,0,0,0
PROP-003515,42,1.6,2082.11,4138.38,40.5,79.1,2,5,1
PROP-003516,34,4.4,3514.08,10019.52,48.3,46.1,2,1,0
PROP-003517,43,7.4,1412.0,3869.26,10.5,50.4,1,3,0
PROP-003518,37,8.4,8010.78,16206.13,24.9,81.1,3,4,0
PROP-003519,38,1.1,2707.6,3474.0,39.8,8.2,0,2,0
PROP-003520,45,2.2,5371.44,16534.27,28.0,47.0,0,3,0
PROP-003521,29,1.5,12518.41,15371.06,35.0,77.1,2,3,1
PROP-003522,38,4.6,3248.7,7657.33,22.8,38.1,0,2,1
PROP-003523,34,3.0,5612.08,6511.28,23.5,61.3,1,3,1
PROP-003524,18,0.1,2563.62,3531.89,24.3,15.4,0,3,0
PROP-003525,26,3.5,7309.33,24311.78,4.5,4.3,0,1,0
PROP-003526,56,2.9,5469.88,17673.64,35.3,47.2,0,4,0
PROP-003527,42,4.3,2091.15,1752.38,19.8,14.2,0,0,0
PROP-003528,22,2.0,10032.92,24525.04,27.4,49.8,0,0,0
PROP-003529,19,0.7,4163.36,9276.35,23.6,48.9,0,5,1
PROP-003530,36,6.3,4014.11,11561.88,6.3,20.5,0,2,0
PROP-003531,56,8.8,6716.31,20271.08,43.7,34.3,0,2,0
PROP-003532,35,0.9,8241.24,13119.57,32.5,53.9,2,2,0
PROP-003533,53,1.0,2389.77,6199.42,35.8,32.5,2,3,0
PROP-003534,42,0.2,7761.61,23327.86,47.5,50.0,2,0,0
PROP-003535,43,9.6,4551.41,5989.55,43.5,19.1,3,2,1
PROP-003536,21,1.4,3836.14,13178.62,22.0,24.4,1,1,0
PROP-003537,49,1.0,3013.99,2513.44,32.4,48.8,0,0,0
PROP-003538,33,1.8,5085.87,16392.23,21.9,11.9,0,5,0
PROP-003539,48,2.0,1903.68,3519.26,36.2,3.4,0,4,0
PROP-003540,28,0.2,2695.32,3844.34,35.0,33.3,1,5,0
PROP-003541,40,0.1,1620.26,1214.47,20.0,37.9,3,3,1
PROP-003542,42,1.1,7341.94,14539.94,40.8,20.2,1,0,0
PROP-003543,36,9.3,4912.71,15893.7,34.0,50.4,0,0,0
PROP-003544,42,1.6,5122.47,10695.66,5.9,57.2,2,2,1
PROP-003545,34,3.1,3366.94,6028.39,30.1,49.4,3,3,1
PROP-003546,30,5.7,3953.95,2751.55,42.2,79.8,0,3,0
PROP-003547,57,6.1,3962.99,8988.1,14.2,7.4,0,1,0
PROP-003548,50,4.5,5447.55,15114.58,36.2,37.6,0,2,0
PROP-003549,28,0.5,1771.66,5518.28,64.6,10.7,3,2,1
PROP-003550,44,7.4,4705.57,14630.24,30.6,25.9,0,3,0
PROP-003551,29,4.2,5840.22,17608.17,39.9,47.6,0,5,1
PROP-003552,23,2.9,5977.03,4452.28,54.3,9.1,3,0,0
PROP-003553,50,0.7,14794.92,33249.52,26.3,23.5,1,2,0
PROP-003554,18,0.1,5216.02,12148.48,65.4,33.7,1,6,1
PROP-003555,49,7.8,7499.55,6975.47,17.3,32.5,0,1,0
PROP-003556,34,0.7,7874.48,22756.17,27.1,30.2,0,2,0
PROP-003557,35,0.4,2849.45,4363.0,8.3,32.4,0,4,0
PROP-003558,42,3.2,7149.34,24340.16,33.5,18.7,0,1,0
PROP-003559,44,5.6,1412.0,4431.49,11.7,21.7,0,1,0
PROP-003560,28,7.0,2730.77,4710.88,50.9,38.1,2,2,0
PROP-003561,46,3.9,6741.68,19537.84,28.0,23.4,0,3,0
PROP-003562,39,1.2,2271.23,5423.51,53.1,36.5,2,2,0
PROP-003563,22,0.1,8544.03,20722.53,23.3,74.2,3,3,1
PROP-003564,35,0.2,8327.96,24049.83,46.1,35.3,2,3,1
PROP-003565,54,8.6,5788.24,9756.67,31.6,44.6,0,4,0
PROP-003566,58,10.4,5323.32,13911.27,17.1,36.3,1,1,0
PROP-003567,46,0.4,3885.3,3275.78,25.7,31.8,4,1,0
PROP-003568,23,3.5,4997.89,8947.2,25.5,75.8,1,5,0
PROP-003569,43,4.6,8267.19,4383.36,24.6,63.7,2,2,0
PROP-003570,48,4.3,8948.8,16223.5,26.5,32.5,0,2,0
PROP-003571,46,5.5,4756.45,5638.22,16.9,70.1,2,7,1
PROP-003572,47,2.6,2006.68,4433.32,5.6,38.0,3,5,1
PROP-003573,42,0.1,3765.34,2823.69,33.4,42.8,2,0,1
PROP-003574,37,8.2,5225.18,11474.97,31.9,33.5,0,1,0
PROP-003575,30,0.7,7229.56,17710.55,29.3,22.5,5,0,0
PROP-003576,18,0.1,5787.95,11298.1,15.1,76.9,1,2,0
PROP-003577,42,2.6,9715.28,6801.14,51.2,5.6,2,2,0
PROP-003578,40,1.0,2974.3,7258.13,32.1,18.4,2,0,0
PROP-003579,44,2.1,2981.72,5293.43,27.9,35.3,0,0,0
PROP-003580,21,2.1,8136.67,12788.05,13.0,64.1,1,0,0
PROP-003581,45,5.5,2584.7,4223.07,44.9,34.7,0,4,0
PROP-003582,62,6.3,2402.2,4285.25,28.5,47.3,0,3,1
PROP-003583,38,1.4,4629.77,3443.05,64.2,25.7,0,2,1
PROP-003584,37,9.3,7030.04,3647.11,15.4,36.3,0,0,0
PROP-003585,41,2.0,5105.12,10058.33,42.6,54.4,1,2,0
PROP-003586,62,4.4,1412.0,3959.56,31.2,30.1,0,1,0
PROP-003587,25,4.4,4099.72,8880.86,15.4,66.2,0,3,0
PROP-003588,40,3.3,2856.94,8518.23,25.1,14.1,1,3,0
PROP-003589,28,7.0,9129.74,8431.94,19.3,68.1,0,2,0
PROP-003590,31,2.1,1770.23,5071.23,43.8,29.4,4,2,1
PROP-003591,37,13.3,6281.34,3160.03,19.9,25.4,0,0,0
PROP-003592,54,4.5,4497.76,14512.8,13.8,19.6,0,1,0
PROP-003593,59,2.0,5220.33,15404.05,40.2,26.6,0,2,0
PROP-003594,43,9.3,7187.29,10440.05,22.0,30.4,0,3,0
PROP-003595,33,8.1,3935.8,8319.87,47.3,43.1,0,1,0
PROP-003596,67,6.5,4718.53,16343.09,49.5,11.7,0,2,0
PROP-003597,32,0.5,12640.11,38274.23,14.4,20.3,0,2,0
PROP-003598,31,1.0,8122.91,25963.25,41.2,65.3,0,3,0
PROP-003599,18,0.1,7780.03,13446.83,29.9,46.3,0,3,0
PROP-003600,54,12.9,7630.56,19539.98,56.2,37.5,3,0,0
PROP-003601,49,4.6,13926.21,13364.49,42.7,33.3,0,2,1
PROP-003602,67,2.2,6308.49,9566.67,11.5,50.9,1,3,0
PROP-003603,21,2.1,4799.13,10741.22,20.6,79.2,0,1,1
PROP-003604,55,0.2,6519.67,17248.76,13.5,53.3,0,1,0
PROP-003605,38,4.0,3190.34,10692.09,42.3,31.2,0,1,0
PROP-003606,47,0.6,7403.44,15668.18,17.1,20.6,0,3,0
PROP-003607,18,0.1,8249.14,27904.46,26.3,36.1,0,1,0
PROP-003608,55,1.5,3654.87,2572.25,38.3,8.8,0,5,0
PROP-003609,47,0.9,4123.37,2905.85,33.7,7.8,2,0,0
PROP-003610,37,10.8,5501.08,17429.57,13.3,29.5,0,3,0
PROP-003611,45,3.3,3048.01,4763.77,18.2,77.0,0,3,0
PROP-003612,28,7.0,2396.13,8140.18,24.0,34.9,0,3,0
PROP-003613,31,9.1,3858.91,9120.26,9.0,17.7,0,1,0
PROP-003614,32,5.4,4657.16,5125.24,26.3,8.5,0,2,0
PROP-003615,18,0.1,6644.07,19040.98,39.3,48.2,0,3,1
PROP-003616,48,2.2,6220.7,19703.08,44.2,66.6,4,2,1
PROP-003617,52,0.5,4338.94,13818.57,40.0,32.4,0,1,0
PROP-003618,29,3.0,6293.29,9423.36,5.5,68.3,2,1,0
PROP-003619,42,2.0,3254.49,3854.71,12.9,16.0,0,0,0
PROP-003620,34,10.1,1804.16,1000.0,5.8,47.2,3,2,0
PROP-003621,41,3.7,3947.44,6580.01,46.2,50.1,2,3,1
PROP-003622,30,3.5,5170.52,12465.59,20.5,35.6,0,0,0
PROP-003623,27,4.6,3145.77,4621.13,48.3,54.3,2,4,0
PROP-003624,50,0.3,1850.46,4100.59,18.4,47.8,0,2,0
PROP-003625,37,3.1,2649.53,2240.13,48.4,27.5,2,2,0
PROP-003626,62,2.7,2161.25,6863.8,34.1,38.9,2,3,0
PROP-003627,38,0.2,1962.85,1334.83,8.9,62.2,0,0,0
PROP-003628,26,1.6,4609.0,3248.96,22.1,18.3,0,2,0
PROP-003629,52,6.0,9091.2,25099.29,45.3,4.7,0,2,0
PROP-003630,45,2.1,4565.85,9701.91,34.0,56.7,0,3,0
PROP-003631,46,2.6,9027.07,12846.63,18.5,44.1,0,0,0
PROP-003632,52,0.8,1412.0,1351.91,53.0,9.3,3,0,1
PROP-003633,30,0.2,5014.83,12259.11,13.4,30.1,0,1,0
PROP-003634,36,0.3,6246.22,12914.44,50.2,44.4,1,3,0
PROP-003635,35,3.6,2817.68,6338.39,38.5,24.4,3,1,1
PROP-003636,22,0.5,2618.63,4096.25,48.4,44.9,1,1,1
PROP-003637,34,5.6,3601.04,2267.63,32.0,56.8,2,5,0
PROP-003638,54,8.6,7612.55,11822.94,49.4,34.2,1,1,1
PROP-003639,40,2.9,2198.22,1395.29,12.9,20.8,0,1,0
PROP-003640,21,2.1,2721.25,2330.81,31.2,14.6,0,0,0
PROP-003641,19,0.4,2029.55,5276.86,30.2,26.2,4,0,0
PROP-003642,57,6.3,6396.68,10682.65,26.1,36.7,0,2,0
PROP-003643,36,0.8,2922.19,9899.76,16.8,54.0,3,0,0
PROP-003644,30,2.3,4195.96,2811.79,14.9,66.2,0,1,0
PROP-003645,34,1.0,5924.2,7921.34,38.7,50.7,3,1,1
PROP-003646,20,0.5,3302.3,2992.51,18.1,68.7,2,2,0
PROP-003647,55,9.4,1846.0,1678.93,46.2,13.3,0,1,0
PROP-003648,33,6.1,6025.54,13970.43,20.2,55.2,0,2,0
PROP-003649,54,0.3,6297.45,8481.78,21.1,42.9,0,1,0
PROP-003650,38,3.2,11648.91,18447.1,19.1,26.6,0,0,0
PROP-003651,55,0.8,5358.99,14092.12,50.7,24.3,0,4,0
PROP-003652,41,0.4,4650.29,16195.59,41.5,59.0,0,3,0
PROP-003653,48,0.2,5255.57,11280.24,19.3,37.4,0,2,0
PROP-003654,46,1.7,3989.24,9719.39,36.9,38.5,0,0,0
PROP-003655,45,6.9,4362.69,6939.82,40.9,17.8,2,1,0
PROP-003656,42,8.0,3106.23,6645.53,48.5,37.1,2,3,0
PROP-003657,35,8.5,5217.19,3158.56,32.7,33.7,0,1,0
PROP-003658,60,3.1,5275.62,5074.98,52.5,77.7,4,4,1
PROP-003659,27,4.5,4029.98,5042.15,23.0,45.9,1,1,0
PROP-003660,38,0.4,2528.14,4865.2,14.1,37.0,3,2,1
PROP-003661,38,2.3,1826.63,5640.49,6.6,26.9,1,2,0
PROP-003662,42,3.5,3229.67,2986.49,46.4,15.0,1,5,0
PROP-003663,32,0.3,3033.55,9130.64,12.3,35.2,0,0,0
PROP-003664,41,2.8,3507.98,3596.77,17.8,18.3,1,5,0
PROP-003665,35,11.9,3373.81,8439.63,48.9,41.8,2,3,0
PROP-003666,19,0.7,12449.26,36462.99,30.7,88.4,1,2,1
PROP-003667,38,6.8,3519.54,7534.23,35.9,38.2,2,2,0
PROP-003668,24,0.9,1997.92,1063.1,24.8,30.5,1,2,0
PROP-003669,18,0.1,4494.67,10380.9,62.8,16.8,1,1,0
PROP-003670,39,2.9,3537.87,2802.68,19.0,50.6,2,3,1
PROP-003671,43,0.5,13565.2,17638.48,13.0,36.4,0,1,0
PROP-003672,44,4.9,5316.11,14824.56,60.0,40.1,0,1,0
PROP-003673,44,6.7,7616.16,22241.7,26.3,30.7,0,2,0
PROP-003674,18,0.1,4527.73,2371.75,15.6,17.2,0,2,0
PROP-003675,21,0.5,4990.16,12691.28,8.4,22.6,0,1,0
PROP-003676,61,1.3,3228.47,5266.18,53.8,52.6,2,2,0
PROP-003677,25,1.5,4315.52,5003.07,21.7,29.0,0,2,0
PROP-003678,45,3.9,2586.88,5764.18,34.1,27.5,1,2,0
PROP-003679,29,0.4,3417.83,8636.57,32.9,46.3,0,2,0
PROP-003680,38,1.6,5373.09,5647.91,38.4,48.6,0,2,0
PROP-003681,30,1.7,5603.8,4630.64,36.9,69.3,0,3,0
PROP-003682,44,0.6,5070.77,17139.12,18.4,14.9,0,1,0
PROP-003683,39,0.1,3081.91,10136.84,25.3,37.8,1,1,0
PROP-003684,32,7.0,16813.25,9507.33,37.3,40.0,0,2,0
PROP-003685,25,0.9,4205.43,8713.08,30.9,91.5,2,5,1
PROP-003686,41,1.1,5144.66,4935.5,19.8,42.5,2,3,0
PROP-003687,23,1.6,9486.57,25234.55,23.5,52.0,0,3,0
PROP-003688,43,0.3,2543.36,8170.0,12.2,30.0,0,1,1
PROP-003689,69,5.4,3994.53,7020.84,65.7,8.9,1,1,0
PROP-003690,54,0.5,13378.36,23634.95,34.5,16.8,0,0,0
PROP-003691,46,2.7,5851.58,5023.97,27.1,60.9,0,2,0
PROP-003692,36,1.5,7164.71,5341.31,19.2,23.6,1,2,0
PROP-003693,18,0.1,3555.86,2264.43,36.9,30.8,3,3,0
PROP-003694,22,1.4,3477.23,2996.07,53.6,39.9,0,2,1
PROP-003695,53,0.4,2330.42,2438.63,40.9,51.1,1,1,0
PROP-003696,28,3.1,14773.69,14525.29,68.4,10.1,4,3,1
PROP-003697,29,2.2,3397.07,9684.93,25.9,51.9,0,6,0
PROP-003698,36,6.9,1978.9,4391.11,27.4,41.4,0,4,0
PROP-003699,25,1.6,9008.66,21302.48,47.0,34.8,0,4,1
PROP-003700,23,3.5,2982.05,1801.78,25.8,73.2,1,1,0
PROP-003701,37,1.0,6790.09,16910.29,41.1,41.3,0,1,0
PROP-003702,27,1.8,6664.16,7804.79,70.2,14.5,2,3,1
PROP-003703,29,0.7,8285.31,11147.63,15.2,61.9,0,1,0
PROP-003704,28,0.7,1925.73,3088.22,12.6,22.2,1,0,0
PROP-003705,44,4.1,5572.41,7929.02,11.1,40.6,0,1,0
PROP-003706,35,2.2,2317.81,3503.28,10.1,38.8,4,3,0
PROP-003707,35,1.2,4607.16,15222.23,37.5,25.4,0,2,0
PROP-003708,45,10.8,7441.47,14328.36,47.0,69.3,3,2,0
PROP-003709,36,3.1,1590.92,3381.22,20.4,27.3,2,0,0
PROP-003710,34,8.5,3415.92,6529.03,64.9,12.6,3,3,1
PROP-003711,43,11.4,2520.73,7356.46,46.0,56.3,1,5,0
PROP-003712,46,3.6,4899.37,16152.39,16.5,60.7,1,4,0
PROP-003713,36,0.2,2274.64,3168.2,6.0,26.1,0,3,1
PROP-003714,38,5.8,6698.83,8841.56,10.9,79.6,1,0,0
PROP-003715,28,7.0,3832.1,6492.36,47.3,44.4,2,0,0
PROP-003716,27,3.9,4305.62,6462.99,11.1,57.3,2,4,0
PROP-003717,47,0.3,5104.79,11654.76,20.5,27.2,2,2,0
PROP-003718,43,5.8,1412.0,3836.31,5.7,12.7,1,1,0
PROP-003719,43,4.9,2342.82,3193.39,30.8,67.5,2,2,0
PROP-003720,41,0.7,10670.53,5617.28,26.1,7.7,3,2,0
PROP-003721,38,1.0,2124.82,4276.14,42.1,20.6,1,1,0
PROP-003722,46,2.3,2361.56,6832.66,11.3,49.3,0,1,0
PROP-003723,49,0.3,3582.76,5647.73,34.4,37.3,2,2,1
PROP-003724,48,1.4,7104.12,13943.73,49.8,49.7,3,4,1
PROP-003725,36,7.0,1935.5,6167.06,48.6,56.4,0,5,0
PROP-003726,54,4.6,3794.87,2134.63,30.7,22.8,0,0,0
PROP-003727,40,6.7,9252.68,28277.28,43.3,46.7,0,1,0
PROP-003728,45,3.3,5380.38,14262.88,13.4,52.6,2,0,0
PROP-003729,41,0.1,2454.35,8265.3,32.3,46.3,1,5,0
PROP-003730,40,1.8,8273.45,6024.75,28.4,70.8,0,5,0
PROP-003731,29,2.0,3642.27,4593.15,12.4,34.4,1,1,0
PROP-003732,46,8.0,5854.99,12523.98,9.2,43.5,2,1,0
PROP-003733,72,0.8,2781.75,6102.21,25.2,43.8,2,3,0
PROP-003734,33,2.0,8048.16,14859.43,33.5,22.8,2,4,1
PROP-003735,38,0.1,3649.23,11750.71,28.6,37.1,0,2,0
PROP-003736,32,2.5,5085.42,16592.78,41.2,21.2,0,3,0
PROP-003737,32,9.8,1485.97,1000.0,10.4,38.8,0,0,0
PROP-003738,56,0.9,10920.88,7159.13,30.3,42.2,2,3,0
PROP-003739,29,2.1,9742.64,12837.59,30.9,64.8,4,1,0
PROP-003740,32,0.1,2188.63,5602.77,42.3,79.3,3,3,1
PROP-003741,18,0.1,11163.58,37276.82,22.8,41.0,0,0,0
PROP-003742,28,1.7,1990.5,1600.47,29.0,33.1,0,1,0
PROP-003743,18,0.1,2082.69,3563.89,42.1,46.1,3,5,1
PROP-003744,45,2.1,3925.45,3794.77,19.6,58.9,2,0,0
PROP-003745,71,3.4,4970.07,4557.02,25.7,31.6,0,3,0
PROP-003746,33,1.1,7580.59,6399.45,29.7,20.7,0,3,0
PROP-003747,18,0.1,4215.7,2254.25,26.2,25.1,0,1,0
PROP-003748,48,0.6,2352.67,4358.67,16.3,44.7,0,3,0
PROP-003749,29,2.4,8463.91,17801.9,37.3,53.5,1,2,0
PROP-003750,53,21.8,4007.78,5796.12,8.6,44.3,0,1,0
PROP-003751,34,6.5,6536.44,14062.13,27.5,29.2,0,1,0
PROP-003752,30,1.5,7887.79,12004.45,27.4,52.1,0,2,0
PROP-003753,35,3.0,3184.93,10854.66,26.2,55.4,0,3,0
PROP-003754,47,1.0,3831.91,7804.2,31.5,49.8,0,2,0
PROP-003755,35,8.3,6580.23,19161.26,28.2,55.1,1,0,0
PROP-003756,32,0.4,7942.58,25088.26,18.9,70.1,0,2,0
PROP-003757,35,3.0,3089.78,8515.72,24.2,59.8,1,2,0
PROP-003758,22,1.4,4369.21,14388.37,23.9,57.7,0,0,0
PROP-003759,42,4.1,1939.01,6489.06,29.2,65.0,0,1,0
PROP-003760,18,0.1,3494.37,11740.11,17.9,45.9,0,2,0
PROP-003761,32,2.8,10847.22,31550.79,12.1,87.4,3,1,0
PROP-003762,47,0.7,1486.21,1553.6,26.3,32.0,0,3,0
PROP-003763,41,1.7,13246.45,17008.29,7.1,79.2,0,4,0
PROP-003764,45,7.2,13450.8,22453.84,46.2,28.2,0,2,0
PROP-003765,37,1.1,2174.59,1552.38,3.0,34.3,0,0,0
PROP-003766,52,3.9,2371.68,7761.75,33.6,58.2,1,2,0
PROP-003767,49,5.2,4500.38,7084.02,53.5,40.2,4,5,0
PROP-003768,43,17.5,3490.67,3143.8,63.5,42.9,0,3,0
PROP-003769,49,3.1,8412.6,13203.47,10.8,38.7,0,0,0
PROP-003770,47,7.3,7104.77,23912.73,50.1,28.6,1,2,0
PROP-003771,32,1.4,4255.34,10561.77,24.1,35.9,1,2,1
PROP-003772,21,2.1,2023.22,5771.85,30.8,74.8,4,3,0
PROP-003773,43,2.5,3798.92,13293.5,30.4,14.6,0,1,0
PROP-003774,44,0.6,20564.19,22919.13,33.9,65.0,0,5,0
PROP-003775,51,6.0,5134.44,8980.5,32.9,19.0,1,2,0
PROP-003776,26,0.3,10629.19,21618.52,35.5,68.0,0,0,1
PROP-003777,27,6.3,5621.26,18386.16,30.5,50.6,0,4,0
PROP-003778,43,0.9,12739.83,24125.5,34.8,53.3,1,2,1
PROP-003779,37,8.4,4321.04,3189.24,10.6,16.6,0,2,0
PROP-003780,18,0.1,9312.63,29091.25,22.7,49.5,2,2,0
PROP-003781,42,1.3,8064.44,19052.04,8.5,21.1,0,1,0
PROP-003782,18,0.1,4739.89,7256.65,30.0,40.5,5,2,1
PROP-003783,26,0.1,4751.56,6057.66,59.5,81.7,2,1,1
PROP-003784,54,1.2,1864.43,4139.65,61.5,10.4,0,4,0
PROP-003785,59,2.8,3586.16,9571.25,23.1,9.7,0,1,0
PROP-003786,23,0.9,20093.52,45235.51,17.3,27.1,0,2,0
PROP-003787,34,1.7,13244.75,43142.5,18.9,14.8,3,3,0
PROP-003788,38,5.7,4284.6,12715.05,21.8,9.8,0,2,0
PROP-003789,59,0.4,2706.99,7511.84,24.6,24.9,0,3,0
PROP-003790,32,9.8,9486.32,21952.6,34.8,15.2,0,1,0
PROP-003791,32,7.6,5379.5,7998.55,33.3,2.9,0,2,0
PROP-003792,56,0.1,6019.37,12274.2,41.3,32.1,2,4,0
PROP-003793,33,8.9,3773.29,4642.51,8.8,5.0,0,1,0
PROP-003794,46,1.3,11092.65,20214.51,35.2,65.1,3,4,0
PROP-003795,20,1.4,5284.78,4576.23,25.7,19.9,0,2,0
PROP-003796,35,6.1,6586.29,22539.87,16.0,7.4,2,2,0
PROP-003797,18,0.1,2402.66,1513.26,29.3,30.0,0,3,0
PROP-003798,25,2.8,2829.57,5775.8,22.4,44.2,3,1,0
PROP-003799,48,5.6,2268.6,6941.77,15.6,44.0,1,2,0
PROP-003800,37,0.7,5897.62,18045.33,26.6,41.1,0,5,0
PROP-003801,34,5.1,4733.28,14753.38,20.2,74.8,0,1,0
PROP-003802,29,0.9,2020.41,4283.92,17.4,77.4,4,3,0
PROP-003803,35,0.3,5427.06,13365.78,21.1,63.3,0,3,0
PROP-003804,41,8.5,4846.07,3413.14,63.4,23.8,0,3,0
PROP-003805,49,0.9,1459.6,4641.39,33.1,28.2,0,2,0
PROP-003806,18,0.1,2896.21,3110.32,32.7,59.0,0,6,1
PROP-003807,28,0.1,5176.95,9372.8,31.8,76.2,0,6,1
PROP-003808,39,14.7,2401.16,1768.0,20.4,50.1,0,1,0
PROP-003809,36,1.0,3810.55,3479.98,38.5,41.8,1,2,1
PROP-003810,42,3.7,2844.43,7540.31,25.3,33.7,0,2,0
PROP-003811,41,4.8,1723.82,4457.11,32.7,45.0,0,2,0
PROP-003812,34,3.6,1412.0,1224.8,18.1,31.5,0,4,0
PROP-003813,31,1.1,2190.57,6553.95,20.9,41.1,0,1,0
PROP-003814,35,0.7,14644.06,40000.73,43.6,52.0,0,5,0
PROP-003815,51,2.6,2112.58,4476.59,21.2,67.2,1,1,0
PROP-003816,29,3.0,4002.92,5557.04,20.9,19.8,0,0,0
PROP-003817,37,9.7,4267.69,5974.79,24.5,34.8,1,1,0
PROP-003818,40,0.1,14223.77,24657.42,33.3,44.4,1,5,0
PROP-003819,56,0.2,1412.0,1593.62,37.4,43.2,4,4,1
PROP-003820,34,2.0,2880.94,8175.55,25.6,68.7,2,4,0
PROP-003821,49,3.0,5273.8,12063.12,15.3,51.0,0,1,0
PROP-003822,52,5.1,4107.41,5635.82,33.5,73.2,2,4,0
PROP-003823,37,2.4,3420.57,5321.13,16.5,46.0,0,3,0
PROP-003824,35,5.1,6143.9,20747.27,53.7,21.3,0,2,0
PROP-003825,34,0.7,1412.0,1681.97,50.9,13.3,1,1,0
PROP-003826,34,0.2,3681.38,6756.34,36.2,33.4,0,1,0
PROP-003827,48,1.2,3111.83,10555.11,26.3,34.8,2,3,1
PROP-003828,40,7.5,7444.96,12503.23,36.2,10.7,0,3,0
PROP-003829,40,0.4,1412.0,3902.18,22.9,12.8,2,2,1
PROP-003830,24,4.2,3824.57,4770.59,37.6,22.1,0,2,0
PROP-003831,26,5.6,3924.35,3616.8,17.1,11.9,2,2,0
PROP-003832,63,4.0,3353.57,4344.56,41.1,48.3,1,1,0
PROP-003833,35,0.2,3037.68,2266.48,50.6,24.0,0,3,0
PROP-003834,28,4.2,3981.05,2149.36,16.2,29.5,0,3,0
PROP-003835,55,0.9,8332.57,11611.24,13.8,55.7,0,3,0
PROP-003836,41,2.4,6363.97,6666.32,51.0,45.7,3,1,0
PROP-003837,44,2.7,2796.86,4621.27,34.9,38.9,0,1,0
PROP-003838,36,0.4,2784.53,4568.67,27.9,32.4,2,2,1
PROP-003839,34,11.2,2230.73,3045.67,53.3,33.4,2,4,0
PROP-003840,35,4.6,7853.31,21404.67,39.0,34.0,0,1,0
PROP-003841,21,0.5,2990.25,3651.0,7.9,29.1,0,1,0
PROP-003842,36,0.9,2043.85,4500.4,50.4,46.0,0,3,0
PROP-003843,41,6.5,4492.68,6517.53,35.6,28.7,1,1,0
PROP-003844,60,14.0,5018.54,9599.93,66.0,3.6,0,2,0
PROP-003845,39,4.0,3579.19,5006.18,27.2,15.5,0,1,0
PROP-003846,18,0.1,4526.76,13027.38,21.3,31.3,2,1,0
PROP-003847,36,0.4,3815.27,3185.0,22.2,25.0,0,1,0
PROP-003848,70,1.9,5724.4,19457.53,20.2,20.5,0,3,0
PROP-003849,48,3.0,4966.23,6587.34,42.4,20.4,0,2,0
PROP-003850,28,2.2,2873.15,2492.05,13.7,19.8,0,2,0
PROP-003851,45,6.3,6223.74,16482.04,39.8,20.8,0,1,0
PROP-003852,29,2.1,2526.75,8418.75,36.0,48.6,0,2,0
PROP-003853,21,2.1,2214.7,7166.12,22.9,40.8,0,0,0
PROP-003854,33,3.3,4665.72,3617.23,16.2,43.5,0,1,0
PROP-003855,39,2.6,5290.18,15542.47,24.8,45.6,0,3,1
PROP-003856,18,0.1,7060.45,15492.02,26.9,48.4,0,2,0
PROP-003857,24,4.2,12817.97,36742.31,15.3,6.3,0,1,0
PROP-003858,38,3.0,1412.0,3235.44,38.5,34.2,2,3,0
PROP-003859,33,4.6,2970.73,1721.9,45.9,38.7,0,3,0
PROP-003860,42,2.8,4552.48,4633.56,5.3,22.3,0,2,0
PROP-003861,23,3.5,11649.09,18079.27,21.9,11.3,0,0,0
PROP-003862,46,0.2,3331.71,2671.13,14.8,45.0,3,3,0
PROP-003863,23,3.5,1578.2,1633.48,38.6,26.8,0,3,0
PROP-003864,57,5.4,2190.87,4939.87,18.5,20.0,2,0,0
PROP-003865,18,0.1,3742.83,7407.11,20.8,36.3,2,0,1
PROP-003866,24,0.3,5339.27,7277.23,34.7,4.1,0,1,0
PROP-003867,43,9.0,15828.89,41312.11,45.7,88.6,1,4,1
PROP-003868,57,2.2,2849.81,8450.98,6.3,56.7,2,1,0
PROP-003869,41,8.0,5813.21,9451.2,49.8,8.5,2,0,0
PROP-003870,44,2.1,7871.16,25190.86,41.7,46.7,0,1,0
PROP-003871,38,2.1,2987.15,9286.27,18.6,16.3,0,1,0
PROP-003872,25,4.9,11463.18,17237.55,27.6,56.7,0,5,0
PROP-003873,32,1.8,2965.83,9823.35,34.6,60.6,1,4,0
PROP-003874,23,1.5,2256.41,4879.54,27.9,35.7,1,1,0
PROP-003875,22,2.8,10587.31,18057.8,7.9,62.9,2,3,1
PROP-003876,42,0.1,4084.4,2740.5,42.2,66.6,1,4,0
PROP-003877,24,1.2,2140.61,6301.38,32.3,10.1,0,0,0
PROP-003878,41,3.7,3223.58,10560.21,8.1,14.8,0,2,0
PROP-003879,22,2.8,2725.52,8073.35,42.0,82.5,0,2,0
PROP-003880,41,5.6,3001.39,4905.57,14.0,66.4,0,2,0
PROP-003881,32,2.5,4659.86,12182.87,16.2,15.7,0,1,0
PROP-003882,54,2.2,3401.4,10723.56,27.4,66.2,1,4,1
PROP-003883,41,0.2,14407.14,39340.31,49.2,64.0,0,1,0
PROP-003884,52,0.4,3373.14,11446.5,26.4,29.8,0,1,0
PROP-003885,28,7.0,3818.9,8476.66,43.9,57.4,0,4,1
PROP-003886,38,2.8,10168.53,15275.0,33.5,28.6,0,1,0
PROP-003887,26,0.5,8829.0,11471.83,53.4,71.6,0,1,0
PROP-003888,33,10.2,6568.68,9054.63,68.4,28.5,1,3,1
PROP-003889,34,1.0,3290.4,4743.39,18.0,21.5,4,4,0
PROP-003890,29,3.8,9937.52,25556.89,10.5,31.9,2,1,0
PROP-003891,23,3.5,3315.94,4772.78,46.3,38.5,0,2,0
PROP-003892,21,2.1,2209.08,6975.46,28.9,47.4,0,1,0
PROP-003893,18,0.1,2923.7,2260.44,25.5,28.7,1,2,0
PROP-003894,25,1.6,6756.6,9321.83,43.7,26.9,2,1,0
PROP-003895,45,2.1,3572.99,2221.47,6.0,20.4,2,2,0
PROP-003896,18,0.1,4718.8,10821.13,20.9,82.2,1,4,1
PROP-003897,21,2.1,2321.73,7909.45,22.2,67.0,3,4,1
PROP-003898,59,1.6,6855.73,7303.36,36.2,42.3,1,1,0
PROP-003899,30,4.6,2685.4,9176.26,15.7,49.7,1,1,0
PROP-003900,41,4.0,2462.04,1477.18,24.4,47.0,0,1,0
PROP-003901,45,2.7,3684.04,5683.92,32.5,67.3,1,6,1
PROP-003902,45,1.8,1913.51,2980.86,11.0,59.8,1,1,0
PROP-003903,19,0.6,2405.09,3646.06,38.2,30.4,0,0,0
PROP-003904,35,1.2,2481.48,4013.17,19.6,32.6,3,3,0
PROP-003905,18,0.1,4805.55,8127.06,33.8,30.8,1,1,1
PROP-003906,67,1.1,2729.71,6435.94,38.9,19.4,1,4,0
PROP-003907,18,0.1,5008.52,16268.44,41.7,34.5,3,5,1
PROP-003908,25,1.6,3799.64,6314.0,36.8,33.0,0,2,0
PROP-003909,25,4.9,3152.55,6852.86,11.2,45.0,2,1,0
PROP-003910,20,1.4,8779.35,6376.3,10.2,47.6,2,3,0
PROP-003911,54,1.3,1558.35,5382.04,19.1,82.7,1,2,0
PROP-003912,67,0.2,6053.13,18022.55,22.9,19.5,0,1,0
PROP-003913,32,0.1,2117.83,3723.77,33.6,17.9,1,1,0
PROP-003914,22,0.5,2565.59,3616.98,28.5,15.8,4,1,0
PROP-003915,18,0.1,3228.37,6557.8,17.1,16.5,0,1,0
PROP-003916,35,0.8,3645.58,6712.48,17.6,19.9,1,1,0
PROP-003917,34,7.7,4048.84,5827.19,38.1,42.5,2,1,0
PROP-003918,30,6.5,4451.56,11791.54,20.8,30.4,2,2,0
PROP-003919,40,1.5,3074.12,9773.85,60.4,5.7,3,2,1
PROP-003920,42,0.1,1412.0,2599.46,56.8,81.2,1,5,1
PROP-003921,41,0.2,2688.24,6459.24,14.1,7.8,0,1,0
PROP-003922,34,4.4,6858.44,15270.07,23.6,52.7,0,1,0
PROP-003923,24,4.2,5820.13,13837.75,9.1,55.4,0,4,0
PROP-003924,45,3.9,5927.64,7162.21,24.1,81.9,0,3,0
PROP-003925,38,1.2,3577.17,3957.46,49.7,36.4,0,3,0
PROP-003926,48,16.2,5538.99,4306.92,38.7,62.9,0,2,0
PROP-003927,47,2.2,3128.58,10315.22,38.4,67.7,0,3,1
PROP-003928,20,1.0,3316.21,4593.04,48.5,5.4,0,2,0
PROP-003929,20,1.3,2913.66,2303.39,63.0,51.5,0,5,0
PROP-003930,28,0.1,7370.21,10757.54,14.8,29.9,0,1,0
PROP-003931,25,4.9,1412.0,2522.28,56.9,56.6,3,4,1
PROP-003932,47,3.4,4435.33,6571.34,49.1,42.1,0,3,0
PROP-003933,42,0.5,4433.84,6379.96,3.0,20.9,0,1,0
PROP-003934,51,0.7,4657.58,9995.63,31.4,18.9,0,0,0
PROP-003935,42,1.9,3920.28,13106.72,29.7,47.6,4,2,1
PROP-003936,40,7.4,8642.75,15437.56,7.1,25.4,0,1,0
PROP-003937,52,11.4,4220.0,12028.3,17.2,55.9,0,1,0
PROP-003938,43,0.5,3624.84,8760.21,23.9,10.3,0,1,0
PROP-003939,38,4.0,6086.12,14096.32,21.2,14.9,0,1,0
PROP-003940,55,1.9,1586.41,4172.09,14.7,49.0,0,1,0
PROP-003941,39,5.2,2661.08,6740.57,18.6,11.4,0,1,0
PROP-003942,34,0.5,7758.29,24831.95,23.7,9.5,0,3,0
PROP-003943,27,6.3,4866.53,15097.99,29.9,14.2,0,1,0
PROP-003944,46,0.3,1779.51,4048.71,16.9,29.7,0,0,0
PROP-003945,52,14.3,19875.1,40076.91,30.1,17.7,3,2,0
PROP-003946,37,6.5,3735.16,8979.36,7.6,46.4,3,1,0
PROP-003947,53,1.7,2605.16,7224.38,52.4,65.0,0,8,1
PROP-003948,18,0.1,1746.76,2428.42,17.6,48.0,0,3,0
PROP-003949,37,4.6,9294.06,24395.75,34.7,12.3,0,4,0
PROP-003950,37,4.8,2352.16,1441.11,40.2,53.5,1,3,0
PROP-003951,29,4.4,3269.63,6512.8,16.0,41.4,0,1,0
PROP-003952,66,5.2,5028.22,17340.0,32.5,20.7,1,2,0
PROP-003953,37,1.3,1412.0,2815.73,53.7,42.6,0,2,0
PROP-003954,33,1.7,6751.85,17078.56,17.2,1.0,2,1,0
PROP-003955,38,9.3,2408.78,1880.23,15.2,80.9,0,0,0
PROP-003956,18,0.1,7885.68,17431.96,61.1,23.0,2,1,0
PROP-003957,28,5.0,4898.42,16394.23,5.4,19.8,1,2,0
PROP-003958,49,5.2,8203.64,26781.07,55.3,67.3,0,6,1
PROP-003959,30,0.7,4674.51,7119.59,22.5,6.1,0,0,0
PROP-003960,28,0.7,7655.73,11310.26,13.2,7.2,0,1,0
PROP-003961,53,7.8,5439.47,8386.52,64.1,52.6,0,0,0
PROP-003962,54,11.9,3994.88,3544.07,22.9,29.9,1,4,0
PROP-003963,44,2.6,5079.4,3146.59,23.0,8.4,2,3,0
PROP-003964,32,2.8,1412.0,1000.0,26.7,48.3,3,0,0
PROP-003965,35,0.7,2989.0,2723.21,17.6,14.6,0,1,0
PROP-003966,28,7.0,8418.83,22458.25,23.8,29.0,0,0,0
PROP-003967,26,1.1,1924.03,6595.83,61.2,6.9,1,1,1
PROP-003968,25,2.7,2919.76,4241.03,58.8,42.6,3,8,1
PROP-003969,30,5.9,1666.58,4813.1,19.8,42.5,0,2,0
PROP-003970,25,0.4,1430.56,2806.08,40.9,39.6,0,1,0
PROP-003971,19,0.7,3277.3,3539.78,13.7,68.0,2,1,0
PROP-003972,40,1.9,5287.19,11732.62,19.9,11.9,0,3,0
PROP-003973,40,2.5,3481.56,4727.46,65.5,57.1,0,2,0
PROP-003974,58,2.6,1930.15,4607.92,36.2,32.8,3,1,0
PROP-003975,29,3.2,2017.96,6082.87,47.0,50.5,1,1,0
PROP-003976,41,7.5,2291.31,2254.93,54.0,61.2,1,3,1
PROP-003977,41,1.0,3417.46,4053.44,30.1,33.8,0,2,0
PROP-003978,34,1.0,2305.46,5825.64,27.3,46.3,1,3,0
PROP-003979,46,8.0,7885.97,6454.99,58.3,49.9,0,6,1
PROP-003980,47,4.8,2656.66,7790.83,39.3,17.7,0,2,0
PROP-003981,41,1.6,3043.57,9663.17,12.0,33.1,1,0,0
PROP-003982,34,2.2,5602.75,11654.3,33.1,53.6,3,2,0
PROP-003983,33,9.0,1412.0,2362.35,9.5,63.3,0,5,0
PROP-003984,21,2.1,10123.02,15713.98,10.0,44.6,2,0,0
PROP-003985,28,4.8,6704.39,20818.55,21.4,38.1,2,1,1
PROP-003986,30,7.0,6595.22,17662.34,24.7,9.0,0,2,0
PROP-003987,24,2.2,2616.81,3565.93,31.5,7.5,1,2,0
PROP-003988,43,11.1,2429.96,4432.02,30.9,18.2,0,1,0
PROP-003989,52,2.1,2828.9,8280.76,26.2,64.1,3,4,1
PROP-003990,27,6.3,3230.23,2828.29,14.8,49.7,0,0,0
PROP-003991,41,1.0,8728.56,8882.97,34.0,13.5,1,0,0
PROP-003992,25,1.3,1412.0,2550.0,20.2,46.3,0,1,0
PROP-003993,34,3.8,8931.84,19690.67,55.3,62.8,1,1,1
PROP-003994,29,7.7,3594.8,9177.14,19.6,22.0,0,2,0
PROP-003995,45,0.2,7797.85,24862.41,59.3,53.8,4,2,1
PROP-003996,29,2.3,5152.63,13226.84,48.2,28.7,2,6,1
PROP-003997,50,0.6,6004.56,3655.53,62.1,4.2,2,1,0
PROP-003998,35,4.0,7250.92,25020.86,20.4,33.4,0,3,0
PROP-003999,30,8.4,3807.62,6166.22,8.9,3.0,0,0,0
PROP-004000,22,2.8,2315.06,4676.73,29.0,25.7,2,3,0
PROP-004001,41,4.0,2377.72,8262.23,38.6,83.8,0,1,0
PROP-004002,48,5.3,7295.55,20458.03,33.6,21.5,4,2,0
PROP-004003,41,1.1,10333.02,16301.34,15.7,9.6,0,0,0
PROP-004004,64,11.7,2645.84,6644.5,25.5,46.5,0,1,0
PROP-004005,55,0.5,7998.93,17404.51,27.1,5.8,1,2,0
PROP-004006,34,3.9,7324.02,17494.99,3.0,49.7,1,2,0
PROP-004007,34,1.9,1658.63,3441.63,21.7,80.1,4,5,1
PROP-004008,43,8.3,7166.99,10131.99,48.1,52.3,0,2,0
PROP-004009,27,6.3,2870.77,8847.09,12.1,23.5,0,2,0
PROP-004010,51,0.5,10204.88,14745.27,41.3,7.1,0,3,0
PROP-004011,42,2.3,4781.14,11689.28,25.5,75.0,1,2,0
PROP-004012,41,0.2,18566.97,30429.81,16.0,44.3,0,1,0
PROP-004013,46,0.5,4091.17,9250.7,25.1,20.3,2,2,1
PROP-004014,58,0.2,2881.88,9775.81,35.4,64.4,1,4,0
PROP-004015,40,9.0,5772.77,9168.45,43.0,45.1,0,1,0
PROP-004016,36,0.8,6681.94,16680.69,21.6,37.6,0,1,0
PROP-004017,56,4.5,5934.48,3632.26,15.6,73.4,0,2,0
PROP-004018,49,4.8,3362.69,2787.27,37.2,9.4,0,2,0
PROP-004019,34,2.5,6735.3,8177.8,15.7,29.5,0,2,0
PROP-004020,38,9.7,2087.9,5873.68,15.6,37.9,0,1,0
PROP-004021,40,0.2,1412.0,1317.31,30.0,29.3,1,1,0
PROP-004022,42,6.9,5257.79,9598.04,40.1,6.9,2,5,0
PROP-004023,21,2.1,16154.39,25113.97,18.1,36.8,2,3,1
PROP-004024,19,0.7,6130.82,6608.09,46.5,37.5,0,0,0
PROP-004025,27,6.3,2664.42,1432.87,8.2,66.8,0,1,0
PROP-004026,26,0.1,3493.17,10184.05,8.7,72.1,0,1,0
PROP-004027,30,3.9,4246.17,8829.79,33.5,5.9,0,2,0
PROP-004028,45,0.5,2462.2,7439.73,5.5,47.6,0,1,0
PROP-004029,35,0.9,2342.18,7764.34,41.9,34.8,0,1,0
PROP-004030,40,2.8,5316.35,13987.28,10.4,34.7,1,2,0
PROP-004031,23,1.2,5495.6,3894.3,20.6,45.1,0,0,0
PROP-004032,32,1.0,2424.88,2203.94,29.7,19.9,0,3,1
PROP-004033,45,1.0,1856.84,5136.08,44.8,69.6,0,1,0
PROP-004034,45,0.7,3707.34,12070.43,26.4,56.1,2,5,0
PROP-004035,29,7.4,3254.19,9482.9,19.4,40.7,0,4,0
PROP-004036,39,3.1,6153.0,8944.02,21.1,71.9,0,3,0
PROP-004037,64,10.4,2669.06,1609.65,41.2,55.6,0,6,0
PROP-004038,37,1.0,5077.83,3195.04,27.0,27.1,0,2,0
PROP-004039,29,2.1,5338.28,15011.23,16.4,27.1,0,2,0
PROP-004040,35,2.7,6703.33,15821.66,55.9,11.2,0,3,0
PROP-004041,39,3.2,3969.64,12568.44,38.1,47.5,2,4,0
PROP-004042,36,0.1,2761.01,8531.29,36.8,53.6,0,2,1
PROP-004043,37,5.3,3480.38,3243.46,33.4,23.6,0,2,0
PROP-004044,20,0.8,3715.21,12748.51,29.1,38.4,0,2,0
PROP-004045,26,0.9,13712.79,41837.59,37.3,35.4,3,2,1
PROP-004046,36,3.8,3028.29,8734.14,30.0,74.0,2,1,0
PROP-004047,36,4.8,12940.83,30670.82,19.4,10.1,0,0,0
PROP-004048,31,7.8,4281.96,11104.36,37.3,58.0,0,2,0
PROP-004049,35,0.9,3273.54,7528.42,40.3,68.3,0,5,0
PROP-004050,38,4.9,2781.68,8972.45,59.8,9.3,2,0,0
PROP-004051,48,0.9,2174.41,5194.82,11.6,32.0,0,3,0
PROP-004052,36,2.4,3717.15,5082.3,26.3,84.7,0,4,0
PROP-004053,42,2.3,3982.84,12013.37,52.7,7.3,1,1,0
PROP-004054,31,1.6,4175.63,7829.11,64.2,35.3,2,3,1
PROP-004055,44,0.9,15599.9,48094.81,52.5,72.1,1,3,0
PROP-004056,42,7.0,9494.38,17346.32,4.8,12.1,1,1,0
PROP-004057,48,6.8,4369.7,4918.43,19.2,21.7,0,3,0
PROP-004058,46,6.0,3242.77,10249.14,7.1,64.0,0,1,0
PROP-004059,45,2.0,1773.87,5458.36,7.7,46.3,1,1,0
PROP-004060,36,2.6,4844.11,5597.79,57.5,73.1,1,3,1
PROP-004061,40,12.7,7495.25,7066.88,37.7,55.6,1,0,0
PROP-004062,50,1.4,9065.83,29379.48,21.3,56.0,0,0,0
PROP-004063,30,6.4,2957.63,7168.87,29.5,24.1,2,0,0
PROP-004064,30,2.8,1833.51,4777.18,30.4,57.2,0,2,0
PROP-004065,40,0.5,4156.12,4023.02,31.7,73.2,0,4,0
PROP-004066,42,1.7,5518.82,5892.39,36.0,82.6,2,2,1
PROP-004067,28,2.8,3390.99,3009.61,56.3,53.1,1,4,1
PROP-004068,37,0.4,5489.35,16185.57,22.4,64.7,0,3,0
PROP-004069,36,1.1,3860.17,11475.94,22.2,37.3,3,0,0
PROP-004070,18,0.1,4539.94,11114.23,19.0,51.3,2,1,1
PROP-004071,35,8.8,4764.78,5630.37,9.4,26.2,0,0,0
PROP-004072,36,6.5,3958.55,7259.37,41.9,58.5,3,2,0
PROP-004073,36,1.4,1915.94,6608.92,25.6,6.7,0,2,0
PROP-004074,54,5.4,8551.6,7454.94,14.7,67.5,2,4,0
PROP-004075,23,1.7,2896.18,5764.8,36.8,30.4,0,3,0
PROP-004076,28,4.3,1412.0,1167.42,11.2,6.5,0,0,0
PROP-004077,18,0.1,3834.51,4028.4,22.4,63.6,2,3,0
PROP-004078,32,1.4,5107.46,13896.78,52.8,12.2,1,3,0
PROP-004079,33,1.9,7201.52,24068.21,29.1,34.2,2,3,0
PROP-004080,31,8.7,4609.99,10513.89,23.1,23.1,0,1,0
PROP-004081,51,1.8,4267.84,5762.17,19.8,73.1,0,2,0
PROP-004082,48,3.4,4460.91,15206.64,29.4,16.9,2,2,0
PROP-004083,38,0.1,2666.79,4764.75,54.8,36.7,2,3,1
PROP-004084,33,5.0,3314.91,4659.08,21.6,10.8,0,2,0
PROP-004085,50,3.8,6894.41,13174.05,36.9,47.3,2,3,1
PROP-004086,37,0.8,3004.89,9672.82,45.1,2.3,1,1,0
PROP-004087,28,5.9,4437.49,13794.15,28.4,43.1,2,1,1
PROP-004088,18,0.1,3159.72,6710.2,25.9,40.7,2,2,1
PROP-004089,32,3.6,2793.68,5500.94,36.5,55.0,0,6,0
PROP-004090,47,5.7,3653.3,3481.06,44.4,28.6,1,1,0
PROP-004091,65,1.4,3688.43,5826.91,24.5,39.3,1,2,0
PROP-004092,38,0.4,3757.09,9538.95,39.2,50.8,0,3,0
PROP-004093,28,7.0,4826.51,3042.93,37.4,61.1,2,3,1
PROP-004094,23,3.5,1412.0,4069.51,5.7,75.2,0,2,0
PROP-004095,44,1.8,3179.45,9237.01,18.3,46.4,1,3,0
PROP-004096,18,0.1,5698.55,5310.56,17.5,63.2,2,2,1
PROP-004097,44,1.8,9434.11,10803.19,10.7,62.8,0,3,0
PROP-004098,47,2.1,1988.48,4278.38,6.6,31.0,0,1,0
PROP-004099,43,1.4,2116.53,6812.71,44.3,32.5,0,3,1
PROP-004100,35,3.9,4650.61,4791.1,13.1,41.1,0,4,0
PROP-004101,44,3.1,7503.64,19754.89,16.1,41.2,0,0,0
PROP-004102,40,0.3,2582.6,5257.94,16.5,42.1,0,2,0
PROP-004103,28,7.0,1412.0,2714.64,49.1,59.4,1,2,0
PROP-004104,60,0.1,4698.49,12962.37,14.5,29.1,2,5,0
PROP-004105,33,3.1,2432.61,7108.21,46.3,33.8,0,4,0
PROP-004106,47,0.1,10513.55,19575.5,23.5,37.6,0,1,0
PROP-004107,18,0.1,3791.2,8258.42,49.9,60.9,0,2,0
PROP-004108,53,4.0,2017.63,6267.74,27.1,36.1,1,0,0
PROP-004109,55,12.2,2382.46,5789.99,45.6,11.8,1,0,0
PROP-004110,38,1.9,4431.88,12553.27,61.3,45.2,3,3,1
PROP-004111,44,6.8,3320.57,7508.74,19.1,42.1,2,2,0
PROP-004112,44,4.0,4309.59,8635.47,47.2,58.2,3,1,0
PROP-004113,30,5.6,23421.86,50000.0,44.3,57.1,2,2,1
PROP-004114,44,5.8,2164.23,3944.45,11.2,57.2,0,2,0
PROP-004115,28,6.8,6374.04,5740.81,30.3,34.8,0,3,0
PROP-004116,30,8.4,8978.14,12245.83,16.9,15.6,0,1,0
PROP-004117,51,0.4,8296.75,17243.43,38.2,41.7,1,5,1
PROP-004118,49,4.8,2216.43,7265.5,7.3,69.8,0,4,0
PROP-004119,29,0.3,4319.66,8450.79,19.0,15.4,0,0,0
PROP-004120,29,0.3,1708.4,4523.56,22.2,43.0,0,2,0
PROP-004121,30,8.4,6504.01,21225.52,32.5,42.8,0,2,0
PROP-004122,46,3.9,3072.04,4172.52,8.9,28.6,3,0,0
PROP-004123,26,0.1,4944.28,3965.69,25.5,26.0,0,2,0
PROP-004124,42,1.1,9230.12,28165.22,23.9,75.6,1,3,0
PROP-004125,46,3.2,4684.64,14832.04,13.2,30.9,0,5,0
PROP-004126,36,1.6,4635.95,8901.08,24.5,18.8,0,1,0
PROP-004127,50,4.1,3556.61,8692.56,44.1,59.2,0,2,0
PROP-004128,34,0.7,8639.61,15180.67,72.8,29.2,4,2,1
PROP-004129,35,1.2,2922.8,9776.07,51.3,12.9,0,3,0
PROP-004130,26,1.1,5266.68,7078.32,19.8,41.1,0,3,0
PROP-004131,50,11.4,5768.84,4232.43,31.4,49.9,1,1,1
PROP-004132,28,0.2,6435.06,16039.78,13.8,37.0,1,2,0
PROP-004133,42,0.9,4945.4,2915.74,19.1,27.9,0,2,0
PROP-004134,37,4.1,2254.91,7566.7,60.0,59.6,3,3,1
PROP-004135,25,4.3,4104.54,12219.73,30.5,76.3,2,2,0
PROP-004136,30,0.1,1516.56,2123.66,59.6,65.3,1,6,1
PROP-004137,54,4.1,3545.82,5741.59,19.0,2.2,0,2,0
PROP-004138,40,4.8,6066.78,8931.73,27.1,40.0,0,3,0
PROP-004139,25,2.9,7492.48,6032.98,12.9,13.7,0,0,0
PROP-004140,41,0.4,2819.8,8702.18,17.6,30.1,2,4,0
PROP-004141,36,3.5,14146.31,39711.84,37.5,53.9,0,1,0
PROP-004142,75,0.3,1641.32,2242.37,3.7,21.1,0,3,0
PROP-004143,41,1.9,5478.15,15008.39,4.6,54.9,0,3,0
PROP-004144,33,2.7,5812.65,8505.67,25.6,9.0,1,0,0
PROP-004145,55,4.4,5874.71,13664.28,49.7,11.8,1,3,0
PROP-004146,18,0.1,5281.91,14672.8,65.2,21.3,1,3,0
PROP-004147,39,2.6,4377.37,8647.98,41.3,75.5,1,1,0
PROP-004148,61,6.3,11512.32,18476.25,13.7,58.8,0,2,0
PROP-004149,36,0.5,2237.62,3271.28,32.2,46.3,5,1,0
PROP-004150,18,0.1,3434.81,8232.83,32.9,15.1,0,0,0
PROP-004151,33,8.4,4484.14,13711.43,3.3,61.8,3,2,0
PROP-004152,55,11.2,3841.75,10052.94,13.5,29.3,0,1,0
PROP-004153,42,2.1,2392.16,6393.26,47.0,36.1,1,2,0
PROP-004154,27,0.9,6031.05,14483.22,38.8,53.5,3,4,1
PROP-004155,29,5.5,4870.68,16225.24,43.8,49.1,0,3,1
PROP-004156,31,3.0,11496.77,39919.98,31.1,45.9,3,1,0
PROP-004157,42,4.5,6838.94,12536.74,54.2,57.7,0,2,0
PROP-004158,54,7.8,8053.56,4588.76,31.9,53.7,1,2,0
PROP-004159,50,2.0,7869.69,19666.85,20.3,47.0,2,0,0
PROP-004160,43,3.7,2290.99,7077.33,14.2,23.9,0,1,0
PROP-004161,22,1.6,3456.41,4005.86,30.2,5.9,1,0,0
PROP-004162,22,2.7,3516.9,10848.38,37.4,31.7,0,3,0
PROP-004163,44,10.1,8313.58,9938.12,16.0,2.4,1,3,0
PROP-004164,21,0.1,4727.59,11810.67,67.9,45.5,1,1,1
PROP-004165,35,0.2,4360.34,14806.49,50.5,52.1,0,2,0
PROP-004166,41,6.5,4185.86,5667.89,34.5,42.9,1,0,0
PROP-004167,24,4.2,8288.29,25785.49,29.9,32.1,0,1,0
PROP-004168,25,3.6,2403.72,7081.15,16.6,4.6,0,1,0
PROP-004169,36,1.0,4469.92,2511.48,45.0,31.9,3,1,1
PROP-004170,44,0.6,10695.24,16192.81,22.9,24.4,0,1,0
PROP-004171,50,1.1,5948.94,13797.8,23.5,66.9,0,1,0
PROP-004172,45,4.7,3504.77,3865.39,8.2,42.0,0,0,0
PROP-004173,38,1.8,5167.81,15462.56,19.3,20.0,0,1,0
PROP-004174,29,1.7,1836.27,6330.35,20.1,31.9,0,0,0
PROP-004175,25,3.0,2935.05,3174.77,23.8,16.4,0,1,0
PROP-004176,31,3.0,3635.09,4986.17,26.3,23.8,0,2,0
PROP-004177,42,4.0,2266.42,1232.88,27.2,20.7,0,2,0
PROP-004178,42,4.9,6595.24,8248.02,49.3,49.9,2,2,1
PROP-004179,18,0.1,2167.45,6727.45,28.6,65.7,0,2,0
PROP-004180,28,0.7,8944.42,23764.58,46.3,41.0,3,4,0
PROP-004181,52,2.2,6053.67,15471.57,16.6,40.0,2,2,0
PROP-004182,38,1.1,2965.72,5032.33,34.7,42.0,0,2,0
PROP-004183,20,1.4,3229.71,2456.47,17.6,68.8,0,2,0
PROP-004184,66,1.6,4364.19,8215.61,18.2,24.7,3,2,0
PROP-004185,37,5.0,7517.85,24653.8,36.3,19.0,2,0,0
PROP-004186,42,6.0,4213.12,10653.21,17.6,50.5,0,3,0
PROP-004187,42,0.4,7988.31,5578.96,56.3,64.3,0,2,0
PROP-004188,33,6.3,4356.65,3765.45,36.7,50.5,3,4,0
PROP-004189,29,1.3,6450.32,6646.87,10.6,4.0,0,0,0
PROP-004190,63,1.1,10450.16,7711.75,25.4,25.3,1,3,0
PROP-004191,50,1.8,4992.28,3003.67,38.9,14.8,0,1,0
PROP-004192,47,2.1,2334.49,5052.48,36.7,15.0,0,1,0
PROP-004193,44,1.1,3913.85,2326.14,19.8,45.9,0,2,0
PROP-004194,25,0.1,14024.57,22330.75,32.5,54.3,3,5,1
PROP-004195,53,1.4,3234.81,4510.93,44.8,17.6,0,6,0
PROP-004196,27,6.3,1463.23,3255.85,25.6,19.5,0,1,0
PROP-004197,41,0.2,2484.06,7282.44,31.2,40.8,1,2,0
PROP-004198,18,0.1,3806.96,12551.36,15.5,21.1,0,1,0
PROP-004199,18,0.1,5863.05,4332.85,38.2,41.7,2,3,1
PROP-004200,41,0.8,8705.11,9628.05,14.1,25.3,2,1,0
PROP-004201,28,0.7,2694.5,5151.17,48.7,20.6,1,1,0
PROP-004202,18,0.1,9730.85,32397.77,41.5,21.8,3,3,1
PROP-004203,44,3.1,6744.97,21917.06,21.7,51.5,1,3,0
PROP-004204,63,4.0,8278.27,26316.59,32.2,39.0,3,1,0
PROP-004205,54,7.2,7915.34,12043.75,58.0,38.3,3,1,1
PROP-004206,34,2.6,3488.81,5594.31,26.5,74.7,0,2,0
PROP-004207,38,4.8,12915.89,36794.56,10.3,68.6,0,3,0
PROP-004208,48,6.1,9639.42,13196.56,33.6,7.0,2,3,0
PROP-004209,51,0.1,4647.47,7662.28,19.4,72.2,0,3,1
PROP-004210,33,1.0,10227.91,23279.41,59.3,44.7,1,2,1
PROP-004211,38,0.8,21335.16,50000.0,47.6,50.4,1,4,1
PROP-004212,41,3.0,8009.46,9392.77,18.5,72.3,3,3,0
PROP-004213,44,2.1,1412.0,2432.89,39.8,37.5,1,2,0
PROP-004214,36,2.2,1681.19,5733.77,52.4,47.0,1,3,1
PROP-004215,36,0.8,5296.0,6953.08,10.9,62.7,3,2,0
PROP-004216,54,3.3,2589.08,6931.88,29.7,42.9,1,2,0
PROP-004217,52,10.4,2883.5,5777.12,35.4,46.2,0,2,0
PROP-004218,43,4.4,5148.25,13243.45,28.0,49.7,0,3,0
PROP-004219,58,3.5,3570.77,7053.31,7.4,51.5,1,1,0
PROP-004220,33,1.9,7478.79,6467.74,35.6,39.4,3,2,0
PROP-004221,57,6.5,8066.71,10309.46,17.0,28.7,6,3,0
PROP-004222,44,2.1,2412.11,6643.17,13.0,5.0,0,0,0
PROP-004223,75,5.2,5300.81,18249.45,46.4,80.2,1,3,1
PROP-004224,23,3.5,3325.64,1865.74,44.1,55.3,2,2,0
PROP-004225,29,1.7,6900.76,8838.07,30.7,27.7,4,2,0
PROP-004226,43,1.3,3928.86,9175.25,40.2,11.0,0,4,0
PROP-004227,42,7.8,7829.95,22431.67,55.9,61.8,2,3,0
PROP-004228,61,15.2,4270.6,3112.99,24.9,45.2,2,1,0
PROP-004229,29,0.2,11466.92,27704.78,47.6,30.6,1,2,0
PROP-004230,48,6.0,5225.26,11753.3,25.0,33.0,1,1,0
PROP-004231,51,3.7,1779.55,3412.29,40.7,32.3,0,3,1
PROP-004232,46,2.7,6247.63,9349.65,46.1,11.9,0,1,0
PROP-004233,26,1.6,3715.14,6859.6,35.5,12.7,1,3,0
PROP-004234,54,4.7,1412.0,4290.61,18.7,22.4,0,1,0
PROP-004235,52,4.2,3659.21,9717.06,13.6,74.4,3,2,1
PROP-004236,45,0.5,6195.2,10446.12,34.4,4.7,2,5,1
PROP-004237,40,5.4,7087.56,6001.89,57.9,8.4,1,2,0
PROP-004238,40,6.2,6636.21,16593.48,20.8,36.7,0,2,0
PROP-004239,37,4.9,4396.14,14815.13,22.6,47.2,0,4,0
PROP-004240,45,2.7,3561.89,9438.68,9.4,30.6,0,1,0
PROP-004241,38,10.2,2583.24,3659.39,22.3,42.3,2,3,0
PROP-004242,27,1.7,7365.01,25188.3,21.2,12.3,1,4,0
PROP-004243,25,4.9,6778.59,5417.2,34.8,33.7,2,1,0
PROP-004244,28,7.0,3121.24,7150.29,41.4,55.8,2,1,0
PROP-004245,40,2.8,10776.06,12779.32,62.1,14.9,2,1,0
PROP-004246,37,1.6,7668.57,14536.42,34.0,45.7,0,3,0
PROP-004247,40,3.2,7728.46,13881.96,28.7,38.2,0,3,0
PROP-004248,44,0.6,4392.13,5514.79,47.3,53.1,2,5,0
PROP-004249,30,4.5,14859.41,36325.32,30.8,68.2,1,3,0
PROP-004250,55,3.1,2737.26,9524.74,11.7,35.8,0,1,0
PROP-004251,34,1.1,1412.0,4100.26,38.2,44.8,1,1,0
PROP-004252,32,3.8,7683.01,22899.98,26.4,33.7,0,6,1
PROP-004253,43,0.5,7940.41,10586.31,56.7,37.8,2,1,0
PROP-004254,18,0.1,7427.63,19381.16,25.3,53.5,1,1,1
PROP-004255,28,7.0,9392.73,20950.9,38.8,37.6,0,4,0
PROP-004256,49,0.1,8927.65,26398.95,3.2,44.3,1,1,0
PROP-004257,18,0.1,9212.73,11002.97,48.5,4.3,2,2,1
PROP-004258,51,7.3,5654.32,9865.86,58.8,44.7,0,0,0
PROP-004259,56,10.3,5656.63,8274.55,54.2,9.2,0,4,0
PROP-004260,33,0.6,4880.5,14245.75,35.5,23.2,3,2,0
PROP-004261,41,0.6,8551.93,22222.03,14.0,48.3,0,2,0
PROP-004262,51,12.7,2955.67,7364.43,17.0,33.8,0,1,0
PROP-004263,32,0.1,4126.63,8182.87,55.5,17.2,0,1,0
PROP-004264,48,5.9,2377.31,3654.41,22.1,28.1,0,2,0
PROP-004265,29,7.7,6608.75,17363.08,42.6,36.5,1,1,0
PROP-004266,32,2.1,11983.65,18962.46,9.5,14.4,1,3,1
PROP-004267,28,1.7,2744.38,6914.5,21.8,68.7,2,3,1
PROP-004268,42,0.8,1670.01,1082.04,70.6,43.5,1,0,0
PROP-004269,51,9.1,4305.95,6081.45,35.0,23.1,0,1,0
PROP-004270,35,2.1,5383.08,11107.3,14.2,12.6,1,3,0
PROP-004271,22,2.8,4057.34,11052.43,22.9,31.0,0,1,0
PROP-004272,25,4.4,2170.99,3040.17,10.1,26.6,0,1,0
PROP-004273,42,3.5,8637.14,19567.51,17.6,24.9,0,1,0
PROP-004274,60,8.4,5453.84,17152.71,16.7,55.0,1,4,0
PROP-004275,42,5.3,13146.21,23773.63,26.2,57.7,1,0,0
PROP-004276,33,2.0,7989.93,17483.78,34.1,51.6,1,1,0
PROP-004277,47,2.2,2687.95,1682.35,13.2,72.2,0,1,0
PROP-004278,35,3.9,5943.55,3846.23,22.1,54.7,0,1,0
PROP-004279,33,1.3,6364.84,6022.26,60.2,39.4,1,2,0
PROP-004280,26,3.7,11865.65,13812.6,62.4,12.7,1,3,0
PROP-004281,54,9.1,3155.51,4180.68,22.3,45.1,0,2,0
PROP-004282,18,0.1,2105.95,4647.37,11.6,14.2,1,1,0
PROP-004283,47,0.8,4544.05,7697.73,40.2,30.3,0,2,0
PROP-004284,32,2.9,3957.27,9181.48,37.2,57.5,0,3,0
PROP-004285,33,1.9,3894.69,2777.64,31.1,35.9,1,2,0
PROP-004286,58,7.9,5441.97,10033.99,15.3,28.4,0,1,0
PROP-004287,29,4.7,1412.0,1346.21,40.6,66.7,0,3,0
PROP-004288,29,1.6,2258.59,3509.64,55.8,43.4,0,1,1
PROP-004289,36,1.2,4795.69,6133.1,9.6,53.9,0,5,0
PROP-004290,42,2.3,4234.05,2799.6,27.6,7.3,0,2,0
PROP-004291,32,3.5,14798.61,39107.21,49.8,14.4,1,5,1
PROP-004292,19,0.7,4478.77,10682.76,42.1,37.0,0,1,0
PROP-004293,27,5.0,1972.41,1011.7,25.1,46.7,1,1,0
PROP-004294,53,1.3,2932.77,1888.56,12.4,26.6,0,1,0
PROP-004295,38,1.7,8067.59,14034.07,36.3,54.7,3,1,0
PROP-004296,43,0.9,3821.11,3472.26,24.3,1.1,2,0,0
PROP-004297,34,0.2,1412.0,2654.78,9.7,28.8,0,2,0
PROP-004298,30,4.4,6634.36,11059.58,3.0,50.3,0,0,0
PROP-004299,58,11.1,8847.45,20853.67,17.8,13.6,0,0,0
PROP-004300,35,2.0,4171.02,9488.26,30.9,73.4,0,4,1
PROP-004301,32,2.8,3200.87,4008.15,26.6,62.1,0,3,0
PROP-004302,51,4.4,7411.13,23523.21,28.2,13.0,3,6,0
PROP-004303,29,7.7,1412.0,1000.0,47.1,37.2,0,1,0
PROP-004304,30,0.3,7005.21,22354.9,8.5,25.0,0,2,0
PROP-004305,38,1.4,4557.44,3598.01,20.0,21.9,3,4,0
PROP-004306,38,4.8,7558.52,18907.45,31.8,59.9,3,1,0
PROP-004307,41,8.7,2255.95,5597.43,11.7,49.6,0,4,0
PROP-004308,63,3.3,4295.12,9487.54,27.9,61.9,0,2,0
PROP-004309,42,1.7,7974.84,18163.23,46.3,16.7,0,1,0
PROP-004310,18,0.1,6183.06,14345.31,53.6,26.7,3,2,1
PROP-004311,41,2.5,1412.0,3269.44,12.8,26.4,0,1,0
PROP-004312,38,1.1,7422.02,12333.02,23.7,26.7,2,5,1
PROP-004313,38,6.6,8431.59,14939.32,39.9,24.7,0,4,0
PROP-004314,40,5.2,5730.76,12444.99,42.7,18.7,0,2,1
PROP-004315,37,1.3,4641.33,12685.51,24.7,51.6,0,0,0
PROP-004316,37,4.3,8132.36,25902.67,6.5,14.3,0,0,0
PROP-004317,45,3.7,4792.51,12389.96,19.9,66.0,6,1,1
PROP-004318,31,0.1,1530.79,2433.7,41.3,54.5,1,4,1
PROP-004319,26,1.1,2862.56,4589.47,27.6,63.8,1,1,0
PROP-004320,74,0.8,11258.56,6917.43,25.6,37.3,0,2,0
PROP-004321,29,0.8,3860.74,12479.99,6.0,45.1,0,3,0
PROP-004322,39,1.0,5113.44,5831.45,25.9,29.9,1,2,1
PROP-004323,20,1.4,1633.23,4925.43,48.0,16.2,2,3,0
PROP-004324,39,1.8,6155.01,11510.61,21.4,67.1,0,1,1
PROP-004325,26,3.0,6388.59,3985.19,22.6,73.9,0,2,0
PROP-004326,32,6.9,17530.8,50000.0,9.9,34.3,1,5,0
PROP-004327,50,5.2,7216.43,22835.36,32.2,7.1,0,1,0
PROP-004328,43,0.7,7946.24,9485.09,27.2,34.8,0,2,0
PROP-004329,44,2.2,1493.06,1762.06,34.2,86.6,2,4,0
PROP-004330,18,0.1,3181.81,10084.43,31.9,8.6,0,0,0
PROP-004331,60,2.1,15840.64,12024.04,14.7,43.5,0,4,0
PROP-004332,23,1.9,7654.58,6198.73,30.1,21.4,2,2,0
PROP-004333,56,5.6,5944.92,8707.58,34.7,65.9,2,3,0
PROP-004334,50,4.3,13334.28,25284.23,28.4,14.8,0,0,0
PROP-004335,44,0.8,2689.49,4892.93,41.4,1.4,0,1,0
PROP-004336,27,2.8,5609.86,6827.42,13.9,69.5,3,5,0
PROP-004337,39,9.4,5979.65,12679.45,21.9,71.0,4,4,1
PROP-004338,32,4.5,4118.53,11759.03,30.4,7.1,0,2,0
PROP-004339,38,4.8,1900.31,4421.31,51.5,25.5,2,1,0
PROP-004340,35,1.6,10934.9,5482.18,8.9,33.7,0,3,0
PROP-004341,18,0.1,4718.34,14913.87,33.8,16.5,1,1,0
PROP-004342,51,4.4,5822.84,7343.63,51.4,9.1,2,2,0
PROP-004343,37,2.6,2952.38,2795.63,10.9,9.2,0,2,0
PROP-004344,32,9.8,2887.68,5004.69,64.4,36.5,1,3,0
PROP-004345,31,5.0,3648.2,9664.69,15.1,20.1,0,3,0
PROP-004346,42,16.5,3882.06,2766.6,17.0,22.1,1,1,0
PROP-004347,27,2.5,8718.16,24829.57,41.1,75.0,2,6,1
PROP-004348,18,0.1,5609.17,16533.49,10.6,38.2,0,1,0
PROP-004349,42,5.6,2458.51,3571.71,13.3,68.4,1,1,0
PROP-004350,44,1.6,1806.8,3954.9,18.6,43.3,3,0,0
PROP-004351,35,0.9,7814.65,19658.6,48.0,19.4,0,2,0
PROP-004352,24,0.3,8328.76,21385.85,55.2,13.0,0,2,0
PROP-004353,39,2.5,3703.94,5198.72,12.5,53.7,3,2,0
PROP-004354,20,0.1,3051.67,1867.91,18.2,70.7,2,2,0
PROP-004355,25,1.8,4594.92,12200.06,43.2,10.0,1,2,0
PROP-004356,28,0.5,4608.43,6982.26,26.6,37.7,0,1,0
PROP-004357,48,2.2,5264.16,12510.55,30.1,8.5,1,2,0
PROP-004358,33,1.1,8450.88,5321.66,35.7,54.5,0,1,1
PROP-004359,32,5.1,8051.09,6859.04,27.8,31.2,2,1,0
PROP-004360,61,0.4,7486.71,19051.12,33.7,29.8,4,0,0
PROP-004361,42,11.8,2418.24,1633.82,53.7,7.8,0,2,0
PROP-004362,42,0.3,6102.86,6586.44,50.7,42.4,3,6,1
PROP-004363,33,6.6,5440.89,10707.03,27.6,2.4,0,1,0
PROP-004364,30,0.2,2064.14,4626.39,60.7,33.6,1,3,0
PROP-004365,18,0.1,3554.56,1936.82,29.0,18.9,0,2,0
PROP-004366,49,2.0,5992.44,19565.48,10.6,28.9,0,1,0
PROP-004367,43,1.0,1902.09,3115.86,63.5,40.4,0,5,1
PROP-004368,35,0.6,3114.87,8020.49,62.4,48.9,1,1,0
PROP-004369,36,0.4,4704.61,3823.78,28.9,11.3,3,0,0
PROP-004370,46,8.6,3454.81,5401.33,12.0,69.7,0,2,0
PROP-004371,19,0.7,8508.65,5314.55,25.6,50.1,0,3,0
PROP-004372,30,2.1,6930.57,4639.84,57.2,4.0,1,1,0
PROP-004373,24,2.1,2030.48,6830.88,23.0,43.0,1,1,0
PROP-004374,59,6.4,2651.88,5936.02,18.7,54.5,0,3,0
PROP-004375,48,19.0,8822.79,16222.18,34.7,43.0,3,2,0
PROP-004376,18,0.1,6261.75,19874.96,30.5,35.2,0,4,0
PROP-004377,19,0.7,1412.0,3716.92,29.9,55.3,1,5,0
PROP-004378,36,3.3,10461.69,28938.62,18.6,86.3,0,3,0
PROP-004379,32,1.5,4487.34,12119.47,8.1,49.7,0,0,0
PROP-004380,22,2.8,4348.8,4085.8,26.9,47.1,2,5,1
PROP-004381,61,3.8,2614.9,8281.19,29.3,45.0,0,3,0
PROP-004382,41,0.8,9488.12,26517.6,23.4,8.7,0,4,0
PROP-004383,43,3.1,6075.97,19529.65,18.6,43.9,0,1,0
PROP-004384,29,4.4,4100.17,9613.32,17.2,58.7,0,2,1
PROP-004385,46,6.1,1412.0,4667.13,12.9,67.0,0,2,0
PROP-004386,33,3.5,3318.62,10820.88,23.0,15.7,0,2,0
PROP-004387,34,0.4,2313.86,7068.79,43.2,66.9,2,0,1
PROP-004388,45,0.3,3516.36,12045.55,20.1,31.7,2,2,0
PROP-004389,18,0.1,2614.15,4737.85,40.4,69.6,3,2,1
PROP-004390,57,0.9,7187.01,20733.4,38.0,35.6,4,2,0
PROP-004391,40,4.9,11261.55,8715.28,6.8,12.2,0,2,0
PROP-004392,53,4.0,4255.1,13120.9,10.0,60.2,0,2,0
PROP-004393,25,1.9,2220.72,4219.42,19.1,19.0,0,1,0
PROP-004394,26,4.3,3589.74,7132.17,40.9,92.6,3,2,1
PROP-004395,24,1.9,3412.98,9897.68,23.4,6.2,3,1,0
PROP-004396,41,7.9,11440.28,16963.26,22.6,19.6,0,2,0
PROP-004397,38,2.2,4561.22,11173.21,33.1,50.4,1,3,0
PROP-004398,32,8.8,10618.66,16262.81,44.5,40.8,1,1,0
PROP-004399,25,2.2,1901.33,5001.75,9.9,44.7,0,3,1
PROP-004400,22,2.8,4455.23,6881.31,9.7,44.6,1,1,0
PROP-004401,37,2.0,2382.51,3760.05,59.1,7.9,0,3,0
PROP-004402,32,0.1,4123.97,14417.31,26.5,69.8,3,3,0
PROP-004403,29,3.5,6011.63,3928.55,18.2,9.1,0,3,0
PROP-004404,56,0.1,1801.39,4180.08,28.0,68.2,1,1,0
PROP-004405,37,1.1,3204.25,5053.38,20.7,44.7,2,3,0
PROP-004406,53,1.0,3965.31,10567.49,43.3,5.4,0,1,0
PROP-004407,31,4.1,4970.09,4113.13,49.1,16.4,0,2,0
PROP-004408,40,4.6,1754.08,4894.27,36.6,20.0,0,0,0
PROP-004409,37,3.3,5685.78,11700.47,17.9,49.4,0,3,0
PROP-004410,18,0.1,5806.82,19498.01,61.6,57.2,2,5,1
PROP-004411,55,2.3,8076.49,5145.38,24.3,37.0,1,1,0
PROP-004412,36,1.0,1709.9,4984.64,22.3,42.2,3,1,1
PROP-004413,46,9.7,3668.79,5330.45,27.1,18.8,0,2,0
PROP-004414,28,7.0,4396.25,7566.3,50.1,44.4,1,0,0
PROP-004415,36,0.6,4977.44,2729.79,41.5,60.5,0,0,0
PROP-004416,27,3.6,4632.82,12493.84,60.7,18.1,4,2,1
PROP-004417,52,3.5,3181.32,4662.42,28.7,46.1,0,0,0
PROP-004418,41,3.8,4717.03,3015.09,30.4,20.0,0,2,0
PROP-004419,42,7.7,24742.81,50000.0,24.4,45.7,3,5,0
PROP-004420,54,2.9,6249.02,3251.84,15.8,80.2,0,2,0
PROP-004421,51,10.3,1756.92,2779.81,35.0,39.4,1,4,1
PROP-004422,47,0.1,11066.69,15390.47,26.9,72.6,5,2,1
PROP-004423,20,1.4,12012.27,18266.32,41.5,45.7,1,2,0
PROP-004424,29,3.4,7306.46,17133.09,41.3,50.6,0,1,0
PROP-004425,25,1.3,9668.9,14333.75,30.0,36.9,3,1,0
PROP-004426,46,0.1,18072.0,50000.0,60.7,56.1,2,1,1
PROP-004427,40,0.6,5278.61,4644.94,11.8,43.6,0,0,0
PROP-004428,21,0.6,8394.87,9723.99,18.8,17.1,0,2,0
PROP-004429,35,10.9,11083.85,34365.62,34.1,46.4,0,1,0
PROP-004430,20,1.4,2804.1,5318.72,20.7,22.6,0,1,0
PROP-004431,37,0.4,10987.17,29976.81,53.5,13.5,0,2,0
PROP-004432,18,0.1,5017.26,8885.46,26.5,78.7,0,2,0
PROP-004433,44,11.7,7947.34,20728.63,21.7,76.8,0,3,0
PROP-004434,42,2.0,7725.16,16396.34,17.3,42.2,2,2,0
PROP-004435,60,8.7,2968.66,3687.09,5.6,58.1,0,4,0
PROP-004436,48,0.8,10080.88,23294.52,8.4,56.8,2,3,0
PROP-004437,32,1.4,3428.87,4645.86,37.5,19.6,0,2,0
PROP-004438,47,4.8,5253.53,2646.51,19.2,81.2,0,4,1
PROP-004439,21,1.6,7329.31,22852.86,34.6,38.2,0,5,0
PROP-004440,26,3.4,6270.91,16298.82,6.2,17.2,0,2,0
PROP-004441,41,3.2,3165.59,10966.4,50.9,21.6,2,1,0
PROP-004442,18,0.1,2061.32,7209.76,39.2,47.8,2,5,0
PROP-004443,37,3.4,2710.02,5428.78,50.3,19.3,0,1,0
PROP-004444,25,4.9,6863.2,17533.32,29.6,46.6,3,1,0
PROP-004445,39,2.6,6136.33,5941.88,27.8,83.5,1,1,0
PROP-004446,25,1.8,3950.46,3347.09,26.4,60.8,0,0,0
PROP-004447,43,7.8,3871.59,5535.69,7.1,54.2,0,1,0
PROP-004448,38,2.7,3692.62,2321.15,24.0,40.3,3,1,0
PROP-004449,54,0.7,2311.46,1683.79,24.1,78.0,2,3,1
PROP-004450,38,5.1,7705.59,24501.52,6.6,57.6,1,3,0
PROP-004451,28,0.5,2290.4,7857.97,24.1,23.3,0,0,0
PROP-004452,35,0.2,4790.45,5003.33,41.6,59.2,0,3,0
PROP-004453,21,0.4,9545.03,12387.93,36.5,57.3,2,3,1
PROP-004454,42,4.3,4351.66,3913.43,35.1,38.2,2,3,1
PROP-004455,45,12.5,11498.27,36468.15,46.2,14.3,2,2,0
PROP-004456,67,8.7,2342.93,5432.33,49.4,28.9,0,3,0
PROP-004457,30,8.4,2004.65,6808.64,28.9,39.8,0,0,0
PROP-004458,34,0.7,1412.0,4865.51,44.5,6.7,0,1,0
PROP-004459,31,4.0,6996.73,9336.09,32.4,24.0,0,0,0
PROP-004460,40,0.5,1412.0,3834.27,46.0,45.3,0,2,0
PROP-004461,42,2.6,11543.51,29386.37,7.4,63.2,0,0,0
PROP-004462,37,1.0,12584.1,37293.49,33.5,73.3,2,1,0
PROP-004463,51,2.3,5218.95,10709.9,27.3,30.0,0,1,0
PROP-004464,30,1.0,2736.84,5672.54,15.5,41.7,4,1,1
PROP-004465,49,8.3,1459.87,1093.29,42.7,10.2,0,1,0
PROP-004466,44,7.9,5649.45,8034.65,19.6,58.3,0,1,0
PROP-004467,37,2.6,4402.85,13705.23,42.6,15.5,0,0,0
PROP-004468,34,11.2,5114.8,3887.02,16.6,19.5,1,0,0
PROP-004469,67,1.1,6133.23,3913.26,45.5,24.2,2,1,0
PROP-004470,28,0.4,2306.32,5207.82,23.3,45.1,0,1,0
PROP-004471,41,2.0,3901.77,4583.98,29.0,81.1,0,3,0
PROP-004472,28,3.3,4868.84,13244.56,46.2,31.6,2,2,1
PROP-004473,59,0.1,17457.89,50000.0,56.4,55.3,2,0,1
PROP-004474,48,0.8,7119.96,7443.81,33.4,14.8,3,1,0
PROP-004475,29,2.8,4864.58,16028.6,16.8,19.2,0,1,0
PROP-004476,44,9.0,2421.76,7895.2,32.5,84.0,5,2,1
PROP-004477,41,6.1,9581.27,24213.81,24.6,54.5,2,2,0
PROP-004478,31,9.1,12274.74,23800.84,15.0,71.7,0,1,0
PROP-004479,47,0.1,1801.19,1280.0,28.5,35.5,1,3,1
PROP-004480,42,6.7,1468.25,2768.22,39.6,25.0,1,6,0
PROP-004481,40,3.2,4613.41,14025.51,21.7,19.5,0,4,0
PROP-004482,37,1.7,3964.1,9495.02,25.1,49.0,1,1,0
PROP-004483,43,4.9,10415.7,31815.63,22.3,73.7,0,3,0
PROP-004484,40,7.1,2258.25,1182.12,16.8,54.3,2,2,0
PROP-004485,38,1.4,2523.33,6441.12,16.0,7.4,0,1,0
PROP-004486,30,4.2,1777.6,6111.14,40.5,34.5,2,0,0
PROP-004487,58,0.2,2438.37,6174.11,24.7,8.9,2,2,0
PROP-004488,25,0.6,4903.7,14825.48,19.9,27.6,0,3,0
PROP-004489,43,4.4,1784.35,1239.17,4.7,26.0,1,1,0
PROP-004490,34,2.2,31021.79,46377.17,29.1,12.2,0,0,0
PROP-004491,59,0.4,1412.0,1558.02,20.0,57.5,0,0,0
PROP-004492,27,1.8,3204.12,10761.2,5.4,23.3,0,2,0
PROP-004493,29,1.5,5107.49,11245.85,28.7,18.5,1,4,0
PROP-004494,26,5.1,9591.07,28753.02,51.9,19.8,0,1,0
PROP-004495,41,6.3,2415.67,7244.85,40.5,31.4,0,1,0
PROP-004496,21,2.1,1468.92,3122.15,38.0,59.2,3,2,0
PROP-004497,32,2.3,2399.72,6692.21,49.9,50.8,2,4,1
PROP-004498,18,0.1,13358.74,27722.86,27.3,50.4,0,2,0
PROP-004499,40,3.2,1412.0,1147.11,32.4,49.7,2,1,0
PROP-004500,31,3.1,8319.97,18332.02,49.4,69.1,2,2,0
PROP-004501,20,1.4,5276.75,7488.12,26.0,58.6,0,4,0
PROP-004502,51,1.0,5652.27,15555.95,25.3,43.3,0,0,0
PROP-004503,22,2.8,9131.73,29551.19,14.6,22.5,0,1,0
PROP-004504,47,6.1,2841.42,6417.42,13.9,20.8,0,0,0
PROP-004505,29,1.8,7994.76,19378.09,37.6,19.1,0,1,0
PROP-004506,57,3.0,4888.44,13456.4,30.5,34.9,0,0,0
PROP-004507,46,2.4,2020.05,5661.61,17.7,58.1,1,4,0
PROP-004508,25,1.0,4204.42,9966.94,58.2,25.0,0,2,1
PROP-004509,26,0.3,4332.43,10978.91,38.0,10.9,0,2,0
PROP-004510,45,1.3,1412.0,2625.86,22.1,44.6,0,2,0
PROP-004511,34,5.8,2468.67,8592.72,10.4,66.1,0,2,0
PROP-004512,35,0.9,5955.65,19524.0,27.5,34.1,0,3,0
PROP-004513,53,2.2,4854.42,11093.89,52.9,72.6,1,4,1
PROP-004514,29,0.3,8354.13,4349.74,44.7,7.4,3,2,0
PROP-004515,39,0.3,9622.47,19557.67,10.5,45.9,3,2,0
PROP-004516,49,4.0,2602.55,6529.86,31.0,19.2,0,2,0
PROP-004517,47,4.4,2856.11,5420.94,11.5,26.7,0,1,0
PROP-004518,36,8.6,1728.61,1392.9,21.1,29.4,0,2,0
PROP-004519,34,4.8,6038.57,9024.6,47.2,43.8,0,4,0
PROP-004520,18,0.1,3202.64,7411.75,25.0,37.5,0,2,0
PROP-004521,25,1.4,8955.45,29715.94,32.8,15.4,0,0,0
PROP-004522,41,3.1,8285.41,14901.84,14.7,30.8,1,0,0
PROP-004523,36,6.5,5973.25,12800.51,35.3,55.9,0,2,0
PROP-004524,38,1.3,3414.08,5265.71,14.1,72.6,1,3,1
PROP-004525,50,5.2,8565.43,26358.72,20.9,3.9,0,1,0
PROP-004526,23,3.5,4440.55,14739.78,17.5,40.5,3,1,0
PROP-004527,35,0.3,5135.9,16093.35,29.9,52.3,1,1,0
PROP-004528,40,4.7,1412.0,1419.69,43.9,35.5,0,5,0
PROP-004529,29,7.7,5582.33,9558.53,3.0,4.3,1,2,0
PROP-004530,55,0.4,4563.61,5390.16,37.5,49.6,1,2,0
PROP-004531,48,8.3,4149.19,6962.43,48.4,24.0,2,3,0
PROP-004532,41,3.7,3127.07,7971.41,3.9,69.9,0,0,0
PROP-004533,59,7.1,1760.17,3297.88,53.4,9.3,0,0,0
PROP-004534,20,1.4,4289.45,5852.03,12.1,15.6,2,1,0
PROP-004535,37,1.5,1412.0,1159.14,30.5,12.8,0,1,0
PROP-004536,42,8.2,3864.81,6704.71,20.6,42.1,0,0,0
PROP-004537,27,6.3,3162.69,3238.76,50.8,59.1,0,3,0
PROP-004538,41,3.2,9756.71,23237.49,25.2,37.2,0,7,1
PROP-004539,24,3.5,13651.84,15744.97,28.1,28.3,0,1,0
PROP-004540,46,4.4,1781.74,3408.15,36.8,27.5,0,1,0
PROP-004541,50,3.4,7108.52,17842.82,28.2,30.0,4,0,1
PROP-004542,41,3.4,2975.79,1600.6,20.7,50.7,0,1,0
PROP-004543,18,0.1,3336.51,7143.27,21.9,17.0,0,3,0
PROP-004544,26,5.6,3301.27,10080.62,30.3,11.8,0,3,0
PROP-004545,44,6.6,9676.45,22177.26,35.7,18.4,4,1,1
PROP-004546,38,3.4,4140.74,5438.51,28.4,37.3,0,3,0
PROP-004547,18,0.1,5716.36,11426.58,49.7,46.7,1,2,1
PROP-004548,52,6.2,1627.93,5567.11,21.8,29.9,0,1,0
PROP-004549,39,11.8,2231.18,1340.06,47.8,20.2,2,0,0
PROP-004550,28,0.3,3181.04,8731.35,30.1,68.2,0,6,1
PROP-004551,49,3.5,4441.18,10085.05,47.9,71.9,2,1,1
PROP-004552,29,4.7,6640.9,18712.38,29.9,11.2,0,1,0
PROP-004553,29,7.7,3123.01,3134.7,30.0,33.7,0,3,0
PROP-004554,42,1.0,10289.62,11943.82,52.2,32.1,0,3,0
PROP-004555,59,1.3,3763.84,12541.35,41.6,7.3,3,3,0
PROP-004556,57,0.2,2932.05,8313.36,9.9,36.3,0,4,0
PROP-004557,42,3.4,7443.45,21829.42,51.0,48.8,1,3,0
PROP-004558,43,3.1,6788.31,10442.03,44.1,57.9,1,3,1
PROP-004559,47,4.2,1509.6,3118.14,7.7,24.0,2,1,0
PROP-004560,22,1.1,11492.03,11428.11,40.4,46.2,0,3,0
PROP-004561,45,3.2,3199.56,2214.33,20.9,45.5,2,3,0
PROP-004562,29,7.7,3892.13,11482.0,17.0,26.9,3,1,0
PROP-004563,41,9.5,2614.49,2090.35,19.7,54.9,0,0,0
PROP-004564,35,4.0,3422.38,2252.23,52.4,48.2,0,2,1
PROP-004565,44,3.7,1581.13,2308.89,10.4,14.6,0,0,0
PROP-004566,39,4.8,5282.67,17521.41,25.7,28.6,0,4,0
PROP-004567,18,0.1,3021.43,7677.45,38.7,29.7,1,3,1
PROP-004568,40,12.7,3664.59,7769.35,47.8,77.3,1,3,0
PROP-004569,45,6.5,7974.32,4693.78,50.5,41.3,0,1,0
PROP-004570,43,5.9,5793.25,7859.05,28.1,42.2,0,2,0
PROP-004571,36,2.1,4394.73,5101.3,8.1,58.3,0,2,0
PROP-004572,57,0.1,14342.72,44378.75,53.3,34.8,1,4,0
PROP-004573,41,0.8,2181.53,4370.81,31.2,22.5,0,1,0
PROP-004574,43,2.0,4582.1,10507.48,13.8,41.4,0,2,0
PROP-004575,50,6.4,9434.88,24947.29,54.9,29.3,2,4,0
PROP-004576,42,4.3,10990.13,32413.59,61.0,74.2,0,3,0
PROP-004577,27,0.8,1811.47,4636.33,41.0,22.4,0,1,1
PROP-004578,18,0.1,2833.75,5917.95,7.8,6.0,0,0,0
PROP-004579,32,1.2,8715.94,18037.66,35.3,50.1,3,0,1
PROP-004580,47,0.1,3328.57,5902.25,30.7,42.3,1,2,1
PROP-004581,33,4.2,4559.8,4850.07,13.7,86.9,0,2,0
PROP-004582,47,1.7,3293.0,3069.51,22.9,68.7,0,3,0
PROP-004583,39,0.8,4374.16,8848.9,33.8,32.6,1,3,0
PROP-004584,53,2.0,1412.0,4371.64,25.6,20.5,0,2,0
PROP-004585,34,1.1,3504.79,3534.53,51.7,9.7,0,0,0
PROP-004586,43,1.0,4257.6,2699.31,10.6,47.5,1,1,0
PROP-004587,44,1.4,3374.99,8631.59,5.4,50.9,3,0,0
PROP-004588,56,15.1,4743.19,8933.69,61.0,11.5,0,4,0
PROP-004589,18,0.1,2000.98,1094.41,3.2,38.8,0,0,0
PROP-004590,32,2.7,5228.73,17146.82,32.3,67.3,0,3,0
PROP-004591,48,8.6,11957.75,24599.0,17.4,36.0,0,1,0
PROP-004592,56,4.2,9653.02,16617.7,30.9,5.7,0,2,0
PROP-004593,40,2.1,6782.96,20177.51,34.6,55.2,0,3,0
PROP-004594,34,5.0,5203.31,6596.89,36.1,28.8,0,5,0
PROP-004595,47,2.9,2899.53,6017.32,32.7,14.4,0,1,0
PROP-004596,48,0.6,3303.1,2319.77,28.0,53.4,0,2,0
PROP-004597,33,3.9,7467.96,15625.55,35.3,48.5,0,5,1
PROP-004598,41,2.9,4076.24,13079.62,38.7,9.6,0,0,0
PROP-004599,52,13.1,15802.5,42994.73,12.1,21.5,0,3,0
PROP-004600,60,5.1,1558.53,4444.9,48.3,31.3,1,2,0
PROP-004601,46,8.4,3922.17,8151.83,22.3,40.2,0,1,0
PROP-004602,38,3.7,3175.24,3005.91,26.9,72.4,0,1,0
PROP-004603,37,1.1,7080.77,22546.2,22.4,17.6,0,3,0
PROP-004604,44,2.5,8050.06,25992.78,19.8,46.2,0,1,0
PROP-004605,36,2.3,2053.91,2180.09,38.7,21.1,0,3,0
PROP-004606,40,4.3,1988.12,6886.76,13.7,13.4,0,1,0
PROP-004607,25,3.7,2795.55,2359.53,37.6,20.7,2,3,0
PROP-004608,53,12.6,6182.59,6483.99,13.2,49.5,0,0,0
PROP-004609,24,2.8,5779.27,13794.32,18.3,19.8,0,2,0
PROP-004610,32,2.3,1671.19,2307.98,15.7,17.2,0,3,0
PROP-004611,39,2.3,5304.29,6535.88,36.6,19.5,0,4,0
PROP-004612,61,9.9,4890.29,15288.15,47.2,47.7,2,3,0
PROP-004613,32,5.9,4293.03,10556.0,48.7,9.8,0,2,0
PROP-004614,30,0.3,6330.67,8858.27,17.6,28.4,1,3,0
PROP-004615,31,0.6,5096.75,9877.98,38.4,21.4,3,0,1
PROP-004616,57,8.4,4668.24,10271.46,58.8,54.0,3,2,0
PROP-004617,18,0.1,8953.62,22225.35,50.1,33.5,3,4,1
PROP-004618,25,1.0,11126.69,6113.13,8.9,41.8,0,1,0
PROP-004619,70,1.0,3477.28,10516.34,46.9,12.0,1,2,0
PROP-004620,45,2.1,4280.25,13591.63,15.4,47.0,0,1,0
PROP-004621,24,4.2,6655.58,18809.43,22.8,45.8,2,2,0
PROP-004622,37,2.1,3971.47,11033.99,21.5,30.6,0,1,0
PROP-004623,38,11.2,6752.72,15727.78,9.2,56.7,0,4,0
PROP-004624,48,4.6,4805.93,3098.64,57.1,20.9,0,5,0
PROP-004625,60,1.9,7085.17,24246.02,9.5,59.2,0,2,0
PROP-004626,42,0.3,6651.98,19206.61,29.8,6.1,4,3,1
PROP-004627,31,8.0,4228.44,4557.25,23.4,16.1,0,1,0
PROP-004628,47,4.0,7616.31,8301.67,28.6,58.0,0,3,0
PROP-004629,29,2.1,6817.51,17030.63,43.6,69.9,2,1,0
PROP-004630,25,4.9,17875.91,48050.2,36.3,41.0,1,0,0
PROP-004631,18,0.1,1477.58,2830.95,28.9,80.9,0,1,0
PROP-004632,19,0.7,6631.89,14828.63,47.1,36.4,0,1,0
PROP-004633,27,0.1,8314.75,17118.3,14.8,52.1,0,1,0
PROP-004634,23,1.4,16922.87,50000.0,30.5,14.3,0,2,0
PROP-004635,41,2.4,3265.22,10486.94,47.3,32.9,0,3,1
PROP-004636,23,1.0,4753.65,15526.88,20.2,8.0,0,2,0
PROP-004637,18,0.1,3373.27,1737.28,35.9,54.7,3,0,1
PROP-004638,25,1.5,12919.24,41206.3,21.9,10.4,0,3,0
PROP-004639,32,2.1,2802.3,2179.65,32.2,61.0,1,4,1
PROP-004640,30,8.4,3314.55,11327.06,28.8,32.4,0,0,0
PROP-004641,56,6.3,1857.52,1500.88,30.4,24.1,0,2,0
PROP-004642,30,3.0,1412.0,4095.9,15.3,53.8,0,1,0
PROP-004643,48,0.1,4465.27,2403.91,3.0,47.0,0,1,0
PROP-004644,37,2.5,4182.54,7561.12,50.2,49.3,3,6,1
PROP-004645,37,0.7,3871.98,10621.9,26.6,8.7,0,3,0
PROP-004646,27,3.2,6413.88,12421.84,13.7,15.2,0,2,0
PROP-004647,37,2.5,7053.97,6598.42,30.5,28.0,2,1,0
PROP-004648,28,3.0,2945.26,3962.33,44.2,37.8,0,1,0
PROP-004649,40,8.1,4617.39,15780.77,24.5,25.2,4,0,1
PROP-004650,35,3.9,4146.67,12825.76,24.3,5.6,0,4,0
PROP-004651,26,5.6,4456.18,9009.23,15.7,29.9,2,2,0
PROP-004652,49,3.7,10900.89,26842.5,13.7,44.4,0,2,0
PROP-004653,43,3.1,5695.9,8326.98,19.6,19.4,0,3,0
PROP-004654,32,4.3,8280.84,24659.45,35.4,64.1,3,0,1
PROP-004655,39,4.0,3930.23,6006.93,13.3,17.9,0,2,0
PROP-004656,36,1.3,2247.81,1706.3,15.7,18.6,1,1,0
PROP-004657,27,1.1,8460.38,12162.21,10.3,19.6,0,1,0
PROP-004658,38,1.0,6894.4,6927.8,31.4,16.0,0,2,0
PROP-004659,30,2.3,3344.33,4410.41,26.7,11.3,0,1,0
PROP-004660,26,0.1,3987.94,12569.48,23.0,1.0,0,0,0
PROP-004661,18,0.1,6174.86,9411.1,22.0,55.2,0,3,0
PROP-004662,33,3.3,5526.04,10165.96,18.8,45.5,0,3,0
PROP-004663,44,0.1,4122.5,2299.09,32.5,29.6,2,3,0
PROP-004664,29,3.9,2306.47,7542.73,20.9,75.3,0,4,0
PROP-004665,68,0.6,13992.0,29610.48,15.2,37.4,0,1,0
PROP-004666,48,6.0,4425.97,14142.04,21.9,21.8,0,2,0
PROP-004667,53,13.9,8864.08,27846.62,52.2,35.1,0,1,0
PROP-004668,47,3.2,1412.0,2726.36,33.4,70.9,4,0,0
PROP-004669,60,5.7,2119.8,2860.6,42.5,83.3,1,4,0
PROP-004670,28,2.5,8620.14,10183.97,26.4,24.7,1,2,0
PROP-004671,18,0.1,3977.76,4311.81,21.4,12.5,0,2,0
PROP-004672,32,6.6,8369.82,23828.86,49.3,28.2,0,0,0
PROP-004673,44,3.7,3120.17,2206.69,34.5,34.7,2,1,0
PROP-004674,39,1.3,4107.63,7623.29,19.5,53.5,1,3,0
PROP-004675,41,5.1,2818.21,9732.29,29.9,14.8,4,2,1
PROP-004676,53,0.9,7997.8,7845.04,23.8,23.0,1,4,0
PROP-004677,42,0.9,3643.6,11581.68,44.8,19.4,0,3,1
PROP-004678,47,0.9,7322.35,19087.18,24.2,16.8,0,1,0
PROP-004679,26,0.1,10991.26,18172.16,41.3,61.1,0,3,1
PROP-004680,24,3.4,3940.59,9511.27,35.4,73.3,1,3,0
PROP-004681,57,4.2,4206.03,14677.63,38.6,38.6,2,1,0
PROP-004682,39,2.4,3262.95,4054.34,26.0,21.5,1,2,0
PROP-004683,30,7.4,14634.53,31372.85,13.9,63.8,0,2,1
PROP-004684,30,8.1,4169.05,4473.8,32.9,22.0,2,2,0
PROP-004685,30,4.0,3861.82,2642.56,19.1,21.3,0,2,0
PROP-004686,29,3.0,2281.14,7542.69,62.0,82.4,1,6,1
PROP-004687,22,1.3,3186.93,8301.09,38.8,21.6,0,0,0
PROP-004688,19,0.7,3413.21,5043.43,36.3,60.1,0,4,0
PROP-004689,35,4.0,8582.03,27467.89,40.7,56.6,4,4,1
PROP-004690,30,8.4,3716.82,4488.92,6.5,29.3,0,2,0
PROP-004691,51,0.1,3584.53,6822.34,26.6,20.5,2,0,0
PROP-004692,41,1.4,7037.8,15770.61,16.9,6.3,0,3,1
PROP-004693,41,1.7,4524.15,6639.01,3.6,27.0,0,0,0
PROP-004694,29,0.3,2317.82,6229.47,52.4,25.9,1,1,0
PROP-004695,36,1.3,11286.07,14647.22,32.1,23.7,1,3,0
PROP-004696,42,1.3,3193.71,6941.94,43.3,48.6,3,5,1
PROP-004697,46,2.2,5273.18,4189.29,21.2,59.6,0,3,0
PROP-004698,36,6.3,5820.49,2992.37,15.9,95.1,2,1,0
PROP-004699,50,3.2,1412.0,3182.35,23.3,27.2,0,2,0
PROP-004700,38,5.5,3656.03,5179.02,37.7,33.8,2,3,1
PROP-004701,47,10.5,3122.33,6275.71,37.8,10.7,0,2,0
PROP-004702,32,9.8,2180.82,5554.35,17.4,22.9,0,4,1
PROP-004703,18,0.1,4135.63,3317.26,17.6,56.7,2,0,0
PROP-004704,41,4.6,4766.84,12873.34,16.0,51.9,2,6,1
PROP-004705,46,1.6,6144.02,16854.61,32.8,25.1,0,3,0
PROP-004706,44,1.9,4751.54,3229.51,15.0,8.5,1,0,0
PROP-004707,43,1.6,4319.64,14540.54,45.4,72.0,0,7,1
PROP-004708,33,3.8,11618.5,36102.96,30.4,61.3,1,2,0
PROP-004709,28,2.9,3603.48,4212.85,37.9,42.7,0,3,0
PROP-004710,44,0.7,1623.64,1000.0,3.9,21.0,0,2,0
PROP-004711,43,6.7,2728.88,8930.47,36.3,8.3,0,2,0
PROP-004712,31,8.9,8732.5,9888.6,59.7,12.3,0,2,0
PROP-004713,51,5.4,3938.94,8580.36,22.0,49.1,1,2,1
PROP-004714,27,0.1,2626.67,5982.88,37.4,21.2,0,5,0
PROP-004715,30,8.4,6854.07,16783.29,9.3,81.4,3,2,1
PROP-004716,57,3.1,11329.01,38376.23,52.7,79.3,1,1,0
PROP-004717,48,2.0,3978.6,12069.43,34.8,30.8,0,3,0
PROP-004718,33,2.5,6570.04,6244.05,35.0,35.9,0,2,0
PROP-004719,41,2.5,10789.19,11277.73,27.3,16.5,1,0,0
PROP-004720,39,1.3,15541.72,13595.55,5.0,41.0,0,1,0
PROP-004721,18,0.1,6255.91,10452.3,34.9,64.2,0,2,0
PROP-004722,27,6.3,4327.79,14277.89,7.8,21.5,0,1,0
PROP-004723,37,1.8,4295.39,8648.15,44.4,11.0,3,2,0
PROP-004724,33,0.1,1412.0,3304.92,25.3,18.9,3,4,1
PROP-004725,40,7.5,2073.39,5404.83,7.6,32.5,0,2,0
PROP-004726,51,1.4,6031.99,17415.63,52.7,62.2,1,3,1
PROP-004727,34,1.1,21513.77,50000.0,42.8,51.4,0,2,1
PROP-004728,25,4.9,3177.11,9500.81,27.4,62.3,1,3,1
PROP-004729,41,3.1,3907.32,5457.02,24.4,6.3,0,1,0
PROP-004730,34,5.9,5737.97,3075.15,39.7,39.8,2,5,1
PROP-004731,36,8.5,11455.71,17903.24,35.5,67.8,1,3,0
PROP-004732,34,2.0,2714.81,6794.37,16.0,55.1,1,0,0
PROP-004733,64,1.1,3420.81,5455.94,6.8,39.7,0,2,0
PROP-004734,18,0.1,4538.53,4541.22,26.6,69.7,0,5,0
PROP-004735,33,0.3,4905.79,6223.67,4.7,28.4,2,0,0
PROP-004736,37,4.8,5084.57,13629.56,69.5,52.5,2,10,0
PROP-004737,28,7.0,5690.09,14904.92,75.7,1.8,2,1,0
PROP-004738,48,1.4,6423.26,12973.0,46.8,56.9,0,2,0
PROP-004739,47,7.9,5557.1,16079.01,35.6,29.4,0,3,0
PROP-004740,37,1.2,4547.5,2716.45,22.2,14.8,1,2,0
PROP-004741,34,3.5,1992.59,2075.19,24.0,31.2,0,2,0
PROP-004742,36,2.6,2086.86,5403.62,38.2,67.0,3,5,1
PROP-004743,36,1.4,2916.58,1905.65,66.4,34.7,3,2,1
PROP-004744,37,2.8,9008.43,10633.64,37.4,76.2,0,2,0
PROP-004745,35,2.0,10711.59,7518.93,35.3,5.6,0,1,0
PROP-004746,41,5.8,2044.34,5046.32,18.6,4.1,0,0,0
PROP-004747,47,5.8,8070.26,6663.69,9.2,1.4,2,0,0
PROP-004748,23,3.5,1781.53,1392.95,13.9,47.1,0,3,0
PROP-004749,25,3.9,6630.62,13054.58,8.1,65.3,0,1,0
PROP-004750,18,0.1,3511.92,6800.32,48.5,17.1,3,2,0
PROP-004751,48,1.3,1412.0,4929.26,23.3,47.5,1,1,0
PROP-004752,41,0.1,2501.8,8497.43,19.7,37.4,2,3,0
PROP-004753,44,1.6,3221.76,3500.2,12.5,70.8,1,3,0
PROP-004754,20,1.4,5986.26,16031.47,9.9,11.3,3,1,0
PROP-004755,59,5.2,4472.33,15402.67,19.1,32.2,2,0,0
PROP-004756,30,0.9,4273.34,3341.06,19.8,51.6,1,3,0
PROP-004757,40,3.0,3874.17,2031.21,18.2,23.8,0,1,0
PROP-004758,48,1.0,8321.65,10591.38,35.4,52.1,0,0,0
PROP-004759,26,1.6,2515.52,1285.87,47.2,17.1,0,0,0
PROP-004760,31,5.5,6293.57,19290.48,15.3,5.2,0,2,0
PROP-004761,40,0.8,19292.15,15498.34,43.5,16.5,0,0,0
PROP-004762,72,12.8,6338.92,12580.08,34.5,41.9,2,5,0
PROP-004763,41,3.5,6204.43,11853.77,33.8,33.3,1,4,1
PROP-004764,57,4.4,3080.9,7444.07,34.6,65.0,1,2,0
PROP-004765,52,2.8,15554.28,35172.02,9.7,62.4,2,3,1
PROP-004766,42,0.3,2835.66,8415.55,17.4,24.7,1,2,0
PROP-004767,26,0.7,4343.96,7400.75,19.4,42.7,2,1,0
PROP-004768,50,8.1,1412.0,4578.93,29.1,35.2,2,1,0
PROP-004769,20,0.3,3078.25,4934.2,38.0,71.8,1,5,1
PROP-004770,57,0.8,7166.51,14382.07,60.6,60.8,1,3,1
PROP-004771,40,0.3,4194.08,12750.38,46.8,25.3,2,3,1
PROP-004772,18,0.1,8532.33,16183.36,11.9,10.3,0,0,0
PROP-004773,33,1.1,5138.6,8118.69,44.2,50.0,0,2,0
PROP-004774,45,1.1,6097.23,20284.25,16.5,40.7,2,3,0
PROP-004775,35,0.4,8257.61,19489.05,24.2,28.3,1,5,1
PROP-004776,46,4.4,1754.26,3867.49,30.0,39.8,2,2,0
PROP-004777,27,0.1,7511.82,22535.61,28.8,28.5,0,1,0
PROP-004778,22,0.8,3622.83,3988.65,23.1,22.7,0,3,0
PROP-004779,37,0.1,3388.16,4691.16,30.6,13.6,2,4,1
PROP-004780,38,6.9,2369.36,4357.51,27.7,51.1,0,0,0
PROP-004781,33,3.0,5927.78,7274.82,25.5,22.8,0,2,0
PROP-004782,52,7.7,4893.86,15970.05,60.0,26.7,0,4,0
PROP-004783,27,3.4,7495.22,21599.6,23.5,31.5,1,1,0
PROP-004784,41,5.1,1788.11,3267.61,49.6,62.5,0,2,0
PROP-004785,38,14.0,8488.66,9859.75,7.2,47.8,1,0,0
PROP-004786,19,0.7,6123.7,20866.96,15.9,14.5,0,1,0
PROP-004787,22,2.8,2651.23,4618.87,34.2,66.8,1,2,0
PROP-004788,38,0.5,8230.0,27788.68,27.6,50.4,2,5,1
PROP-004789,61,3.9,5687.7,13682.77,34.5,21.4,0,2,0
PROP-004790,44,11.9,2087.6,1208.1,18.6,29.5,0,3,0
PROP-004791,18,0.1,4972.0,6025.57,3.3,35.1,0,1,1
PROP-004792,18,0.1,1412.0,1000.0,33.1,53.1,0,0,0
PROP-004793,46,1.3,6736.9,16871.53,3.2,38.0,0,2,0
PROP-004794,36,0.1,2997.91,3349.66,10.6,61.3,0,3,0
PROP-004795,51,1.5,1646.19,3481.04,25.9,11.9,0,0,0
PROP-004796,27,1.7,1412.0,1050.11,31.5,68.9,1,1,0
PROP-004797,42,11.7,5346.11,3645.03,51.1,57.9,0,5,1
PROP-004798,48,2.4,4111.99,3158.45,41.1,56.8,3,0,0
PROP-004799,32,9.8,3648.28,9531.34,25.4,55.1,0,1,0
PROP-004800,32,3.1,5166.81,14408.43,43.4,56.1,2,4,0
PROP-004801,38,0.5,4478.17,4824.78,34.9,6.3,0,0,0
PROP-004802,44,0.3,6927.25,23010.56,51.9,61.1,0,3,0
PROP-004803,37,1.9,4414.13,13132.94,12.7,10.6,0,0,0
PROP-004804,49,5.5,3345.85,8049.55,11.3,78.4,0,5,0
PROP-004805,32,0.9,3381.29,5146.18,31.8,48.5,0,1,0
PROP-004806,22,2.8,5059.33,4352.02,34.5,21.6,3,1,0
PROP-004807,61,14.9,5867.44,15976.19,50.1,39.3,0,3,0
PROP-004808,30,8.4,3114.87,7661.79,40.8,8.6,0,0,0
PROP-004809,31,4.9,3332.21,10473.14,46.1,47.4,0,4,0
PROP-004810,37,0.5,5214.08,15984.87,34.4,51.6,0,3,0
PROP-004811,38,0.2,5403.94,12486.98,34.1,31.9,0,4,0
PROP-004812,33,0.6,2537.16,7742.41,48.4,31.6,4,2,1
PROP-004813,37,1.6,2071.22,6862.36,30.6,34.9,1,4,0
PROP-004814,37,3.8,4590.82,9301.28,32.2,18.4,0,5,0
PROP-004815,40,2.2,5920.32,7299.19,15.3,2.1,2,1,0
PROP-004816,18,0.1,5239.79,11372.57,11.6,29.4,2,2,0
PROP-004817,60,2.8,1924.57,2099.09,9.0,47.5,3,1,0
PROP-004818,36,4.4,5432.12,9945.14,7.5,16.3,3,1,0
PROP-004819,44,2.1,7464.11,22324.93,16.6,16.4,0,2,0
PROP-004820,21,1.5,3435.37,2257.21,27.9,15.9,1,3,0
PROP-004821,32,9.8,2998.43,5614.35,35.8,58.8,0,2,1
PROP-004822,29,1.3,9011.89,12494.69,19.5,61.5,0,1,0
PROP-004823,55,0.9,8435.07,22234.31,25.3,31.3,2,2,1
PROP-004824,30,3.3,2533.98,4911.02,21.0,5.2,0,1,0
PROP-004825,47,0.1,5008.85,11747.51,50.9,24.5,0,1,0
PROP-004826,30,0.9,2311.05,3699.44,52.2,27.0,0,2,0
PROP-004827,32,0.7,5766.7,14626.22,7.0,20.1,3,0,1
PROP-004828,35,3.7,3329.04,9567.69,7.9,21.8,0,2,0
PROP-004829,53,0.1,2455.38,2901.98,23.7,26.1,0,2,0
PROP-004830,18,0.1,1889.78,4431.66,61.8,84.6,3,4,1
PROP-004831,22,2.0,9387.44,10403.99,3.0,57.4,2,1,0
PROP-004832,18,0.1,3360.1,8700.16,19.4,58.1,0,2,0
PROP-004833,24,1.6,29790.21,50000.0,14.2,82.9,0,0,0
PROP-004834,28,1.9,10443.54,15763.76,23.3,23.8,0,0,1
PROP-004835,18,0.1,9703.23,20285.05,7.5,19.2,0,4,0
PROP-004836,29,1.3,1412.0,4341.77,23.4,22.1,0,1,0
PROP-004837,18,0.1,4125.38,11440.92,24.8,3.7,2,1,1
PROP-004838,25,0.9,1412.0,3092.96,43.9,27.4,0,1,0
PROP-004839,52,9.1,5911.05,7248.3,13.4,41.2,0,3,0
PROP-004840,42,0.4,4301.75,11235.12,47.3,47.1,1,1,0
PROP-004841,40,4.1,10856.27,32962.94,25.6,24.2,0,3,0
PROP-004842,25,4.9,2369.29,6010.9,14.9,64.3,3,0,0
PROP-004843,19,0.1,5895.07,17894.64,18.3,18.1,0,3,0
PROP-004844,24,2.0,4550.26,8039.16,39.9,57.6,4,2,1
PROP-004845,37,1.8,4376.44,13199.65,40.4,89.5,1,5,1
PROP-004846,48,1.5,7132.71,20491.61,10.4,76.6,0,3,0
PROP-004847,48,7.5,5961.39,8001.92,16.0,29.0,1,1,0
PROP-004848,45,4.8,7503.58,15796.62,45.4,55.1,1,3,0
PROP-004849,29,0.1,6158.53,9749.85,64.0,8.9,1,3,0
PROP-004850,38,1.1,5554.32,5237.14,55.5,27.1,0,1,0
PROP-004851,34,1.5,2845.89,5413.21,18.8,14.1,0,0,0
PROP-004852,35,11.9,3694.73,6591.61,36.9,84.3,0,2,0
PROP-004853,62,5.2,2382.85,1675.9,29.1,17.0,0,2,0
PROP-004854,18,0.1,3717.23,3326.76,26.4,22.8,0,3,0
PROP-004855,35,1.6,5812.11,12409.43,58.2,54.2,2,4,1
PROP-004856,52,0.4,1885.64,3137.62,19.2,15.9,0,0,0
PROP-004857,20,0.9,7158.36,10474.08,28.8,47.6,0,2,0
PROP-004858,30,2.6,3798.66,7428.04,42.1,41.1,2,3,1
PROP-004859,31,9.1,4086.28,2454.98,37.7,54.4,1,1,1
PROP-004860,35,2.7,4396.76,14638.39,6.6,3.8,0,0,0
PROP-004861,18,0.1,4942.02,4049.88,44.4,50.1,2,4,1
PROP-004862,45,8.9,1412.0,4314.6,49.8,57.1,1,5,0
PROP-004863,45,2.2,4188.09,8316.26,29.7,44.5,3,0,0
PROP-004864,44,3.8,2925.11,6454.09,45.1,62.6,1,2,0
PROP-004865,27,5.9,3800.24,13085.74,52.5,59.3,0,5,0
PROP-004866,39,7.3,7030.73,24334.96,29.5,45.2,0,0,0
PROP-004867,27,4.7,3300.06,4848.27,31.6,19.8,0,0,0
PROP-004868,34,0.9,2797.84,9693.84,44.1,22.1,0,1,0
PROP-004869,63,2.6,5363.76,5586.42,7.4,5.6,0,0,0
PROP-004870,39,0.4,2190.61,1205.25,28.4,41.2,0,4,0
PROP-004871,23,1.8,9101.73,8744.2,11.5,22.7,0,0,0
PROP-004872,40,4.5,14274.61,10929.63,28.0,68.4,0,2,0
PROP-004873,21,1.9,1940.35,2327.16,34.4,45.4,0,0,0
PROP-004874,23,1.3,6466.22,16660.29,65.9,25.5,1,2,0
PROP-004875,25,2.1,10914.06,22227.96,19.7,33.9,0,3,0
PROP-004876,32,0.1,3349.61,6462.59,37.6,28.7,0,1,0
PROP-004877,49,12.6,3125.0,4405.48,45.9,41.4,1,3,0
PROP-004878,44,1.5,3096.63,8125.92,13.8,42.7,0,4,0
PROP-004879,44,0.9,9336.15,12067.08,34.0,20.9,4,2,0
PROP-004880,24,1.5,9871.0,23669.43,30.5,74.0,1,2,0
PROP-004881,31,0.8,3805.71,2155.39,21.2,29.5,3,2,0
PROP-004882,41,0.4,11068.44,8343.25,21.0,83.7,1,3,1
PROP-004883,30,4.0,2158.52,7477.92,30.0,32.4,0,2,0
PROP-004884,34,4.3,6040.76,19932.28,29.5,19.4,1,4,0
PROP-004885,43,1.5,2645.58,2545.02,34.7,26.1,2,1,0
PROP-004886,33,0.2,4910.89,11956.84,11.6,78.2,1,1,0
PROP-004887,40,10.0,3600.95,2174.18,25.0,56.4,0,3,0
PROP-004888,57,1.3,2371.7,6623.04,4.1,25.2,2,1,0
PROP-004889,35,2.6,5433.03,3223.35,28.5,77.0,1,2,0
PROP-004890,52,1.9,2147.62,5679.05,9.5,13.5,0,3,0
PROP-004891,44,0.1,6848.09,22711.7,23.4,20.9,0,3,0
PROP-004892,20,1.4,6907.93,16086.82,52.4,60.8,0,4,0
PROP-004893,24,0.8,4761.05,3163.22,11.8,65.3,0,2,0
PROP-004894,27,2.0,3706.76,5200.97,41.6,54.3,2,1,0
PROP-004895,27,1.7,6872.73,17045.09,34.3,38.6,0,0,0
PROP-004896,36,3.8,7251.66,8415.04,18.8,34.6,0,2,0
PROP-004897,45,2.5,3321.85,2248.15,7.6,32.6,3,3,0
PROP-004898,53,1.7,4943.32,16942.58,21.2,74.6,0,1,0
PROP-004899,41,1.2,3488.8,10886.07,3.6,30.7,0,2,0
PROP-004900,32,7.0,5860.32,3846.51,19.2,39.0,1,1,0
PROP-004901,18,0.1,2855.91,3161.03,12.4,8.8,0,0,0
PROP-004902,38,0.1,5033.77,12332.48,22.1,13.2,1,1,0
PROP-004903,38,0.3,4177.07,12039.78,79.4,28.4,0,4,1
PROP-004904,40,3.7,7588.11,4303.0,14.9,5.3,1,0,0
PROP-004905,63,2.5,3208.16,10856.13,36.9,23.9,0,2,0
PROP-004906,52,0.1,5232.19,14268.9,4.7,77.4,0,2,0
PROP-004907,47,1.3,3449.97,4631.15,32.7,34.6,0,3,0
PROP-004908,26,5.6,1776.07,2517.49,9.0,27.0,0,3,0
PROP-004909,31,1.7,3816.9,7812.21,29.5,43.8,0,3,0
PROP-004910,36,4.8,6489.38,18180.63,51.9,17.6,0,3,1
PROP-004911,28,7.0,6615.21,15255.51,24.3,37.3,0,3,0
PROP-004912,44,13.1,3065.9,7529.94,20.5,34.9,1,5,0
PROP-004913,42,0.9,8018.61,25013.94,21.2,58.0,0,3,0
PROP-004914,24,1.2,9541.68,20867.38,12.8,18.8,2,1,0
PROP-004915,52,1.4,2551.03,5369.98,36.5,24.7,3,2,0
PROP-004916,39,5.0,4819.96,13661.34,14.0,53.2,0,2,0
PROP-004917,18,0.1,8421.68,19169.86,53.8,45.7,3,0,1
PROP-004918,37,2.9,9715.86,15558.8,27.2,44.1,0,1,0
PROP-004919,41,16.1,5049.78,10029.31,27.4,31.4,0,1,0
PROP-004920,49,3.5,8665.63,14775.3,8.8,39.7,0,1,0
PROP-004921,33,0.5,9726.62,22698.75,10.0,39.7,0,2,0
PROP-004922,47,0.2,6268.41,11316.74,3.0,19.1,0,0,0
PROP-004923,40,3.0,3770.8,9519.26,62.6,25.1,1,2,0
PROP-004924,22,0.7,5558.94,13703.21,15.7,9.3,0,3,0
PROP-004925,21,2.1,2973.2,4017.68,29.2,43.3,2,0,0
PROP-004926,51,5.3,3071.47,3951.46,31.2,40.7,0,4,0
PROP-004927,52,2.3,1767.0,2095.96,33.1,59.3,0,3,0
PROP-004928,41,2.4,7532.39,10499.38,48.4,39.7,0,0,0
PROP-004929,55,1.9,8395.82,28357.93,25.2,32.1,0,2,0
PROP-004930,50,7.3,1433.04,3014.27,47.1,24.6,0,1,0
PROP-004931,46,0.6,3345.8,8049.72,24.8,28.2,1,2,0
PROP-004932,27,0.3,3088.62,2646.45,36.8,55.1,3,2,0
PROP-004933,58,1.4,6053.06,20614.25,19.2,8.3,0,2,0
PROP-004934,44,4.3,4420.17,2818.09,37.2,33.6,0,1,0
PROP-004935,33,0.8,6556.45,6482.78,31.2,42.8,0,4,0
PROP-004936,29,1.1,4516.15,4478.21,14.5,6.1,0,1,0
PROP-004937,41,1.1,5221.31,6787.6,29.9,47.7,0,2,0
PROP-004938,18,0.1,4567.53,12677.33,16.3,20.3,1,0,0
PROP-004939,46,2.3,8978.65,6369.3,61.3,46.7,2,3,1
PROP-004940,26,0.8,2462.42,8414.53,33.5,84.4,2,3,0
PROP-004941,42,1.7,2830.3,7685.57,50.4,34.2,2,4,0
PROP-004942,31,1.3,2638.03,2367.79,13.8,23.5,0,3,0
PROP-004943,34,11.2,5795.89,5655.16,56.4,78.1,2,1,0
PROP-004944,28,3.2,1670.93,5245.58,6.0,30.0,0,0,0
PROP-004945,36,2.4,1412.0,2716.15,48.9,29.3,3,3,1
PROP-004946,60,14.1,6703.8,9955.9,16.7,74.9,2,6,1
PROP-004947,54,2.1,1940.88,1048.98,18.5,46.9,2,4,1
PROP-004948,42,13.5,2593.45,9063.38,25.2,71.1,0,4,0
PROP-004949,37,1.5,1961.39,3265.31,50.1,78.6,1,2,1
PROP-004950,48,15.8,2888.83,5101.24,33.0,15.7,3,4,0
PROP-004951,51,2.4,25765.38,16943.59,8.9,16.4,0,0,0
PROP-004952,28,0.5,3631.78,10455.56,23.6,14.7,0,4,0
PROP-004953,37,6.8,4384.81,6149.25,39.2,6.4,0,1,0
PROP-004954,18,0.1,2415.51,4671.24,16.6,35.8,0,3,0
PROP-004955,51,0.6,4142.36,8601.83,13.7,46.2,3,4,0
PROP-004956,62,0.9,7976.49,15253.05,25.1,80.7,3,2,1
PROP-004957,38,4.2,4728.88,14886.65,47.0,26.9,1,1,0
PROP-004958,18,0.1,14805.47,28032.77,52.9,37.3,0,4,0
PROP-004959,45,7.2,2798.5,2760.46,27.8,45.7,0,2,1
PROP-004960,27,5.3,1412.0,1718.7,15.5,32.9,3,2,0
PROP-004961,30,4.2,5661.11,8046.92,64.5,33.9,1,0,0
PROP-004962,45,1.6,5718.34,13515.57,48.3,23.9,0,4,0
PROP-004963,41,1.1,4629.9,3896.01,6.4,22.6,0,1,0
PROP-004964,32,2.3,1958.7,1004.91,14.9,58.7,2,1,0
PROP-004965,30,7.1,3200.47,6334.19,27.3,14.3,0,0,0
PROP-004966,39,6.1,5009.05,2969.58,15.6,19.5,1,1,0
PROP-004967,33,1.2,5163.95,13503.0,12.1,47.7,0,5,1
PROP-004968,24,2.3,6651.37,13662.21,13.6,33.8,1,1,0
PROP-004969,34,11.2,2453.25,7817.71,21.4,80.3,0,6,0
PROP-004970,42,11.7,1425.52,1031.79,24.8,30.5,2,2,0
PROP-004971,35,5.4,3990.49,9482.99,37.0,17.0,0,1,0
PROP-004972,21,2.1,6463.8,9581.34,8.9,52.5,1,1,0
PROP-004973,49,2.1,2011.87,2383.1,12.5,37.8,0,0,0
PROP-004974,18,0.1,11525.6,8645.74,35.6,30.9,0,3,0
PROP-004975,32,3.5,3620.1,5674.08,22.2,38.2,0,0,0
PROP-004976,30,0.2,8781.63,30333.29,21.7,15.0,5,1,1
PROP-004977,39,8.2,12880.02,16797.87,28.1,28.5,0,1,0
PROP-004978,44,9.5,1669.79,3978.06,24.5,24.9,0,0,0
PROP-004979,51,2.6,5964.14,16215.24,19.1,31.2,0,0,0
PROP-004980,29,6.5,13181.8,25441.07,32.1,70.1,3,6,1
PROP-004981,45,2.7,3391.32,3079.5,38.5,56.1,0,0,1
PROP-004982,40,10.0,14346.85,31174.5,39.6,39.1,0,2,0
PROP-004983,18,0.1,8076.36,26628.33,15.2,75.3,0,1,0
PROP-004984,60,0.6,3648.29,9762.71,15.1,6.1,0,1,0
PROP-004985,20,1.4,4350.95,11858.36,22.5,66.9,0,2,0
PROP-004986,43,1.8,1726.97,1244.36,72.9,72.2,1,5,1
PROP-004987,42,3.4,2955.15,7347.26,34.7,11.7,0,2,0
PROP-004988,41,3.8,6632.64,8355.72,27.7,34.1,0,2,0
PROP-004989,32,0.3,3772.41,4684.63,11.2,10.2,0,1,0
PROP-004990,47,2.6,5473.94,6233.71,31.9,71.5,0,4,1
PROP-004991,19,0.7,8894.11,21874.48,16.7,46.1,2,1,1
PROP-004992,37,10.3,8694.68,25653.77,19.4,81.2,0,2,0
PROP-004993,31,2.6,5631.36,9273.31,26.9,12.6,4,1,0
PROP-004994,29,3.7,3186.7,3385.27,27.1,49.1,0,2,0
PROP-004995,43,3.2,4953.76,14344.58,24.1,48.2,0,1,0
PROP-004996,50,8.3,5126.45,8401.65,22.5,38.0,0,1,0
PROP-004997,33,1.6,3030.3,5587.47,50.6,37.4,0,2,0
PROP-004998,47,6.8,5574.87,17063.7,31.5,24.6,0,2,1
PROP-004999,38,3.1,2738.62,7647.83,55.6,6.7,0,3,0
PROP-005000,27,6.3,4402.31,14630.76,37.5,37.7,0,1,0
